date,open,high,low,close,volume,rsi_7,rsi_14,cci_7,cci_14,sma_50,ema_50,sma_100,ema_100,macd,bollinger,TrueRange,atr_7,atr_14,next_day_close
2016-05-13,20.526531279465186,20.9074120533708,20.526531279465186,20.64512825012207,177571200,18.165817087384653,23.979977270157477,-121.63864313014307,-110.85453154593627,23.417778358459472,22.794850046731376,22.886906509399413,23.079896872285786,-0.8577379622629593,24.981911730892268,0.3808807739056128,0.45830176470278516,0.47316513928458914,21.411455154418945
2016-05-16,21.071627466161107,21.52777266813893,20.90285422864495,21.411455154418945,245039200,47.60529943926808,38.52905688484925,70.93199208058411,1.47217146242437,23.37897575378418,22.740599266640697,22.859025211334227,23.046858422427036,-0.7959582766562718,24.67277037557096,0.8826444180168593,0.5189221437476529,0.502413659194037,21.322507858276367
2016-05-17,21.56426600852928,21.59847550804325,21.21303397971981,21.322507858276367,187667600,45.39394278732816,37.62887125171155,83.41208440746631,57.38828776218663,23.343562927246094,22.6849878388617,22.83047992706299,23.012712866701282,-0.7455801502845567,24.34823197410569,0.38544152832344025,0.4998534844013368,0.4940585069889944,21.566539764404297
2016-05-18,21.475312136477346,21.7147872698688,21.413731573565634,21.566539764404297,168249600,52.46207072790918,41.65637239402666,110.7555743206306,136.6770756578846,23.31683921813965,22.64112713005945,22.801263561248778,22.98407577556669,-0.6781465356835845,23.961072994929538,0.3922794115924333,0.48448575971435065,0.48678857160352573,21.48444175720215
2016-05-19,21.584794274523496,21.584794274523496,21.34075662199251,21.48444175720215,121768400,49.92565661741472,40.704100605698194,69.66517995458355,84.66317054467088,23.28806522369385,22.595766919359164,22.77253391265869,22.95438005243076,-0.6241348947823226,23.580812261214216,0.24403765253098442,0.4501360301167269,0.46944922024120134,21.717079162597656
2016-05-20,21.58479660097207,21.764974212829756,21.557427255101015,21.717079162597656,128104000,56.82627447706247,44.57087727587607,90.37636957121414,131.343067514857,23.263717498779297,22.561308575956755,22.74885877609253,22.929879044711292,-0.5561474640756252,23.15715671302412,0.28053245562760765,0.42590694804685275,0.4559551656259447,21.993038177490234
2016-05-23,21.86531809404653,22.16637381934643,21.81970253563404,21.993038177490234,152074400,63.74133993493672,48.83334568179465,135.1924807347302,187.9837752237822,23.239946823120118,22.5390234622914,22.72361421585083,22.911327740409888,-0.4745292711478868,22.706669375865747,0.4492946567487728,0.4292480492899842,0.45547941499186095,22.328304290771484
2016-05-24,22.1732148781552,22.37163689455233,22.08654619048236,22.328304290771484,140560800,70.44987828458848,53.51075540786569,147.39414944374522,193.40384585452549,23.22170295715332,22.53075996536905,22.704924011230467,22.899782721605167,-0.3784307773826612,22.24218550127313,0.378598717062097,0.4220124304002861,0.44998793656830643,22.72059440612793
2016-05-25,22.50392437905157,22.74796200613963,22.3762042721811,22.72059440612793,152675200,76.40839475095608,58.31277343019093,135.44361441887918,190.31893792538511,23.201964988708497,22.53820445324195,22.69480131149292,22.89623443813037,-0.2675335348614425,22.39431491439469,0.419657715368146,0.4216760425385518,0.44782149219686646,22.90077018737793
2016-05-26,22.73427642676213,22.973753348456786,22.49708071824189,22.90077018737793,225324800,78.70885018349487,60.33909180739238,114.11874026469906,163.80867220397099,23.179528579711913,22.552422717325715,22.68627746582031,22.896324254947157,-0.16322641888485379,22.658304007293548,0.47667263021489603,0.4295326979208867,0.4498822877695829,22.8870849609375
2016-05-27,22.679539800682896,22.914454299236763,22.636205450056355,22.8870849609375,145364800,78.03456178001673,60.10013446394637,87.26556211107207,130.2028140324143,23.15758918762207,22.56554672687912,22.683569164276122,22.896141298630134,-0.08073588831856071,22.880180191796203,0.2782488491804074,0.4079207195293897,0.4376227564417846,22.775331497192383
2016-05-31,22.716032130014,22.898490918229356,22.5381357685348,22.775331497192383,169228800,72.14623894141573,58.07747384626157,58.06136195696062,99.1256380449167,23.132870712280273,22.573773580616898,22.684275283813477,22.893749025334337,-0.02410129437513575,23.044762390434293,0.3603551496945556,0.4011256381244134,0.4321036416741254,22.45602798461914
2016-06-01,22.583748083786627,22.702346810204308,22.426379173042644,22.45602798461914,116693200,57.64631669297861,52.62757637658915,-1.6708971812787343,66.0550597286425,23.101811408996582,22.569156106264042,22.691370792388916,22.885081281953838,-0.004926308164620252,23.130257058097595,0.34895232414973876,0.39367230755660276,0.42616426185095496,22.287254333496094
2016-06-02,22.25988499558797,22.314621931348405,22.03865429931745,22.287254333496094,160766400,51.28964984109209,49.958997978717186,-118.56795271163959,25.066493255032654,23.06370433807373,22.558101134782948,22.695628662109375,22.873243124558634,-0.003310455717027594,23.188669414595207,0.4173736853016905,0.39705821866304386,0.42553636352600754,22.33287048339844
2016-06-03,22.303221669284163,22.412695552210707,22.22567607382653,22.33287048339844,114019600,52.92644982369782,50.68682508385978,-88.92518429687297,28.767608809024715,23.029184494018555,22.54926856021885,22.696802825927733,22.86254267621883,0.0016321466853170818,23.24478478624731,0.1870194783841761,0.36705268433749133,0.4084994431587338,22.49479484558105
2016-06-06,22.34882855365824,23.23831184135101,22.248477815495967,22.49479484558105,93170000,58.67696703294202,53.28425454651879,27.42522132458676,69.11288464575391,22.999988670349122,22.547132336115407,22.69637201309204,22.855260540958675,0.01840299914974608,23.308378425762655,0.9898340258550427,0.45602144741142725,0.45002334192275584,22.586030960083008
2016-06-07,22.63620721418083,22.777612862996868,22.57006594651152,22.586030960083008,89638000,61.74866118494007,54.73109310926508,32.073805808893724,59.30146127936794,22.974793739318848,22.54865777234943,22.702648162841797,22.849929262129454,0.038610929739988364,23.37238750853596,0.282818017415817,0.4312781002691972,0.4380801044579745,22.56550407409668
2016-06-08,22.583748560036888,22.70690797542668,22.506204709637323,22.56550407409668,83392400,60.566914723364384,54.32344533979338,28.771438109622263,42.40955280851965,22.93789905548096,22.549318411633635,22.70391649246216,22.844297080188213,0.052365871009900644,23.42800994168792,0.2007032657893575,0.3983388382006487,0.4211246159816447,22.727434158325195
2016-06-09,22.46515032931192,22.804978004438173,22.456027216818192,22.727434158325195,106405600,66.47234105474189,57.04168262649496,67.71897709366016,49.64169469431758,22.89571937561035,22.556303342876443,22.712192821502686,22.841982962923595,0.07546327193179181,23.477778033150393,0.3489507876199802,0.3912834024034103,0.41596934252724005,22.540416717529297
2016-06-10,22.471994237737064,22.659013710439098,22.460591651142323,22.540416717529297,126851600,55.31127827226608,53.11058049600313,14.624875069116808,9.011206471826139,22.85238380432129,22.55568033796087,22.71965871810913,22.836011354103906,0.07778077570247177,23.40627010029004,0.26684250718287217,0.3735061316576192,0.4053174257169281,22.200580596923828
2016-06-13,22.508479923356937,22.60655118687557,22.14584367358134,22.200580596923828,152082000,40.791290777168804,46.79909530219838,-118.31255481149417,-98.12944579427504,22.797717514038087,22.541754857920203,22.723433113098146,22.823428566833012,0.05160065905624478,23.25817502908628,0.4607075132942313,0.38596347189142094,0.4092738605438783,22.227951049804688
2016-06-14,22.19602103123973,22.46058603084139,22.0660197442094,22.227951049804688,127727600,42.216618511649266,47.341861943269585,-132.63597273712966,-124.84762638764099,22.738475379943846,22.5294488262294,22.72858600616455,22.811636932832453,0.03268452790731402,23.21924904754567,0.3945662866319921,0.3871924454257883,0.40822331955017216,22.154970169067383
2016-06-15,22.31005959227909,22.444623318622156,22.129882046190804,22.154970169067383,117780800,39.27542283997951,45.994416941169725,-88.75029364301695,-103.17327239813135,22.68371307373047,22.514763388693634,22.721465091705323,22.798633630579676,0.011669887342559804,23.1465957973329,0.31474127243135186,0.3768422778551545,0.4015460304702564,22.24848747253418
2016-06-16,21.9976061680939,22.294101306038115,21.91093918841393,22.24848747253418,125307200,45.00345617859032,48.03540660592698,-92.04888858699078,-111.54134974924334,22.62560707092285,22.504321195903067,22.71974355697632,22.787739647252042,0.0025325049847033654,23.0985001902498,0.3831621176241846,0.3777451121078731,0.40023289383839417,21.742164611816406
2016-06-17,22.03637851841525,22.043220419024696,21.73532271120696,21.742164611816406,244032800,28.20063330077511,39.36183894765012,-156.56646257090102,-174.57959061464715,22.568346405029295,22.474432702409473,22.71171878814697,22.767035191104803,-0.045045700908307396,23.05335778659809,0.5131647613272214,0.3970907762820657,0.40829945580188187,21.689706802368164
2016-06-20,21.89497251773313,22.024973847454927,21.673741787842893,21.689706802368164,137647600,26.982894025258844,38.58448939162398,-121.70585781563105,-159.6300086153199,22.509492607116698,22.44365913770197,22.717982807159423,22.745701955684275,-0.08599340028578695,23.057698369550113,0.35123205961203396,0.3905395310434897,0.4042232132168927,21.874441146850582
2016-06-21,21.65321047429848,21.97479189497669,21.59391111854967,21.874441146850582,142185600,37.98501416991138,42.8638063575237,-78.59259285214134,-128.95060738046257,22.452701416015625,22.421336863550938,22.724583549499513,22.72844926640044,-0.10235830650275801,23.06785448969831,0.3808807764270199,0.3891597089554226,0.40255589630333033,21.79233741760254
2016-06-22,21.951987540053324,22.097953863452847,21.74672185400529,21.79233741760254,116876400,35.23233719166615,41.48043242741235,-41.77868746211771,-95.68268013832514,22.387830085754395,22.396670218611785,22.723035507202148,22.70991239810741,-0.12056292303438454,23.0887186929295,0.35123200944755695,0.3837414661685847,0.3988899043850608,21.91777992248535
2016-06-23,21.88128920563629,21.96111428004623,21.72391853033089,21.91777992248535,128960800,42.64150345723189,44.431273462462826,-33.82128922804179,-83.1868410476663,22.318213272094727,22.377890206998984,22.724793605804443,22.69422660651093,-0.12344505328321986,23.053187577245748,0.23719574971533675,0.36280636381812065,0.3873403219086519,21.30198097229004
2016-06-24,21.1902258866374,21.589352932595517,21.130926524022275,21.30198097229004,301245600,25.76265652234939,35.079788459336285,-225.39868933473525,-162.10845432754869,22.236008529663085,22.33569768799079,22.724790344238283,22.666657386031307,-0.173419914282551,23.047459391108926,0.7868533984630766,0.4233845116245429,0.4158769702339679,20.99180030822754
2016-06-27,21.2107497745126,21.222154099445905,20.868640907181756,20.99180030822754,181958400,20.900858087331116,31.485128964854454,-155.70004575612194,-178.6447810029415,22.15780128479004,22.28299582996086,22.717469024658204,22.633491899342125,-0.23534146901598518,23.063974467164556,0.4333400651082826,0.4248067335507914,0.4171243341535618,21.34531593322754
2016-06-28,21.187947006729196,21.361282687277768,21.014611326180614,21.34531593322754,161779600,36.76756777139774,39.13958413119365,-69.75570834550999,-122.65700046074306,22.097409553527832,22.246224069304652,22.711937370300294,22.607983464369557,-0.25297287692376713,23.007703120004418,0.36948237905022907,0.41690325433642533,0.4137213373604666,21.530054092407227
2016-06-29,21.431982803418443,21.56426533090208,21.354437213493046,21.530054092407227,146124000,43.65793899297731,42.739694234276314,-9.112352079157029,-71.23999494911952,22.043296928405763,22.21813897217142,22.714101715087892,22.586638328291095,-0.24916682908876453,22.97277872579186,0.21894939767454247,0.38862413195615636,0.39980905595432914,21.803741455078125
2016-06-30,21.539178128823707,21.84251338167521,21.50724810220776,21.803741455078125,143345600,52.5876799903586,47.67768875402,52.061409162145445,-14.554217308424818,21.993660774230957,22.201888089148152,22.716758689880372,22.57113541991064,-0.22151276462788871,22.945529589764238,0.3352652794674498,0.381001438743484,0.39519878620526633,21.86988067626953
2016-07-01,21.778651291589384,22.00216319705296,21.74216058175079,21.86988067626953,104106000,54.6156582527599,48.82619578823271,90.85304454538117,28.654462636490408,21.950606575012205,22.18886819060389,22.72012243270874,22.55724918736329,-0.19204604958911276,22.911552211657906,0.2600026153021666,0.3637158925375815,0.38554191685504496,21.664613723754883
2016-07-05,21.755843103078664,21.75812431607707,21.543735535674536,21.664613723754883,110820800,47.29143858163753,45.48888485505813,50.826071686422615,-13.92095938104882,21.904761772155762,22.16830919190393,22.72306568145752,22.539573237588865,-0.1831456046785398,22.848362384192008,0.32614514059499555,0.3583486422600692,0.38129928997932716,21.78777313232422
2016-07-06,21.57566556484717,21.817423681146657,21.523209846255547,21.78777313232422,123796400,51.81472302059158,47.79453289446758,50.22681759371477,11.156924052884843,21.864100608825684,22.153386209175313,22.728532638549805,22.524686106791545,-0.16426051006582654,22.760108812900825,0.2942138348911101,0.3491865269216464,0.37507890033016883,21.881290435791016
2016-07-07,21.82655174735586,22.00901056202728,21.80830725793369,21.881290435791016,100558400,55.21909328690159,49.539815825895985,98.08784971971004,75.645840717638,21.82861946105957,22.142715786689653,22.73427740097046,22.5119455984549,-0.14013251133127014,22.669785806124523,0.22123742970306282,0.3309080844618488,0.3640902238568041,22.0500602722168
2016-07-08,22.00672591897257,22.09795531209181,21.906375152591764,22.0500602722168,115648400,61.01788454921664,52.618373922436085,119.53785318850362,103.96541144757227,21.826119689941407,22.139082237102482,22.735702514648438,22.50279935437098,-0.10616873606844734,22.539054083277275,0.21666487630079345,0.3145876261531266,0.35355984188851763,22.118492126464844
2016-07-11,22.06603463767025,22.271300424171542,22.061473949106524,22.118492126464844,95179600,63.26797380768383,53.84790112201577,135.87136751259783,125.49207991941923,21.838544731140136,22.13827478178336,22.734456806182862,22.495189310254023,-0.07289008917244999,22.454439727911314,0.221240151954742,0.30125227269621446,0.3441084354646765,22.21883201599121
2016-07-12,22.161813866654303,22.28269206483961,22.15041128082042,22.21883201599121,96670000,66.56897814362335,55.664583350315624,112.80418917188915,124.51125074412303,21.857918434143066,22.141433889007196,22.738431015014648,22.489716888585452,-0.037982097264112724,22.45761051462322,0.16419993837476454,0.28167336779315016,0.33125782852968283,22.093393325805664
2016-07-13,22.21655273826332,22.275850361255056,22.08654968617815,22.093393325805664,103568800,58.85482959475509,52.86313266119161,64.60158735788025,96.22505662749973,21.875236892700194,22.139549945352233,22.74164957046509,22.48186889724328,-0.02020619174087912,22.436010697247532,0.1893006750769075,0.2684772688336869,0.3211180318544846,22.531295776367188
2016-07-14,22.211993739980777,22.576909607255484,22.196028725164265,22.531295776367188,155676000,72.0474320120077,60.36273518203891,131.901325493674,133.7768203060497,21.89433120727539,22.15491252696066,22.74734296798706,22.48284764732494,0.028883458975858645,22.515045627143266,0.48351628144981973,0.2991971277788487,0.33271790682558,22.52901077270508
2016-07-15,22.560940796966456,22.647609497152324,22.465150724182323,22.52901077270508,120548000,71.90707324770925,60.30881485318108,136.0040702086338,134.5629824052279,21.917868270874024,22.16958304640162,22.757978076934815,22.483761768619598,0.06683257580964863,22.572981692872737,0.18245877297000135,0.2825202199490134,0.32198511155018156,22.768489837646484
2016-07-18,22.510766666065777,22.836910578908,22.48795975231194,22.768489837646484,145975600,77.31154645695062,63.94399975932751,121.87826395274992,143.29364814421695,21.94792839050293,22.19306958723475,22.767811584472657,22.489399948204287,0.11490690812991389,22.726727611935058,0.34895082659605947,0.29201030661287714,0.32391123405345856,22.777610778808597
2016-07-19,22.706907090842087,22.80725958985531,22.656730841335477,22.777610778808597,95119600,77.50384832497507,64.07893903634205,102.43048567547815,132.97944746612444,21.980542678833007,22.215992771218037,22.77624008178711,22.495107093364766,0.15199009932106478,22.860023697601072,0.15052874851983233,0.2717986554567279,0.3115267708010567,22.79813575744629
2016-07-20,22.8072588698009,22.91217205179529,22.74795950952381,22.79813575744629,105104000,77.9935355030067,64.40180079123729,94.79453457797331,126.20805546024094,22.013248252868653,22.23882190793287,22.784533863067626,22.50110766097034,0.18094912092259463,22.97804518832984,0.16421254227148196,0.25642921071597846,0.301004325906087,22.67726325988769
2016-07-21,22.76849266629292,23.03533724448185,22.60884077006973,22.67726325988769,130808000,67.84669630245881,60.9286891201761,63.41921662156623,97.64917186004156,22.040662689208986,22.256015686440904,22.792117652893065,22.50459589065187,0.19193346429891633,23.061593098701966,0.4264964744121187,0.28072453410114134,0.30996805079937495,22.50164604187012
2016-07-22,22.63848926900573,22.64761238282225,22.42181923098964,22.50164604187012,113254800,55.58810822907942,56.18752570464281,-66.26456212302118,41.97556711404101,22.06871566772461,22.265648249398915,22.789240264892577,22.504537477804707,0.18434280466016872,23.109044220305073,0.25544402889805085,0.2771130333578427,0.30607347780642324,22.200580596923828
2016-07-25,22.40812744718286,22.54268941291135,22.10479054606062,22.200580596923828,161531600,40.83246981064363,49.12949004093178,-152.16932072758658,-16.458961768104512,22.1006457901001,22.263096576752833,22.782853565216065,22.49851852966845,0.1522783172590536,23.095123119688807,0.43789886685073043,0.300082438142541,0.31548957702387376,22.047775268554688
2016-07-26,22.08198650260001,22.3442703102066,21.99075712516437,22.047775268554688,224959200,35.286151609840275,45.97296849574763,-133.56874269697983,-65.02224147227183,22.12869873046875,22.25465260388232,22.77323854446411,22.489592920537483,0.11323160358760731,23.006692646356488,0.3535131850422282,0.3077154019853534,0.3182055490251848,23.48007583618164
2016-07-27,23.78113162886701,23.799377856316067,23.434462007615014,23.48007583618164,369379200,73.96233542501537,67.22764505682437,179.49019871380682,231.6764781153522,22.170071144104003,22.302708416913667,22.77452344894409,22.509206443619544,0.19560665549517253,23.208678460483657,1.7516025877613792,0.5139849999533571,0.4205910517920558,23.797096252441406
2016-07-28,23.4527078502848,23.822184379758244,23.450426636877086,23.797096252441406,159479200,77.44345419346145,70.03735385314587,125.27471584489159,194.63447172340742,22.219562911987303,22.361311861444165,22.7815629196167,22.534709212111064,0.28320575608740484,23.473643429177816,0.37175774288115804,0.49366682037161436,0.4171029582984202,23.76744270324707
2016-07-29,23.76288201739625,23.84498828315612,23.64656451756051,23.76744270324707,110934800,76.32980803925221,69.43766920888972,86.70232415414071,161.9158535297596,22.26358097076416,22.41645424739722,22.790210094451904,22.559119776291976,0.34624458874003494,23.693158008603067,0.19842376559561004,0.45148924111789945,0.4014830159625052,24.187101364135746
2016-08-01,23.813062417100653,24.209908277480626,23.813062417100653,24.187101364135746,152671600,80.87143277757636,72.96555739258105,86.21015815756161,155.40793155067436,22.31763416290283,22.485891389230105,22.80284969329834,22.5913570354572,0.42516522443631644,23.984233529833105,0.44246557423355526,0.45020014584870743,0.4044103415532945,23.82902336120605
2016-08-02,24.18709723374647,24.191657919614244,23.719547759767256,23.82902336120605,135266400,67.90201774016171,65.96827205850454,58.33303937284933,106.57042965693164,22.359873046875,22.538563231268377,22.811795272827148,22.615865279531434,0.45358781656366887,24.122885351287113,0.4721101598469879,0.45333014784846176,0.40924604285998684,24.127805709838867
2016-08-03,23.904293748533902,24.1392082982378,23.895170633781024,24.127805709838867,120810400,72.236381899763,68.66823908733375,71.32091152122142,100.38569269858762,22.40256839752197,22.600886465722123,22.821257610321044,22.645804693992964,0.4945216266220349,24.303415069158014,0.31018493703174954,0.4328808320175029,0.4021702495865413,24.27684783935547
2016-08-04,24.21034828408122,24.3066572608997,24.14155515807838,24.27684783935547,109634800,74.25925947773561,69.94901164580261,117.05997546346514,100.97445383110473,22.441539268493653,22.666610441158724,22.831621112823488,22.678102578059548,0.5328461020808,24.48642274498252,0.17885155106083417,0.3965909347379788,0.3862189139775622,24.646041870117188
2016-08-05,24.36857745625727,24.685023837541912,24.347940561555625,24.646041870117188,162213600,78.73658752519584,72.90379710120726,158.54434025376895,113.12644623532981,22.480048217773437,22.744235203078663,22.841006603240967,22.71707167295178,0.5862514559388217,24.727703529157427,0.4081759981864437,0.3982459438020452,0.38778727713533945,24.850122451782227
2016-08-08,24.655209143470145,24.850122451782227,24.572659826944943,24.850122451782227,112148800,80.88121546766529,74.40211175583653,134.40066196442345,115.9488487462674,22.519035263061525,22.826819016753312,22.84928192138672,22.759310302235548,0.6376922615622433,24.974968092521664,0.277462624837284,0.3809911839499365,0.37990694482833554,24.951017379760746
2016-08-09,24.81801999229191,24.98082855670486,24.76757192313929,24.951017379760746,105260800,81.93229694180287,75.13417695991522,110.4752696631638,115.55608195860768,22.560313911437987,22.91012091334184,22.85895154953003,22.802710442384562,0.6787763370140709,25.205233537672648,0.213256633565571,0.35702910532359855,0.36800335116670946,24.765275955200195
2016-08-10,24.928084503856724,24.971653604723272,24.710242498488057,24.765275955200195,96034000,73.279708218919,71.1027732867172,69.70390365830416,96.76816642464895,22.600112800598144,22.98287209145393,22.86649175643921,22.841573125806654,0.6884123926080932,25.344740014573258,0.26141110623521513,0.3433693911681152,0.3603896193858884,24.749223709106445
2016-08-11,24.884514650575184,24.97853181286932,24.73087864092973,24.749223709106445,109938000,72.50765257386752,70.74946515330439,57.41435036600014,88.83433468481486,22.64597671508789,23.052140782342267,22.873894062042236,22.879348384881897,0.6868363322870046,25.481403135039994,0.24765317193958936,0.3296956455640401,0.352337015996867,24.806549072265625
2016-08-12,24.714825487012305,24.866169665102568,24.714825487012305,24.806549072265625,74641600,73.6637045287873,71.29796371500586,38.10373456609076,78.44305025400789,22.696362609863282,23.120941107437304,22.880033473968506,22.91751077473108,0.6823472959650942,25.601150927708012,0.15134417809026246,0.30421686449635754,0.3379803847178238,25.104656219482425
2016-08-15,24.797382398693795,25.11841414820292,24.7836244699733,25.104656219482425,103472800,79.01684540536804,74.02566254393591,147.51832820952882,95.2996325650665,22.75179832458496,23.198733856929273,22.89049140930176,22.960820585518235,0.6948348342832844,25.761197786127084,0.3347896782296189,0.30858440931539494,0.3377524771115235,25.081722259521484
2016-08-16,25.13904929117566,25.276635566731414,25.042740297872363,25.081722259521484,135177600,77.60113152001692,73.44736509942513,154.97707883868677,101.81144699176697,22.80353687286377,23.27257653938387,22.901762771606446,23.002818638468792,0.6948706827774807,25.889396517366016,0.233895268859051,0.2979145321073458,0.33033410509348976,25.04503059387207
2016-08-17,25.017512992462944,25.079427158262995,24.843238349169017,25.04503059387207,101424000,75.0899797667737,72.47190012723725,43.59278469620027,73.10987660006423,22.852716865539552,23.342084541520663,22.9137553024292,23.043258479169847,0.6840530445057169,25.98632889111556,0.23848391035246763,0.2894244432852204,0.32377337689770247,25.0129337310791
2016-08-18,25.04733030390077,25.13217320078088,24.99917405226101,25.0129337310791,87938800,72.68939039232264,71.57636028769255,61.12605462065857,77.03238340115419,22.9016654586792,23.407608039150404,22.91978225708008,23.082261949504684,0.6652217770955673,26.04004097644405,0.13299914851986827,0.26707797260445576,0.31014664629928573,25.077133178710938
2016-08-19,24.94184049417361,25.15280526924121,24.847825085818176,25.077133178710938,101472400,74.58537616278392,72.31331303513666,36.876486338472056,68.20910349142126,22.948659439086914,23.473079613250817,22.922189407348633,23.121764350083023,0.6480083836127157,26.04508729471495,0.3049801834230337,0.2724925741499669,0.30977761323669634,24.882226943969727
2016-08-22,24.962484443662618,25.0175179078117,24.730882730706888,24.882226943969727,103280800,59.86502753048895,66.6623832330041,-84.14515500818104,27.270400994339315,22.995495643615723,23.528340292886856,22.923939723968505,23.15662499550652,0.6115893200372469,25.90905785559587,0.34625044800404936,0.2830294132719787,0.3123828157200787,24.960189819335938
2016-08-23,24.90056921515845,25.06796492129755,24.886811287072188,24.960189819335938,85030800,63.249825294249874,67.74806907367699,-43.809292768602724,49.30515124292103,23.050687828063964,23.58449125470839,22.924202671051024,23.19233915043383,0.5823054475211578,25.593463437869765,0.18573797732782182,0.2691306367085277,0.3033367558349175,24.77215385437012
2016-08-24,24.895980438764266,24.937255966895645,24.69189636897076,24.77215385437012,94700400,51.118963381982304,62.46435124803678,-145.36635100934978,-52.29373714008444,23.101571884155273,23.63106625861669,22.92002363204956,23.22362260991772,0.5377262630452222,25.52984972312805,0.26829345036517793,0.26901103865947773,0.30083366258707894,24.666667938232425
2016-08-25,24.62539241746317,24.737752876981038,24.4625839048405,24.666667938232425,100344800,45.41785504083731,59.65362979428076,-158.83054554039802,-162.06328890411427,23.151805839538575,23.671678089189857,22.91775945663452,23.25219776493385,0.4882567860226601,25.486717167414316,0.3095699495296209,0.2748051687837839,0.30145768308297477,24.5222110748291
2016-08-26,24.629986171859084,24.753811017933824,24.377745838605023,24.5222110748291,111065200,38.54904681673027,55.94130029212558,-122.81494489894078,-172.7616417890925,23.19728031158447,23.705032323920808,22.911443691253663,23.277346543347615,0.4324108444255472,25.413864222194942,0.37606517932880124,0.2892708845759292,0.3067867899576767,24.49468994140625
2016-08-29,24.44882902350309,24.63686158607705,24.37315693442919,24.49468994140625,99881200,37.29537273383271,55.23604711415586,-99.23964782211783,-153.5873246926234,23.25233081817627,23.735999289312392,22.910338611602782,23.301452353210163,0.3815337246171495,25.39468593155994,0.26370465164785983,0.285618565586205,0.30370949436411837,24.306655883789062
2016-08-30,24.260794968706698,24.421309920976743,24.19200184660138,24.306655883789062,99455600,29.61756340752501,50.54721569374043,-124.64358430596378,-179.65064249610316,23.30466979980469,23.75837797929187,22.90708120346069,23.321357373617666,0.3223249027964634,25.312975053260985,0.30268809480487135,0.28805706976030027,0.3036365372527436,24.32958984375
2016-08-31,24.22869546614797,24.437364934138508,24.22410832429032,24.32958984375,118649600,31.62063627221869,51.09252695569365,-91.70310457812587,-131.83867178950462,23.353772773742676,23.78077844456474,22.90323709487915,23.341322373026227,0.2740924961498301,25.28321659474145,0.2132566098481874,0.2773712897728556,0.29718082815241814,24.47406005859375
2016-09-01,24.33876733793436,24.49011155940259,24.219527867566185,24.47406005859375,106806000,43.44886770144582,54.4964734626794,-52.683739260632834,-92.3050817107042,23.4074072265625,23.807965958840384,22.897618656158446,23.363752822245385,0.24470470185695703,25.262121938892943,0.2705836918364035,0.27640163292479103,0.2952810327012742,24.7033634185791
2016-09-02,24.696482705725742,24.765275838403014,24.494692199078216,24.7033634185791,107210000,57.16836743616275,59.334322354513205,99.44062770809202,-19.989683547763992,23.463118896484374,23.84307958471249,22.89066608428955,23.390279764747042,0.2371834250524607,25.262590543302576,0.2912157798092636,0.2785179396225728,0.29499065749470205,24.696483612060547
2016-09-06,24.74234628535585,24.83406988246435,24.65291625928264,24.696483612060547,107521600,56.6869820491128,59.13119221429516,119.5004685224808,8.408055542307935,23.531008949279784,23.876546409314376,22.883508739471434,23.41614518746612,0.22803892532606085,25.254948507841128,0.1811536231817108,0.26460875155959257,0.28685944075805975,24.847827911376957
2016-09-07,24.726294888240822,24.939551508860745,24.552020227969837,24.847827911376957,169457200,64.38394735604646,62.197158354624555,101.6236350058555,30.793939044516375,23.608129501342773,23.914635879983496,22.882965393066407,23.44449534041485,0.23034874656479687,25.24414137462569,0.38753128089090794,0.28216911289263763,0.2940502864818346,24.19659423828125
2016-09-08,24.59329809148723,24.59788348452929,24.13238823879873,24.19659423828125,212008000,34.02758301082292,46.1526204209111,-67.57472917483437,-106.97983648227589,23.66515506744385,23.925693070504977,22.88128231048584,23.459388387897352,0.17758311410813832,25.275950656964106,0.7154396725782277,0.34406490713343624,0.3241495283458627,23.648542404174805
2016-09-09,23.99479810571713,24.2424512597798,23.648542404174805,23.648542404174805,186228000,23.260081083172437,37.40718937435505,-159.91122548081995,-204.63706749899242,23.707524833679198,23.914824416923402,22.87541088104248,23.463134011982053,0.09049954505687552,25.399510865255614,0.5939088556049938,0.37975689977223015,0.3434180517215149,24.17825126647949
2016-09-12,23.53848133469469,24.242457266891048,23.510963727597325,24.17825126647949,181171200,43.44124089950668,47.718882988444264,-93.1078949024331,-135.9724662581766,23.755015029907227,23.925154881611878,22.87433790206909,23.477294749694874,0.06349632133951388,25.397818530315025,0.731493539293723,0.43000499113244345,0.3711377294052441,24.75381088256836
2016-09-13,24.6529164993006,24.94643061331975,24.59100232711968,24.75381088256836,248704800,57.582051636263884,56.16837953630807,64.72951078860272,83.39005191695853,23.812693634033202,23.95765119537488,22.881650104522706,23.502572296880487,0.08752993228782557,25.352748445839477,0.7681793468402631,0.47831561337641765,0.39949784493631685,25.629770278930664
2016-09-14,24.93267506632283,25.91869902790144,24.90286388817397,25.629770278930664,443554800,70.62327359869326,65.34746361467714,141.25626545884015,230.15357173772608,23.891996765136717,24.023224492769224,22.89837926864624,23.544695029198312,0.1752392951931725,25.481062318890398,1.1648881453330802,0.5763974036559408,0.4541685806789428,26.501134872436523
2016-09-15,26.109018263549984,26.537825005177208,26.024173643698507,26.501134872436523,359934400,78.348606508088,71.69703454657922,161.55722423223307,274.2217798619098,23.986263999938966,24.12039744883461,22.925182304382325,23.60323839243075,0.3114709938722662,25.87352498273487,0.9080547262465437,0.6237770211688841,0.4865890196480572,26.352094650268555
2016-09-16,26.39795733426044,26.62955732786002,26.150304089151813,26.352094650268555,319547600,74.44214923822814,69.35613645885842,100.28185496726486,191.727011696671,24.075680084228516,24.207914986145745,22.95214977264404,23.657671189615655,0.4027664552413768,26.138436483518927,0.4792532387082069,0.6031307665316445,0.4860650352952107,26.04482078552246
2016-09-19,26.41400705674264,26.64102164139004,25.969148674145867,26.04482078552246,188092000,66.4704755891672,64.66822831429867,66.1528462537411,127.22714984343644,24.15557529449463,24.279950507689932,22.990847492218016,23.704941478643512,0.44519243200106473,26.28944744386852,0.6718729672441732,0.6129510809191486,0.4993370304344223,26.04252243041992
2016-09-20,25.923282980942165,26.16864259288088,25.799456389475605,26.04252243041992,138057200,66.40841840854,64.63303785300243,36.97730873038645,86.02407293608628,24.23405590057373,24.349070975247972,23.036300315856934,23.751230210361854,0.4731753947874999,26.43880122726388,0.36918620340527397,0.5781275269885952,0.4900405427894831,26.037931442260746
2016-09-21,26.106722811970585,26.13882580106485,25.78339935052643,26.037931442260746,144012800,66.26424726053581,64.5574670206432,15.768008629949454,70.80561287790384,24.31043788909912,24.415300797483766,23.084178161621093,23.7965114228747,0.4893408236156027,26.570325217296244,0.35542645053842037,0.5463130874957131,0.4804252504858358,26.28329086303711
2016-09-22,26.22137670619449,26.35666937336348,26.14111923388154,26.28329086303711,124296000,70.28636156488452,66.79217759002967,46.30426224572099,79.71905564040102,24.39423583984375,24.48855530985841,23.134736366271973,23.845754580105638,0.5160023433164653,26.742452099585787,0.31873793110273496,0.5138023508681447,0.46887615624418577,25.845319747924805
2016-09-23,26.23743644977777,26.322281089744948,25.579323220417336,25.845319747924805,209924800,56.30626310768132,59.57172943546881,-99.37545793370037,45.377955885566145,24.4605163192749,24.541761758410033,23.177423763275147,23.885349929963443,0.49607276303534675,26.827562960820902,0.7429578693276113,0.5465388535052114,0.48845342146443044,25.88430404663086
2016-09-26,25.599962422747524,26.00125169616866,25.57932552843741,25.88430404663086,119477600,57.190503469338545,59.9863734551328,-100.79118052170081,32.747165956532086,24.52762218475342,24.594410475595165,23.22274522781372,23.92493317979844,0.47791502723569224,26.907378669655333,0.42192616773125025,0.5287370412517883,0.4837014747692033,25.932456970214844
2016-09-27,25.91182007716152,25.95309561275045,25.76047586350802,25.932456970214844,98429600,58.4035762638502,60.52492934035352,-67.19563850228245,33.05549344107236,24.590901527404785,24.646882887148877,23.269414958953856,23.964686126143317,0.4620838147186035,26.981749890131752,0.19261974924242864,0.48072028525045124,0.46290992294586225,26.12965583801269
2016-09-28,26.070036994964525,26.28787897802316,26.010416402434487,26.12965583801269,118564400,63.36364351993624,62.73684673855875,81.92682041342758,51.46729795497902,24.657942428588868,24.70503084600628,23.319242553710936,24.00755681350707,0.460145494482898,27.059943826394715,0.3554220078083148,0.462820531330146,0.4552322147217517,25.72378158569336
2016-09-29,25.948504283486425,26.095261321011,25.63664514137623,25.72378158569336,143548000,49.25927967931009,55.80582459810289,-78.91610031627208,4.829193513929613,24.716455345153808,24.744981855405776,23.36485179901123,24.041541462461254,0.4210056109851976,27.07513668706371,0.49301069663646047,0.467133412088191,0.45793067771565943,25.92328453063965
2016-09-30,25.787991825595345,25.996663061508404,25.63664937107699,25.92328453063965,145516400,55.00309658074498,58.247561874713675,-49.42882059524203,-16.642897311250646,24.781375770568847,24.791189803454166,23.411019229888915,24.07880370143508,0.4014574401951343,27.1069272111049,0.36001369043141196,0.4518305947086511,0.45093660719535605,25.801740646362305
2016-10-03,25.84530973507185,25.923275380684643,25.746707205006047,25.801740646362305,86807200,50.90715829933882,56.20997663032721,-60.245938752119926,-58.04551885791659,24.84737766265869,24.830819248274093,23.45804666519165,24.112921264700965,0.37187109977401533,27.128995129552337,0.17657732563360184,0.4125086991265012,0.43133951565523077,25.911813735961918
2016-10-04,25.92557166129725,26.212206768995948,25.82696911426963,25.911813735961918,118947200,54.48801450055998,57.654671950480854,58.57176846613744,-18.669530822773908,24.92160232543945,24.873211188967733,23.511124057769777,24.14854289779524,0.3532338305258236,27.151643689775568,0.41046612263364324,0.4122169024846643,0.42984855901083163,25.92328453063965
2016-10-05,26.00354202542076,26.0631626284648,25.84073346472703,25.92328453063965,85812400,54.88806909731492,57.810878272359716,16.467505259086924,-28.075350845801736,24.99911251068115,24.91439053569997,23.56390562057495,24.183686296465428,0.3355215737896984,27.17427720933951,0.22242916373776822,0.38510436837796486,0.41503288791989856,26.115901947021484
2016-10-06,26.072332843886414,26.21908990241469,25.941627283963356,26.115901947021484,115117200,61.51527816169538,60.44924187935113,90.11999384867873,63.23142795358455,25.05182903289795,24.961508630261598,23.610950088500978,24.221947992516043,0.3331863337928276,27.131918350701515,0.2958053717750424,0.37234736886326164,0.40651663676669453,26.15488624572754
2016-10-07,26.212213281510376,26.269540317293217,26.02876781669467,26.15488624572754,97433600,62.80548436235009,60.981090632539576,125.21998595124896,103.94611231953554,25.098984832763673,25.008307752436732,23.65927387237549,24.260223997530133,0.3306695931360153,26.888092235906154,0.2407725005985455,0.3535509591111593,0.394677769897541,26.611207962036133
2016-10-10,26.375019129437028,26.771722945858716,26.306227743291117,26.611207962036133,144944000,74.48628614450996,66.63657777235227,186.55250453306192,226.56272443603729,25.155860137939452,25.07116658418573,23.709720554351808,24.306778135441142,0.3613312056815232,26.721450501386265,0.6168367001311772,0.39116320782830477,0.4105462649142293,26.668535232543945
2016-10-11,26.989565203085945,27.216581503017665,26.645603020806263,26.668535232543945,256164000,75.6089782206904,67.27823983169392,149.1773391267728,225.4549279994232,25.205488815307618,25.13380849196448,23.761561489105226,24.353545602710504,0.3858092176516301,26.629833201876163,0.6053735409815317,0.4217646839930515,0.4244624989190366,26.90701103210449
2016-10-12,26.909304602909817,27.05376982245271,26.771720095782907,26.90701103210449,150347200,79.90123901378699,69.87389219860154,103.56761864613803,184.52902569314176,25.267048568725585,25.203345846479777,23.813460807800293,24.40410927457969,0.419614171523051,26.76336141048295,0.3852345899087659,0.4165460991238678,0.42166050541830297,26.824462890625
2016-10-13,26.78089379084409,26.92994440897911,26.53553418849209,26.824462890625,140769600,74.59968857380298,67.86703524578645,57.01132331686438,115.2949480664391,25.320981712341307,25.266919063897237,23.86177505493164,24.452037068956823,0.43473256943508076,26.830818136337555,0.39441022048702123,0.41338383074717544,0.41971405649464,26.97351455688477
2016-10-14,27.030841589076168,27.097341156356052,26.85886049250196,26.97351455688477,142608800,77.714602774112,69.56670548357462,81.51343396019452,121.66515495148688,25.374915046691896,25.33384437734773,23.908227157592773,24.501967316242524,0.4535134121796389,26.94700514286586,0.2728782657310518,0.39331160717344343,0.40922578572581225,26.95516967773437
2016-10-17,26.904721612405524,27.021667491687403,26.778601449083403,26.95516967773437,94499600,76.36981547788406,69.08237275100305,57.83281412833483,91.99937664378683,25.421097602844238,25.39742576167662,23.95057291030884,24.55054558082652,0.4615960944868327,27.059135592738986,0.24306604260399922,0.37184795509209423,0.39735723264568273,26.936824798583984
2016-10-18,27.09963335180484,27.106512315401456,26.932237656531512,26.936824798583984,98214000,74.85855544127793,68.56826960994276,83.86885306464994,87.29638066501604,25.462831649780274,25.45779435135926,23.990933456420898,24.597798634643496,0.4612049168239274,27.15318546131682,0.17427465886994398,0.3436231984889299,0.38142276309027284,26.856569290161133
2016-10-19,26.88637871777449,27.003326355996805,26.09526635508276,26.856569290161133,80138400,67.99138064745372,66.24561399972552,-147.81736688339302,30.30266821418128,25.50094268798828,25.512648270527965,24.030628299713136,24.642526766435925,0.4492403932899265,27.221640366708048,0.9080600009140447,0.42425702740680343,0.4190397086491137,26.842803955078125
2016-10-20,26.79694303772596,26.916182472530696,26.67541003220906,26.842803955078125,96503200,66.76577908007953,65.83370003545184,-32.27010301372547,49.361301238031515,25.54249324798584,25.56481123854954,24.071303024291993,24.68609661175557,0.4336488407903971,27.27777659851762,0.24077244032163492,0.39804494353749365,0.4063063323400081,26.73732566833496
2016-10-21,26.78548016220353,26.808412373125577,26.663947142037795,26.73732566833496,92770800,57.49991878631528,62.62057659520366,-60.91605333009887,29.32554829671893,25.582255287170412,25.610792196580345,24.11411600112915,24.726715008915555,0.4080771475444145,27.307493425424507,0.17885681304032985,0.36673235346647026,0.39005993810431683,26.978103637695312
2016-10-24,26.851983458018925,26.99874053101564,26.829052993391123,26.978103637695312,94154800,68.96898920316093,66.62499006440822,45.93276724287674,66.18149817885183,25.625686378479003,25.66441225309466,24.161024494171144,24.771296961960697,0.4025992526990194,27.36531166345424,0.2614148626806774,0.35168699763992844,0.3808710041454854,27.115686416625977
2016-10-25,27.04689327772115,27.1409104509256,26.900136214240906,27.115686416625977,192516000,73.70031750281782,68.68910470649183,102.21804088144862,95.0850216591266,25.665906982421873,25.721324965390007,24.208852653503417,24.817720515518424,0.40469469348755993,27.437012175284302,0.24077423668469322,0.33584231750346627,0.37086409218400024,26.50572395324707
2016-10-26,26.212209848398757,26.530947985646417,25.98290173530075,26.50572395324707,264536800,41.204911414301066,53.03025537644241,-164.27366728325117,-144.32705714811723,25.694387016296385,25.752085710011855,24.248961944580078,24.851146326166514,0.3530665409755649,27.43984532648975,1.1327846813252265,0.44969122662086064,0.4252869914083735,26.251197814941406
2016-10-27,26.459867321974247,26.5676424325276,26.16405959816261,26.251197814941406,138248000,33.923310045271435,48.10245410257505,-112.1319712552118,-165.48049523296945,25.718510360717772,25.771658733734583,24.28561361312866,24.878870118023443,0.2882895040033162,27.40067476053643,0.40358283436498965,0.4431043134414505,0.4237366944767032,26.07691764831543
2016-10-28,26.11131421352364,26.41858623055785,26.01500348104425,26.07691764831543,151446800,29.726798501744454,45.01774998423349,-102.32502987198755,-178.95725887476186,25.7397900390625,25.783629671561282,24.32072774887085,24.90259383149457,0.2203502223824927,27.388129530687735,0.40358274951359974,0.4374583757374718,0.42229712697933863,26.035642623901367
2016-10-31,26.06086665557682,26.193865777232485,25.95767695795487,26.035642623901367,105677600,28.744308307047632,44.293300056302414,-90.7396725448375,-154.4260845564858,25.75896022796631,25.793512532437365,24.35380983352661,24.925030441245198,0.16131773230030078,27.362694917618445,0.23618881927761493,0.4087055819574923,0.40900367642921553,25.565561294555664
2016-11-01,26.01729856178367,26.088383517719134,25.345425713722733,25.565561294555664,175303200,19.97311979092055,36.99196417985932,-129.55971747694562,-178.97369646490046,25.772626914978026,25.78457326820671,24.384061279296876,24.93771422051867,0.07572946186302687,27.41411850863234,0.7429578039964007,0.45645589939162207,0.43285754268401444,25.5884952545166
2016-11-02,25.544927896284744,25.762769935891,25.505945931215383,25.5884952545166,113326800,21.3393285625595,37.532974866691205,-109.43516051688847,-143.47072754272156,25.78519302368164,25.77688393433651,24.417940425872803,24.950600973667147,0.009639600498928758,27.456505822065406,0.25682400467561806,0.4279370572893358,0.42028371854055757,25.314210891723636
2016-11-03,25.57926944281683,25.689901445652826,25.24967526365864,25.314210891723636,107730400,17.23409054936718,33.79552185071398,-108.82128724463719,-142.1813163638936,25.79603416442871,25.758739893449732,24.44880302429199,24.957801170064304,-0.06413029247920221,27.546451105337944,0.4402261819941842,0.4296926465328856,0.42170818021581663,25.08603286743164
2016-11-04,25.014582948234988,25.411018161450443,24.91777949155612,25.08603286743164,123348000,14.522529351729673,31.027514781117517,-118.70662857781751,-147.75927893341606,25.804421463012694,25.73235922576275,24.478113651275635,24.960340411596327,-0.13939862318930096,27.65317673376981,0.4932386698943212,0.4387706498702335,0.4268175009071384,25.44789695739746
2016-11-07,25.37183634410256,25.47094514851172,25.22893474565132,25.44789695739746,130240000,33.795099634492516,39.49160060475894,-59.955438563424394,-98.5906412160679,25.82293518066406,25.7212038426896,24.510107746124266,24.969994996661697,-0.16791429821345716,27.666435052443195,0.38491228108008,0.4310765971859259,0.4238242709194914,25.59771156311035
2016-11-08,25.424847488786884,25.749832792577863,25.284251234326657,25.59771156311035,97016800,40.296990247679055,42.630508247449725,-1.0917123439809624,-67.07553621871017,25.844995613098146,25.716361008196298,24.548663215637205,24.98242502768048,-0.1763910631104011,27.64967141243301,0.4655815582512055,0.4360058773381087,0.4268069343003281,25.55622673034668
2016-11-09,25.325741274327616,25.6576408937037,24.90395422624573,25.55622673034668,236705600,39.057796431238955,41.98107237741942,-36.72887301002362,-76.15649062176574,25.869987030029296,25.71008123259435,24.587328414916993,24.993787437634264,-0.18433157995256622,27.595260188612187,0.7536866674579699,0.48138884735523174,0.4501554866687311,24.84402656555176
2016-11-10,25.60462748625908,25.60462748625908,24.39227530004007,24.84402656555176,228538000,24.170586090409273,32.75543230856172,-153.46101781306228,-112.88827358764554,25.88027576446533,25.676118304475033,24.617024269104004,24.99082187581085,-0.24526582618060644,27.604340300847298,1.212352186219011,0.5858121814786289,0.5045981080651797,24.99153709411621
2016-11-11,24.68960172118756,25.092951253527417,24.558225086706862,24.99153709411621,136575600,30.56568790527342,35.89755546344105,-111.08824373270119,-113.30934978386179,25.89062530517578,25.649271982500178,24.64901626586914,24.99083603854957,-0.27844405868256317,27.540891845277116,0.5347261668205547,0.5785141793846184,0.5067501122619922,24.36461067199707
2016-11-14,24.825581457788623,24.848629645385405,23.98892011462399,24.36461067199707,204702000,21.552948716241858,29.5728846713819,-153.3189324709958,-168.66649856693354,25.88385025024414,25.598893107578487,24.67348457336426,24.978435536241598,-0.3512764732769824,27.526037190923226,1.0026169794922204,0.6391002936857043,0.5421691742070085,24.68729591369629
2016-11-15,24.562833563595227,24.81867254572557,24.46833544646895,24.68729591369629,129058000,33.35366155642049,35.83890802186393,-70.49745211431838,-114.74637239628545,25.883666496276856,25.56314419801448,24.70733772277832,24.972670395201096,-0.37859448282906527,27.432211418622856,0.4540618737284987,0.6126662336918178,0.5358757956014006,25.35109138488769
2016-11-16,24.592794126175125,25.406409152941595,24.569745935384784,25.35109138488769,235362000,51.0321349708098,46.403005727336556,26.68842270350875,-34.59443895885929,25.89373176574707,25.554828401421275,24.75093063354492,24.980163880145383,-0.34273066944486885,27.296076408679678,0.8366632175568114,0.6446658028153883,0.5573606114553585,25.341873168945312
2016-11-17,25.309605348348004,25.43406769570805,25.08373060416685,25.341873168945312,110528000,50.813756835857816,46.289023809411056,85.53962097534716,7.432916119585499,25.916637344360353,25.546477215833985,24.7908962059021,24.98732644031964,-0.31146183379800974,27.144955656951403,0.3503370915411992,0.6026188440619328,0.5425732171757758,25.36721992492676
2016-11-18,25.288855741133737,25.477853679152997,25.27502718127941,25.36721992492676,113715600,51.47981197853327,46.67687544487734,107.57109464203779,39.24435235190283,25.95101089477539,25.53944751815135,24.829267864227294,24.994849083579187,-0.2813920722437153,26.997182533325507,0.20282649787358764,0.545505651749312,0.5183055943684767,25.752140045166016
2016-11-21,25.381058330811054,25.81206499593885,25.35570479069008,25.752140045166016,117058400,60.868206041821914,52.3089961953602,113.83060767860371,100.48929245132325,25.98248867034912,25.547788401563686,24.868751850128174,25.00984494420467,-0.22392051645138977,26.788718599333826,0.45636020524877097,0.5327705879635204,0.5138809237170692,25.76826858520508
2016-11-22,25.80283998865094,25.91116840868547,25.676074072933307,25.76826858520508,103862000,61.234880948902465,52.53521930794661,103.31064668385702,126.41313340022468,26.002777824401857,25.556434683275114,24.907735729217528,25.02486323412547,-0.17505453630954193,26.499860252366112,0.2350943357521622,0.4902454090761835,0.4939675960052901,25.63689422607422
2016-11-23,25.6668566978442,25.70142986278753,25.429456994878407,25.63689422607422,109705600,56.228009030618765,50.43654022107775,56.52764904694198,77.99142980515335,26.002920303344727,25.559589959463317,24.947458534240724,25.036982659708613,-0.14525430659848126,26.34562288193713,0.3388115903266744,0.46861200639768225,0.4828850241711033,25.76596450805664
2016-11-25,25.61384329154509,25.78440376311213,25.572355846902315,25.76596450805664,45903600,59.97877857450193,52.446459758002725,67.02349788792608,89.60225104793827,25.98821689605713,25.567683079015996,24.987240447998047,25.051417943834316,-0.10995502371402921,26.256497988122376,0.21204791620981567,0.43195999351370135,0.46353951645958275,25.71525382995605
2016-11-28,25.68298601736579,25.92269102408197,25.673766391130872,25.71525382995605,108776000,57.71199470371162,51.56174653350916,78.01763147949086,91.11080733970066,25.97548007965088,25.573470167288157,25.025580081939697,25.064563208906034,-0.08509113795543755,26.194884474560364,0.24892463295109835,0.40581208486190096,0.4482098819232624,25.689903259277344
2016-11-29,25.53317311214173,25.82127987095984,25.369528684148737,25.689903259277344,114115200,56.467351065869586,51.09770088256954,-10.310053569259766,61.83546639924643,25.968381729125976,25.578036170895576,25.061978511810302,25.076946180200515,-0.06666345374908289,26.13507939122962,0.45175118681110504,0.41237481371178725,0.448462832272394,25.47325325012207
2016-11-30,25.72217797857552,25.860468908228132,25.415631882894765,25.47325325012207,144649200,46.474083165434024,47.18902427711181,-83.45680600302633,49.06064641548427,25.956996345520018,25.573927036747598,25.095526123046874,25.084793844951434,-0.06874873376220236,26.1268256148906,0.4448370253333671,0.41701227251487005,0.4482038460624635,25.23584747314453
2016-12-01,25.43867576277433,25.570052378346286,25.1298243937763,25.23584747314453,148347600,37.89933996709704,43.281943518410095,-187.03707602284834,-4.999313360629441,25.940954666137696,25.560669014645516,25.12569627761841,25.08778500590575,-0.08853739138023897,26.104164879604824,0.4402279845699866,0.42032880280845814,0.44763414167014376,25.330352783203125
2016-12-02,25.16209762117116,25.3741438254999,25.088342343210527,25.330352783203125,106112000,42.80065965287105,45.22611491256181,-127.25388474513201,-21.72909503478045,25.921895904541017,25.551637005569344,25.15806587219238,25.09258832822847,-0.09549346715744278,26.10485440985949,0.2858014822893722,0.4011106141628744,0.43607466600008865,25.14826202392578
2016-12-05,25.35339388834527,25.36030816896057,24.950044440121594,25.14826202392578,137298000,36.35131703250003,42.222956593631,-106.37811385263554,-69.90247344381685,25.907954750061034,25.535818378838226,25.18423553466797,25.093690777648217,-0.11438089801176332,26.104087367295172,0.4102637288389772,0.4024182019737462,0.4342310276314378,25.341873168945312
2016-12-06,25.23815542537744,25.43637304245481,25.16670550240688,25.341873168945312,104782000,46.37488733438678,46.30563163374334,-39.93006337676015,-48.585779524978584,25.897106132507325,25.528212684332622,25.212364158630372,25.09860528044618,-0.11243049297570451,26.097535280472105,0.28811101852902965,0.3860886043387867,0.42379388412412294,25.59079360961914
2016-12-07,25.1828352264756,25.62767211757953,25.15978703823238,25.59079360961914,119994800,56.62158067847443,51.09077718578395,33.06496687491885,-11.397534042808397,25.89027286529541,25.53066683826543,25.2405871963501,25.10835158399416,-0.0897642374324441,26.09673433564294,0.4678850793471483,0.39777381505426695,0.4269432552114819,25.84202766418457
2016-12-08,25.551615523052224,25.91347758648894,25.49168881744554,25.84202766418457,108273200,64.58901159326746,55.41000823274767,139.26235882904578,83.29623288840473,25.88452030181885,25.542877066732846,25.271231365203857,25.12287982320585,-0.050941357797231746,26.13685455905067,0.42178876904340257,0.40120452276700064,0.4265750776280477,26.26381492614746
2016-12-09,25.88581894894453,26.436679004446276,25.88581894894453,26.26381492614746,137610400,73.95780896893861,61.54931569348261,170.94900023722028,203.33790608556666,25.895320968627928,25.571149139651066,25.30588815689087,25.145472597521525,0.013702803643894867,26.263212803969516,0.5946513402617057,0.42883978240910137,0.4385805249590233,26.11400032043457
2016-12-12,26.111694973729435,26.505824854021338,25.92730592353313,26.11400032043457,105497600,66.65051177122209,58.4699579074449,103.39149470730382,156.83387796719782,25.899135284423828,25.59243742125042,25.34025552749634,25.164651364311883,0.052242758691679825,26.343794388411737,0.5785189304882081,0.4502225178489737,0.44857612535396507,26.54961585998535
2016-12-13,26.23845913893912,26.717869230371825,26.217716295383603,26.54961585998535,174935200,75.02234249679188,64.094999653007,109.64143925361027,185.61038773606015,25.91409278869629,25.629973830612574,25.38073522567749,25.19207640383017,0.11659247866545286,26.407587124070165,0.6038689099372547,0.4721720024330139,0.4596684671099143,26.54961585998535
2016-12-14,26.515042695595305,26.782404866052342,26.501214133224963,26.54961585998535,136127200,75.02234249679188,64.094999653007,96.1923393505357,159.45037235761808,25.92684883117676,25.666038223921312,25.424225578308107,25.21895837325899,0.16568023672279253,26.488465400849623,0.2811907328273797,0.4448889639179233,0.4469200575183047,26.6948184967041
2016-12-15,26.593404359746792,26.90456105114508,26.558832957115,26.6948184967041,186098000,77.57624504710449,65.88146368200485,98.977585825134,135.0385340888094,25.942279510498047,25.706382548344166,25.4706960105896,25.248183326198497,0.21383432887949283,26.65047414407868,0.3549451911597288,0.4320398535238955,0.4403504242069779,26.729389190673828
2016-12-16,26.844631878046943,26.85154615793511,26.65563394109359,26.729389190673828,177404400,78.19551337105058,66.31124016034161,81.62503736453348,110.43966195895024,25.954549255371095,25.746500455886505,25.50318914413452,25.27751413539603,0.2518828116678904,26.79231277882593,0.1959122168415206,0.3983073339978419,0.4228905522523024,26.88382339477539
2016-12-19,26.69021645617561,27.05438213951297,26.67869148001228,26.88382339477539,111117600,80.93897540922804,68.2361294188383,99.59021126372984,104.8173885645455,25.96912799835205,25.791101355450774,25.53405641555786,25.309322239542155,0.29114195478749494,26.94661623211656,0.375690659500691,0.39507638049824895,0.419519131341473,26.955265045166016
2016-12-20,26.906863325380527,27.08203271017368,26.89303476500294,26.955265045166016,85700000,82.15102697388478,69.11526778456513,108.91583565894946,100.24889159719827,25.97600914001465,25.836754833478825,25.56593463897705,25.341915166386194,0.3242817347011133,27.099521083221866,0.1982093153982909,0.3669525140553978,0.4037112873455314,26.980621337890625
2016-12-21,26.92069639781568,27.05898729112849,26.91608570490892,26.980621337890625,95132800,82.60893895016264,69.43857572193023,96.01394985370742,91.23358873195971,25.98225086212158,25.881612343455757,25.5938698387146,25.374364793544697,0.3485731555949272,27.238605922494568,0.14290158621956905,0.3349452386502794,0.38508202297939126,26.803157806396484
2016-12-22,26.816986373068826,26.853864895481376,26.65334188640878,26.803157806396484,104343600,68.30130220572545,64.36049122478852,-24.141937993284834,58.107826757132834,25.98017379760742,25.91775138121814,25.623611183166503,25.402657724492258,0.3494759169669628,27.32846055683823,0.32727945148184645,0.33385012619764615,0.3809532678724238,26.856163024902344
2016-12-23,26.641811492731268,26.856163024902344,26.641811492731268,26.856163024902344,56998000,70.10551687419208,65.17957326038496,-36.98609113435647,53.511930033536004,25.98080780029297,25.954551837833204,25.65089475631714,25.431440007668694,0.3504289136268035,27.41765976085479,0.21435153217107583,0.3167788984795647,0.3690531438937561,27.026723861694336
2016-12-27,26.85616336574068,27.151186213418192,26.84924908372231,27.026723861694336,73187600,75.36863129387653,67.74816725402835,90.68486801441,83.69695307525711,25.98187198638916,25.99659779955325,25.678393516540527,25.46302978695633,0.360788064216905,27.523733397469947,0.30193712969588304,0.3146586457961816,0.36425914287962236,26.911481857299805
2016-12-28,27.08664953465647,27.20189226061112,26.782408808474774,26.911481857299805,83623600,66.18360401357974,64.29698306953941,43.69877844773024,74.08583753365818,25.980998229980468,26.03247560573939,25.701047916412353,25.491712006171053,0.3555995685826119,27.597182653341548,0.4194834521363475,0.329633618130491,0.36820373639795984,26.904560089111328
2016-12-29,26.840022703423617,26.992143903420143,26.828499489113067,26.904560089111328,60158000,65.62320124605874,64.08581733631308,-4.861048395417783,57.52226264748736,25.980352935791014,26.06667499724417,25.721592292785644,25.519689195932244,0.34692992732039585,27.64471353802876,0.16364441430707544,0.3059208747271459,0.35359235624861096,26.6948184967041
2016-12-30,26.88612179743211,27.01288771016473,26.6049293329334,26.6948184967041,122345200,50.50504255088397,57.88239259877896,-80.87197214891115,-0.1173757878402737,25.977117919921874,26.091308075654364,25.73903030395508,25.54295908307624,0.31945233289363273,27.62362086801687,0.4079583772313313,0.3204976607991724,0.35747564346166244,26.770883560180664
2017-01-03,26.690214009824704,26.812371008715772,26.45050894700677,26.770883560180664,115127600,54.901021953591325,59.41666569609523,-105.64064989355414,-68.39131235985901,25.975679512023927,26.117958094655396,25.759086380004884,25.567274419256528,0.30035168895748043,27.598339620780223,0.3618620617090009,0.32640686092914795,0.3577889590507581,26.740915298461918
2017-01-04,26.70173320254576,26.85385441040477,26.67868501426944,26.740915298461918,84472400,52.747641103100115,58.51229370177647,-51.95449222647938,-41.17203675679428,25.975751304626463,26.14238778892232,25.779003295898438,25.590514832706138,0.27957335515008097,27.49965735917367,0.1751693961353311,0.3048015088157455,0.344744704556799,26.876909255981445
2017-01-05,26.71787372809349,26.93453062017685,26.69252018717036,26.876909255981445,88774400,60.872678767845805,61.384669921943704,-7.8919791275587015,-4.627265209630773,25.973727416992187,26.171192552336404,25.799706897735597,25.61598798960268,0.2709565334774666,27.399969580116846,0.2420104330064916,0.2958313551287093,0.3374065423032056,27.17653465270996
2017-01-06,26.916085022469183,27.23415600333469,26.84463511040302,27.17653465270996,127007600,72.86565611087784,66.83309019934879,137.32839465887054,139.1191680887514,25.97494438171387,26.21061773274321,25.82042568206787,25.646889903723615,0.28501937967267565,27.345821707024246,0.3895208929316709,0.3092155748148467,0.34112899591952456,27.425460815429688
2017-01-09,27.185755757283022,27.52687496730904,27.183452169077967,27.425460815429688,134247600,79.08057375744406,70.5506895611559,170.90330834567806,235.27427497927272,25.99333911895752,26.258258637946604,25.843863067626952,25.68210912969799,0.31264655272437025,27.3602452109255,0.3503403145990802,0.3150905376411658,0.3417869472537785,27.4531192779541
2017-01-10,27.374753318580197,27.51534956935505,27.266426645287005,27.4531192779541,97848400,79.68377651088173,70.94044192212654,108.4730303349529,186.2809574454991,26.017377548217773,26.3051159179469,25.867943954467773,25.71717863758425,0.332935223177369,27.43356653659347,0.24892292406804373,0.30563802141643404,0.33515380274051176,27.60062599182129
2017-01-11,27.367835251002603,27.64211343317052,27.335567436449203,27.60062599182129,110354400,82.77423314514499,72.99327652040488,97.59100603104284,171.40402252585002,26.04785171508789,26.355920234569425,25.893820877075196,25.754474624796863,0.35680368890428227,27.48976072078,0.3065459967213151,0.30576773217427416,0.3331103880248549,27.485389709472656
2017-01-12,27.404720154261422,27.496914685273296,27.24568463222756,27.485389709472656,108344800,72.69538801685533,68.89844081586092,52.75508838927461,106.227905712719,26.076846656799315,26.400213155153864,25.917903442382812,25.788750171028067,0.36224527697699216,27.55780981795177,0.3549413595937274,0.3127925360913389,0.3346697431369172,27.43698501586914
2017-01-13,27.453118925170525,27.57066698348872,27.38397259475647,27.43698501586914,104447600,68.60187106773766,67.1932913347201,55.539468500043434,99.12356314144114,26.114275131225586,26.440870875181915,25.943451023101808,25.821388484787295,0.3585191350715462,27.600682352335262,0.1866943887322492,0.2947785150400404,0.3241000749651552,27.658252716064453
2017-01-17,27.275646042762677,27.713568729126564,27.247988915463797,27.658252716064453,137759200,75.85331619865151,70.7561810514894,94.47749516554958,97.7731658174035,26.155670280456544,26.488611339530248,25.97043165206909,25.857762033921496,0.36916508960483796,27.691164216979754,0.46557981366276735,0.3191787005575728,0.3342057705864132,27.655946731567383
2017-01-18,27.658252078277247,27.773494795270068,27.591411091405693,27.655946731567383,94852000,75.64091219177158,70.67004239093177,155.55724066789313,106.40380985547705,26.202504997253417,26.53438919804151,25.999269580841066,25.89336965169666,0.3731149744262581,27.766846506413845,0.18208370386437522,0.2995937010299731,0.3233399086776962,27.607542037963867
2017-01-19,27.519958215498,27.678991952121173,27.513043934574924,27.607542037963867,102389200,70.78671124948553,68.7772867707545,71.35368191679395,78.81278598078121,26.252935180664064,26.576473623136504,26.028678321838377,25.927313659345515,0.36809624795128926,27.827592301590826,0.1659480175462491,0.28050146053229824,0.3120976307397357,27.658252716064453
2017-01-20,27.761970460363955,27.761970460363955,27.596022421177626,27.658252716064453,130391600,72.91144975018952,69.6930803945084,97.36800570952376,83.77508096216624,26.297142295837403,26.61889633266309,26.060038738250732,25.96158968027064,0.364014664516521,27.89086109510697,0.16594803918632905,0.2641366860543027,0.30165837420020664,27.676687240600582
2017-01-23,27.65824798657816,27.84494059777907,27.605235570879703,27.676687240600582,88200800,73.72203025940848,70.037135112194,90.3686323257762,86.49019859347524,26.338721809387206,26.660378329052797,26.091858711242676,25.99555200819797,0.35813908783385173,27.94994859792103,0.23970502689936524,0.26064644903216877,0.2972331351072894,27.651336669921875
2017-01-24,27.554533213623724,27.681299142072,27.54300823900832,27.651336669921875,92844000,70.34491641459415,68.87912113735351,13.349213796894912,65.15769829389674,26.38062400817871,26.69923944045943,26.125305519104003,26.028339823281613,0.3474320909162678,27.988863554909674,0.1382909030636803,0.2431670853223847,0.28588011853274586,28.09156036376953
2017-01-25,27.75505188545677,28.1422674339267,27.722784069622943,28.09156036376953,129510400,84.61929344406981,76.2292980307482,217.00967570233558,166.23706620045843,26.445574684143068,26.753840260981395,26.1629252243042,26.0691956755685,0.37020163767334324,28.109405634318257,0.49093076400482616,0.2785618965627335,0.30052659320932307,28.10538673400879
2017-01-26,28.043154699029163,28.2206294196382,28.0270207933796,28.10538673400879,105350400,84.88587046442014,76.41768541608322,143.94135131321823,193.37812571962826,26.507851676940916,26.80684208345306,26.19923849105835,26.10951629058712,0.3849251623861676,28.2201231701674,0.19360862625860165,0.26642571509071467,0.29288959556998584,28.10769844055176
2017-01-27,28.151491236448933,28.19989296737849,28.02702888900249,28.10769844055176,82251600,84.93679593983987,76.45128904297758,90.72425745165116,160.49206756049472,26.582713432312012,26.857856058241243,26.233281841278075,26.149084253952758,0.3922584855476643,28.308068305001036,0.17286407837599782,0.25305976698861227,0.28431634434184383,28.033937454223636
2017-01-30,27.87259838402467,28.033937454223636,27.810368102223347,28.033937454223636,121510000,75.47069552018772,72.88265035509455,27.780942869175618,87.51927365412247,26.64964626312256,26.90397689729938,26.266656379699707,26.186408079700698,0.3876497172001798,28.365075247656176,0.2973303383284147,0.2593841343228697,0.2852459153408846,27.969411849975582
2017-01-31,27.923315458673883,27.978631479928847,27.801158439106224,27.969411849975582,196804000,67.763072311441,69.81262621324282,-0.6586141320154206,59.63557827512114,26.702012672424317,26.945758660149426,26.297872219085694,26.221715085052676,0.37447385656398424,28.369581895155747,0.23277901511741206,0.2555834030078043,0.28149827961063656,29.674991607666016
2017-02-01,29.278556486970555,30.076037420535425,29.27394755326044,29.674991607666016,447940000,92.23095653842122,86.27262445830758,233.33333333333303,343.3503074624642,26.78867504119873,27.052787403189292,26.35265619277954,26.290096798371753,0.49594102498028647,28.863471255765162,2.1066255705598422,0.5200179983723812,0.41186451467843693,29.624290466308597
2017-02-02,29.4975245416064,29.8225080662792,29.45142640297126,29.624290466308597,134841600,89.86542948774081,84.79251995190174,114.55726372577566,221.18101280268365,26.873816452026368,27.15363066056652,26.412413673400877,26.3561204353606,0.5814113248565107,29.19463120377503,0.37108166330794035,0.498741379077461,0.4089514538662586,29.75106239318848
2017-02-03,29.57358761144041,29.7764159334382,29.539016200613,29.75106239318848,98029200,90.57089203098651,85.4640313484434,79.71322816891609,158.04267713639524,26.953794898986818,27.25549072851248,26.468141784667967,26.423347008782937,0.6518623251960385,29.49706624411142,0.2373997328252031,0.4614068581842813,0.3966977595061832,30.02994537353516
2017-02-06,29.762584945408168,30.07834886168069,29.70957076388482,30.02994537353516,107383600,92.00010963082853,86.84065150312874,74.41166098052058,134.3459381580711,27.03902843475342,27.364292871454545,26.520903129577636,26.49476479818397,0.7218774227524243,29.832104828959174,0.3687780977958717,0.44817417812879423,0.3947034979554466,30.315746307373047
2017-02-07,30.08756448077676,30.44481757686772,30.066821637521187,30.315746307373047,152735200,93.22745806259275,88.0859043525224,83.84295306861921,125.00330233160568,27.132605476379396,27.48003614345135,26.56776288986206,26.57042779836593,0.7913049677223896,30.189264612796986,0.4148722033325605,0.4434167531579037,0.3961441197680976,30.43330192565918
2017-02-08,30.27426989505373,30.47479114180842,30.24430565655313,30.43330192565918,92016400,93.69187760277596,88.56521342419484,99.16841282482882,107.8211393821832,27.225952224731444,27.595850487851656,26.607084560394288,26.646920355342033,0.8460597036422257,30.514091654250805,0.23048548525529,0.41299800060038744,0.3843113601600399,30.65321159362793
2017-02-09,30.474967338846795,30.660155853876027,30.35228069822757,30.65321159362793,113399600,94.51305520323017,89.42249487527923,108.23523920203301,100.48847159453327,27.32471138000488,27.71574700180367,26.650095729827882,26.72625285511007,0.8968596588174726,30.84152190906061,0.3078751556484569,0.3979804513215402,0.3788516312663554,30.583763122558597
2017-02-10,30.66247061965281,30.77358230731125,30.567561027276486,30.583763122558597,80262000,90.1874370020844,87.19913087353876,92.32222238461853,92.73805142955422,27.422588577270506,27.82821822222543,26.69548515319824,26.802639197039742,0.9208995216322329,31.097285040816192,0.20602128003476494,0.3705577125662866,0.36650660617838465,30.85459518432617
2017-02-13,30.80598537365048,30.977285329204832,30.729594996126632,30.85459518432617,92141600,91.87855485216551,88.40942478149351,110.40502357248315,96.84513615643779,27.53021541595459,27.946899671719578,26.743605880737306,26.882875949263237,0.9508444273787369,31.360267624138064,0.39352220664623516,0.3738383545777078,0.36843629192608823,31.25506591796875
2017-02-14,30.89626391809632,31.271268010618112,30.84533700032468,31.25506591796875,132904800,93.73977866734563,89.92613589386026,134.01993842761723,108.10048124244389,27.650599784851075,28.07663168137641,26.795777225494383,26.969453968445524,0.995416085249861,31.671437572264495,0.42593101029343217,0.381280162537097,0.37254305752375566,31.36849021911621
2017-02-15,31.370807326693743,31.544420850551944,31.16246897875819,31.36849021911621,142492400,94.18047076035805,90.3127848452079,129.54482353085996,112.21997532388987,27.771362533569334,28.20572417305248,26.846629219055174,27.056563597171674,1.0280412191692037,31.950938402046592,0.3819518717937527,0.38137612100233353,0.3732151156858983,31.33146858215332
2017-02-16,31.40554188021347,31.45878239433586,31.213409075484,31.33146858215332,90338400,91.72172248933849,89.11056433817565,90.54634462972354,100.33422376750667,27.895026664733887,28.328302385174084,26.90149070739746,27.141215181032695,1.0389333591013425,32.165922920483695,0.24537331885185765,0.3619471492665513,0.36408355876918114,31.417102813720703
2017-02-17,31.273583434369908,31.442566271235464,31.273583434369908,31.417102813720703,88792800,92.26655707927495,89.4600660112095,75.83384607858989,98.63122668755017,28.016531257629396,28.449431813744543,26.95681869506836,27.22588622326414,1.0424586113201997,32.34975174305654,0.16898283686555615,0.334380818923552,0.35014779291892223,31.643957138061523
2017-02-21,31.53515904870679,31.65553207926065,31.477287874887303,31.643957138061523,98028800,93.57372265613785,90.34419701892367,102.60596672159089,113.61958705705248,28.137594528198242,28.574707316658934,27.013933696746825,27.313372776032406,1.0514373321078025,32.52295790014169,0.2384292655399456,0.32067345415446535,0.3421678981061382,31.738866806030277
2017-02-22,31.581455376037606,31.741180381406583,31.50738211005811,31.738866806030277,83347600,94.06349966665978,90.69584157866939,114.35945369852774,104.68672268377834,28.255531311035156,28.698792002516633,27.070025806427,27.40100632118088,1.0540608921969294,32.64930404589156,0.23379827134847275,0.30826271375360925,0.33442721048059065,31.604602813720703
2017-02-23,31.8013662029468,31.824512551447835,31.55136232677486,31.604602813720703,83152800,83.55356947183569,85.92839335874787,86.53873703335294,92.60240254666004,28.362347068786622,28.812745367661893,27.128834018707277,27.484245855686616,1.03339378014865,32.74566999832996,0.2731502246729747,0.3032466438849472,0.3300502829229038,31.634708404541016
2017-02-24,31.46109483314036,31.634708404541016,31.315258302867115,31.634708404541016,87106400,84.02062955392547,86.10476822055995,14.069945670170334,68.2088414271833,28.47276123046875,28.92341058479441,27.185948257446288,27.566433232891654,1.0078266166418075,32.794869130574526,0.3194501016739011,0.30556142356908345,0.3292931271194036,31.69719696044922
2017-02-27,31.7458102995898,31.815256413143743,31.54673332456239,31.69719696044922,81029600,85.04882692417588,86.48346905352372,79.06673875763946,83.12357469479763,28.575712852478027,29.0321865210946,27.244902820587157,27.648230534427448,0.9812950016403263,32.79076512070893,0.2685230885813539,0.3002702328565507,0.3249524100809715,31.71108627319336
2017-02-28,31.731919045809484,31.81525366844975,31.643953740751492,31.71108627319336,93931600,85.29420312887787,86.57107561711967,88.20423201695745,82.50256440439045,28.678942260742186,29.13724141333377,27.302895545959473,27.7286831233139,0.9504332541328324,32.69000627190212,0.1712999276982572,0.28184590354822303,0.31397723276792044,32.3592414855957
2017-03-01,31.91942201159624,32.442576110710704,31.852293009336645,32.3592414855957,145658400,92.23360215340553,89.87052392981023,233.33333333333584,162.13630994775212,28.79223072052002,29.26359435734404,27.367255115509032,27.82037734830958,0.9671273634381627,32.552637719174726,0.7314898375173442,0.3460807512580975,0.34379956167859355,32.1671142578125
2017-03-02,32.40785678261157,32.472672213602706,32.12081449381077,32.1671142578125,104844000,79.29375950667459,83.33441789802342,121.63353952523866,151.61385147068813,28.900985221862793,29.37745788285261,27.427767238616944,27.90645134651756,0.9538590108093423,32.6368808434027,0.35185771979193703,0.34690603247721746,0.3443751444009752,32.35693359375
2017-03-03,32.125448875790894,32.368508536083255,32.081466214230424,32.35693359375,84432400,82.17607487352048,84.53140354248626,82.819111162673,141.3185270944537,29.010447425842287,29.494300067593688,27.48978771209717,27.994579707848896,0.9477356728893653,32.70531027479564,0.2870423218528302,0.3383540738165907,0.3402799427903934,32.255088806152344
2017-03-06,32.262033067066135,32.35462909954579,32.083792327375555,32.255088806152344,87000000,75.58967815255535,81.1631081971324,55.65233140348384,113.64663376886243,29.116443901062013,29.602566292635206,27.54622652053833,28.078946224646984,0.9240134088657612,32.721880228427345,0.273141266374445,0.3290379584677128,0.33548432304639714,32.2967414855957
2017-03-07,32.19025698542041,32.40322245359531,32.12775513679197,32.2967414855957,69785200,76.48881927261559,81.48799668676565,54.579185407188746,98.78633774448676,29.222766304016112,29.70822022177091,27.602508583068847,28.162466922883592,0.8982202430038235,32.74357434845872,0.27546731680334346,0.3213850096585172,0.33119739402903614,32.17637634277344
2017-03-08,32.164801400243604,32.36156482672111,32.13471078827789,32.17637634277344,74828800,68.03952894464322,77.33697740170301,27.888723927840786,73.52319352573097,29.330230674743653,29.805010657888662,27.655202236175537,28.241950277732894,0.8581740162714233,32.7495930405976,0.22685403844321428,0.3078805851991882,0.3237442972014774,32.102298736572266
2017-03-09,32.1161907865679,32.127762196632915,31.724981051170836,32.102298736572266,88623600,63.03954787639728,74.81118005438486,-233.3333333333426,17.394093872056924,29.43515338897705,29.89510038646449,27.70798059463501,28.318392821472287,0.8111096818266113,32.72850660215242,0.4513952916026014,0.32838268611396154,0.3328622253729862,32.20878219604492
2017-03-10,32.234245655264324,32.25970911448372,32.09303984180699,32.20878219604492,78451200,67.0947645715516,76.0233930303506,-16.40189689329588,53.90553696876144,29.53879455566406,29.985833006448036,27.76033327102661,28.395430234830158,0.773486907369648,32.72505042353681,0.16666927267672804,0.30528076990864245,0.32099130018039634,32.22267532348633
2017-03-13,32.14165778323444,32.2759158250435,32.13471352356076,32.22267532348633,69686800,67.6352863743008,76.184433332524,14.067027639278551,52.470684285028966,29.645018424987793,30.073552312998558,27.81300832748413,28.471217266288694,0.7363039927349355,32.673044051228764,0.1412023014827355,0.28184098870494145,0.30814922884484913,32.17405700683594
2017-03-14,32.24581669262619,32.32683421147691,32.139332185463424,32.17405700683594,61236400,63.384420278656,74.3036381108162,26.67820958940668,46.74938085711064,29.750408363342284,30.15592504609022,27.86538064956665,28.54454082550745,0.6949027666332341,32.626820125608894,0.1875020260134832,0.26836399403473316,0.29953157149975157,32.51435470581055
2017-03-15,32.271294973252054,32.58148373981974,32.1833296239774,32.51435470581055,102767200,75.80299188613786,78.33520314832322,177.98967369083653,101.73598174577047,29.866799087524413,30.248412483726316,27.921958503723143,28.623151001355037,0.6816930439175337,32.678524531111904,0.40742673298380083,0.2882300995988857,0.30723836874861227,32.56758499145508
2017-03-16,32.574529250303875,32.64397537096826,32.46804472766163,32.56758499145508,76928000,77.21336035327764,78.89304623682415,149.8052615995768,158.05104341162166,29.9827331161499,30.339360425205875,27.979206314086912,28.701258605119392,0.667821254959005,32.73485491579157,0.17593064330663566,0.2721873201285642,0.2978592455027568,32.40555191040039
2017-03-17,32.63935023982534,32.63935023982534,32.382402022182184,32.40555191040039,175540000,63.97149663819871,72.75213584419716,73.11933123131502,131.15021402568541,30.09602584838867,30.420387542272326,28.035888576507567,28.774610947798223,0.6364168297368948,32.737213895028255,0.25694821764315634,0.27001030548779165,0.29493702922707105,32.745826721191406
2017-03-20,32.50044997587236,32.75508455489394,32.461098001328324,32.745826721191406,86168000,74.63092980652101,76.83078340090195,110.66403978931973,180.04010086217366,30.21340419769287,30.51158123556327,28.09356580734253,28.853248883905017,0.631704038987948,32.79792499437991,0.34953264449355004,0.2813706396314714,0.29883671603181955,32.37082290649414
2017-03-21,32.896294218172855,33.05601924263468,32.34535944560636,32.37082290649414,158119600,54.064711097260364,65.24055650435145,68.14063574747819,114.68735322313323,30.317289962768555,30.58449267363899,28.146117172241212,28.922903815045398,0.5908979409154824,32.80312529788105,0.7106597970283204,0.3426976621167355,0.3282526503887125,32.73657989501953
2017-03-22,32.373150596830136,32.77824899562834,32.35231428043687,32.73657989501953,103440800,65.03028617687451,69.994926743603,67.39293688869493,103.6499074365768,30.42351234436035,30.668888250948033,28.208425731658934,28.998422153262705,0.5813706672548591,32.867640674777476,0.42593471519146675,0.35458866969884,0.3352299407317664,32.62083435058594
2017-03-23,32.69953832704242,32.77361515112667,32.54907463486518,32.62083435058594,81385200,59.763123998739836,66.87749801277133,76.72066533547019,94.74802439095386,30.526866645812987,30.74543515681619,28.27212209701538,29.070153087863165,0.5580477095060488,32.877243954026696,0.22454051626149152,0.33601036206493307,0.3273235532696039,32.55600357055664
2017-03-24,32.755080526350106,32.81063811826074,32.48887457098504,32.55600357055664,89582400,56.75898909065961,65.12781989924845,33.34358341550582,73.64946911251981,30.625974197387695,30.816437839707973,28.336912956237793,29.13917983009472,0.5282435326975978,32.86174750772341,0.321763547275701,0.33397510280932846,0.3269264099843251,32.61156463623047
2017-03-27,32.266651172541444,32.69026858402224,32.088406970162104,32.61156463623047,94300400,58.8282786886772,65.95000425255829,-123.08900655903776,15.84459218876823,30.72849769592285,30.886834968983365,28.402672176361083,29.207939925265723,0.5033050343664058,32.843604968092954,0.6018616138601374,0.37224460438801543,0.3465646388325974,33.287498474121094
2017-03-28,32.61850787445812,33.343052538036424,32.55137533765912,33.287498474121094,133499200,75.48153403717856,73.98565861774634,233.33333333333545,194.21215851400677,30.84550796508789,30.98097863585151,28.47989154815674,29.288723262866817,0.5319513029772125,32.98460488215357,0.7916772003773076,0.4321635466722,0.37835839322864817,33.36157989501953
2017-03-29,33.259726043365966,33.44723165146104,33.14630078035101,33.36157989501953,116760000,76.68725136647444,74.6906360524971,151.6920284530877,233.19564975477752,30.959574508666993,31.07433554797575,28.55762239456177,29.369373889246077,0.5542424666274144,33.16506465757376,0.30093087111002603,0.41341602159188945,0.37282785593446083,33.317588806152344
2017-03-30,33.37777708446479,33.44953677121335,33.218052087675545,33.317588806152344,84829200,74.16069946782886,73.41828570676678,97.23328890775906,180.4176942472933,31.07280735015869,31.16230626398268,28.637656173706056,29.44755636284818,0.561881639416633,33.29557174299578,0.2314846835378077,0.38742583044130635,0.3627319150489856,33.255088806152344
2017-03-31,33.26897732131541,33.39629459726982,33.1046216501423,33.255088806152344,78646800,70.32053929150044,71.55332216667662,60.82666024957953,119.45143588886711,31.18575828552246,31.244376167597178,28.71934673309326,29.522953044893804,0.5564777817510134,33.39563888346121,0.29167294712752323,0.37374684711076595,0.3576562744831669,33.26435089111328
2017-04-03,33.266667998720514,33.361574041858745,33.11388724804497,33.26435089111328,79942800,70.58389108466405,71.668178258154,47.926654691618396,94.48818894005984,31.297880249023436,31.323590862637026,28.79751127243042,29.597040130957552,0.5466412187705529,33.4816542209075,0.24768679381377723,0.355738268068339,0.3498013115782105,33.51203918457031
2017-04-04,33.160181470706064,33.53981621676254,33.141662271852574,33.51203918457031,79565600,76.96173117593827,74.6194238985091,73.3197309861457,103.59230469148385,31.414587287902833,31.40941236545794,28.87665454864502,29.674564864692456,0.5524635906283493,33.607520549645784,0.39815394490996425,0.3617976504742855,0.3532550711019072,33.338436126708984
2017-04-05,33.38473237227703,33.67177474628232,33.2898227729474,33.338436126708984,110871600,65.37187555310659,69.18005708767173,105.81087399163928,93.42215338023746,31.528329277038573,31.485060356095236,28.954476642608643,29.747116770871,0.5368807196262537,33.67271509646747,0.38195197333491393,0.3646768394543753,0.3553048498328363,33.255088806152344
2017-04-06,33.40092174754032,33.45416576523312,33.20647547090583,33.255088806152344,84596000,60.28670193350024,66.66742393991974,-26.622964263361986,60.7752267968561,31.63159984588623,31.554473236489635,29.038587265014648,29.816581563648846,0.5119048296556912,33.70248543934097,0.24769029432729184,0.3479644758647919,0.3476180958681545,33.18101501464844
2017-04-07,33.27129390354365,33.37546130885718,33.16481292288576,33.18101501464844,66688800,55.787155099068094,64.42778014000582,-80.72631638482063,42.17389894788053,31.73311241149902,31.618259188574292,29.12048204421997,29.883204008223093,0.4805941310156996,33.71852342550411,0.21064838597142455,0.3283478915943108,0.3378345451612453,33.14166641235352
2017-04-10,33.24120667710491,33.30602211510173,33.07916454993642,33.14166641235352,75733600,53.320800936816845,63.21293573639088,-106.42058465755544,22.649691043513002,31.833791770935058,31.678000648330343,29.208252601623535,29.947728016225675,0.44744718083245516,33.71896124202853,0.22685756516531086,0.3138492735330251,0.3299076180186785,32.78518295288086
2017-04-11,33.0884273795252,33.18333696513687,32.421750236738085,32.78518295288086,121517600,36.33987100711307,53.39074760384679,-208.06949578444215,-73.55617984895682,31.928816680908202,31.72141956223429,29.28923147201538,30.00391524269409,0.3879408079294464,33.67889148870749,0.7615867283987825,0.37781176708527614,0.360741840188686,32.82453918457031
2017-04-12,32.778242939696646,32.905556730054954,32.6416642488803,32.82453918457031,81400000,38.84825807202103,54.23618856175778,-117.64162890196154,-81.63895361131775,32.0259192276001,31.764679155267075,29.363965950012208,30.059769182137185,0.3400375563831801,33.67048027162862,0.2638924811746506,0.36153758338375824,0.3538240288305406,32.650917053222656
2017-04-13,32.8499940329233,32.958792122537375,32.650917053222656,32.650917053222656,71291600,32.29821791062224,49.93313968526136,-84.94074758738527,-98.69293644504923,32.08543773651123,31.79943358263788,29.43705638885498,30.11107904097056,0.2847812484672545,33.66642972962807,0.30787506931471853,0.353871509945324,0.35054196029369616,32.83148193359375
2017-04-17,32.7504608596611,32.84305687732368,32.60925502338047,32.83148193359375,66328400,43.79601220440732,54.01895592409655,-62.51215334787446,-115.48822557079981,32.149581565856934,31.83990606698909,29.51169900894165,30.16494840518092,0.2526479350189419,33.64368843908192,0.23380185394321273,0.3367187019450224,0.3422033812686616,32.68564224243164
2017-04-18,32.73425558851045,32.880088562393745,32.66480946504497,32.68564224243164,58790000,37.75417931329759,50.438658280440215,-56.20088680531215,-100.3430332429438,32.2082731628418,31.87307219151625,29.581034030914306,30.214863134631425,0.2129591478653765,33.64548837098709,0.21527909734877682,0.3193701870027016,0.33313736098866986,32.565269470214844
2017-04-19,32.84305396640531,32.87083100315372,32.512028972388194,32.565269470214844,69313600,33.32697690767117,47.63249164489607,-102.59455621588565,-102.55332590191026,32.258979644775394,31.900217182837764,29.649004039764403,30.261405834345947,0.16983467299140642,33.62435754183997,0.3588020307655242,0.3250033075402477,0.3349705516870166,32.97268295288086
2017-04-20,32.69027132157722,33.08379462566669,32.67638280400104,32.97268295288086,93278400,54.42842654233857,56.46155550657642,178.32655643619012,-31.160215292127763,32.31211837768555,31.942274664015926,29.72236192703247,30.31509449015852,0.1666124742231503,33.6256396547882,0.5185251554518473,0.3526492858133334,0.34808159481307593,32.93333053588867
2017-04-21,32.972682512554464,33.0282365821173,32.836107381977364,32.93333053588867,69283600,52.554073762946594,55.4884145276154,126.35580743945864,-20.7233213595095,32.36211894989014,31.981139600167797,29.79403558731079,30.366940748489807,0.15905001771618288,33.61764226055148,0.19212920013993795,0.3297178450028483,0.3369421380507089,33.25045394897461
2017-04-24,33.218046240271114,33.32221362309125,33.14396945913436,33.25045394897461,68537200,64.15833336932613,61.28002760667487,173.52560314497273,61.73183029949876,32.41406379699707,32.03091663345434,29.869387588500977,30.424040019786535,0.17661007457124356,33.62137028477009,0.38888308720257925,0.33817002245995276,0.3406522058472711,33.456485748291016
2017-04-25,33.31296635455001,33.54213396298466,33.30370498788361,33.456485748291016,75486000,69.76365499515185,64.51084741846051,146.35921021536686,112.18636660139683,32.47151824951172,32.08682130462441,29.947053413391114,30.48408845005395,0.20479088858183303,33.65212764182786,0.29168001401004773,0.33152859268139484,0.33715419214461223,33.25971984863281
2017-04-26,33.44259473881616,33.47268887997508,33.19027726469098,33.25971984863281,80164800,59.41120641576885,59.412214967569255,72.70722207636875,84.40490892556124,32.519620742797855,32.13281732595807,30.02491807937622,30.539051448045612,0.2088396495737186,33.64893777318082,0.2824116152841043,0.324511881624639,0.3332440080831474,33.285186767578125
2017-04-27,33.31528091186604,33.37083851697221,33.174075089542335,33.285186767578125,56985200,60.300754581426034,59.85446660072757,47.74174452997213,77.1671970137383,32.56022315979004,32.17800828445298,30.105411472320558,30.593430365264076,0.2116633658271212,33.6386829769898,0.19676342742987885,0.30626210245395896,0.3234953951793425,33.25276184082031
2017-04-28,33.354615631388555,33.403228952223294,33.16480009347252,33.25276184082031,83441600,58.39957814584687,58.97338240295839,32.82702897873901,74.7867381757329,32.59790859222412,32.220155482741895,30.18463556289673,30.64609039448301,0.2088769571580542,33.63074574333408,0.23842885875077258,0.2965716390677895,0.3174192140058732,33.931034088134766
2017-05-01,33.58843765714753,34.07455349864762,33.55602993438086,33.931034088134766,134411600,76.48942193879529,69.1902673755943,194.9097944825567,180.4388886040424,32.64989990234375,32.28724876138475,30.27246328353882,30.711138784456313,0.25842069707879034,33.77502495425051,0.8217916578273048,0.3716030703191488,0.35344581713597545,34.14631652832031
2017-05-02,34.15326078871947,34.280578116332784,33.99122215911036,34.14631652832031,181408800,79.75012194191481,71.6071267285927,150.43552521128703,185.79553491438367,32.704484176635745,32.36015337969595,30.360507717132567,30.77916210611699,0.3114655803126425,33.956477875273904,0.349544028198018,0.3684517785875587,0.3531671179261213,34.042144775390625
2017-05-03,33.70186193025296,34.141685048790784,33.396303914887014,34.042144775390625,182788000,73.95944502667226,68.79492856343536,58.046715448889294,114.5000812331591,32.75244792938233,32.42611382658594,30.44502122879028,30.843775624320426,0.34116549907626137,34.05957002517978,0.7500126134332987,0.42296046927980724,0.38151322474806254,33.91944885253906
2017-05-04,33.91713527739232,34.060654644357854,33.75277960540292,33.91944885253906,93487600,67.24956988637085,65.53056567184665,52.079177704189654,105.77854051974357,32.7960595703125,32.484675984466456,30.52579544067383,30.90468004468119,0.3507590313379296,34.14363371446502,0.30787503895493273,0.4065196935191109,0.37625335433426754,34.481964111328125
2017-05-05,33.9726949212894,34.48659126238202,33.9726949212894,34.481964111328125,109310800,77.9496536294976,72.07319261020484,112.43441773758036,139.08927494506221,32.85360679626465,32.563001009049266,30.607976932525634,30.97551735293162,0.3991510897216912,34.35679189375923,0.5671424098429583,0.42946579585108907,0.38988828687060256,35.41947937011719
2017-05-08,34.49817107898836,35.579204408455304,34.49817107898836,35.41947937011719,195009600,86.51580832388126,79.16967059289476,182.33577552496521,198.635293198759,32.92930221557617,32.67501976830683,30.70103172302246,31.06351660079668,0.5073039072223864,34.81421591155175,1.097240297127179,0.5248621531762448,0.440413430460358,35.64632797241211
2017-05-09,35.61854740828749,35.85234920110843,35.521324264291295,35.64632797241211,156521600,87.84843157472207,80.46331493045615,146.20163706855823,203.96116143021095,33.00828483581543,32.7915416586639,30.79199884414673,31.154265340828672,0.6043539643393601,35.238836062126666,0.432869830991244,0.5117203928641019,0.43987460192684985,35.47735977172852
2017-05-10,35.563011551046614,35.63477127510231,35.21115366013265,35.47735977172852,103222800,80.90059129571506,76.64513071220117,79.20900402735316,141.43663413498243,33.08361030578613,32.89686785917624,30.88127628326416,31.239871171143523,0.6600241644267371,35.53673966572452,0.43517431227945735,0.5007852384948669,0.4395388669520361,35.78417205810547
2017-05-11,35.435511719351425,35.81206729700013,35.402970229604634,35.78417205810547,109020400,83.64138799814117,78.62826109586346,75.11347936787818,129.49341871100222,33.152108917236326,33.010095474820524,30.972169818878175,31.329857327320987,0.7205938293409062,35.85844084579402,0.4090970673954928,0.4876869283378134,0.4373644526979973,36.28392028808594
2017-05-12,35.95850184730224,36.35829931525376,35.95152892434139,36.28392028808594,130108000,87.14651084431652,81.39887627841081,106.48148425800588,136.33819454608474,33.234445037841795,33.13848076161525,31.067715129852296,31.427957583969796,0.7997027551912979,36.23453751307931,0.5741272571482909,0.5000355467393102,0.44713322444444686,36.1909408569336
2017-05-15,36.26299675628336,36.41175835238627,36.03985613550709,36.1909408569336,104038800,83.27352294746315,79.33806483725584,97.31567032977246,111.2327795724934,33.31112518310547,33.258185079078714,31.160786304473877,31.522274084424524,0.8451520985412344,36.53178216971012,0.37190221687918523,0.48173078533072083,0.4417595810469282,36.13747787475586
2017-05-16,36.246725051580384,36.27461674038462,35.96314772621748,36.13747787475586,80194000,80.86274235323518,78.11345797185332,67.16721348537928,89.68483499144635,33.38877296447754,33.371098522046445,31.252608432769776,31.61366425849049,0.8668643422053108,36.75484635139282,0.31146901416714456,0.45740767516449565,0.43245311198408654,34.92414093017578
2017-05-17,35.702817038502765,35.92828432192558,34.79862477958509,34.92414093017578,203070800,45.77505911943186,56.717022268749595,-114.90197528397806,21.285085187230973,33.44132095336914,33.43200214589466,31.332043628692627,31.67921825198921,0.7772061518650162,36.74615338858588,1.3388530951707693,0.5833284494511062,0.4971959679259924,35.456424713134766
2017-05-18,35.161228228070684,35.642377572865925,35.128686743624414,35.456424713134766,134272800,55.62907602879597,61.67641189833103,-62.76116039999336,28.309542007964097,33.506921920776364,33.51139126617858,31.41857629776001,31.754014419536645,0.7405654651750169,36.80760722357142,0.7182366426901439,0.6026010484852543,0.5129845875520033,35.57728958129883
2017-05-19,35.65167213339255,35.791134098435336,35.4773420170226,35.57728958129883,107843200,57.66703994547059,62.72093404349841,-31.522977627911413,40.486989511042346,33.5764217376709,33.59240688637937,31.505787563323974,31.82972283858144,0.7130605238876768,36.8496739845599,0.33470938530057026,0.5643308108874423,0.5002506445340438,35.79345703125
2017-05-22,35.79578015572704,35.93059585724881,35.542421264287555,35.79345703125,91865600,61.36930529523244,64.58032600019523,-7.026605652158724,48.13396938171552,33.648115234375,33.67872257833508,31.59345489501953,31.908212624574876,0.7006291496684867,36.91991724163607,0.38817459296125634,0.5391656368979871,0.49224521227884466,35.74930953979492
2017-05-23,36.00499167515767,36.00499167515767,35.63541254562239,35.74930953979492,79675600,60.116608690984314,63.87956760634406,15.41708165829005,46.56350573641816,33.71864791870117,33.75992206701978,31.68183317184448,31.984273949628736,0.6793833540283387,36.972908802279115,0.36957912953528194,0.5149389929890292,0.483483349225733,35.64237594604492
2017-05-24,35.7585960347278,35.83530171886918,35.486641452820535,35.64237594604492,76712000,56.83800845088533,62.1212352294557,0.46666102972071477,12.803448141742843,33.788014297485354,33.83374378776587,31.769211330413818,32.056711612924104,0.6464652120278984,36.959777268261185,0.34866026604864686,0.4911848891404032,0.4738531289987983,35.765567779541016
2017-05-25,35.733026297650724,35.87714161466961,35.57031888819925,35.765567779541016,76942400,59.785744370732054,63.37208079316141,57.20002622979022,13.031461192168695,33.85303855895996,33.909501591364894,31.859918823242186,32.130154309292756,0.6231347887790619,36.92213560101413,0.306822726470358,0.46484743733039674,0.4619223859610525,35.70514297485352
2017-05-26,35.79579452040507,35.851581451035386,35.635410198254704,35.70514297485352,87710400,57.53712782044524,62.28562089184142,41.33458990005724,-0.10899455605479322,33.91578971862793,33.97991890052131,31.949261417388914,32.20094616405633,0.5929345036514349,36.814446045156224,0.21617125278068272,0.42932226810900903,0.4443687335910261,35.719078063964844
2017-05-30,35.66096802542516,35.8957313042936,35.64004926277214,35.719078063964844,80507600,57.96252603028121,62.44552389527365,42.844032275050935,4.915766906881746,33.982060241699216,34.048121220656355,32.03904304504395,32.27061214227234,0.563627854279396,36.77441812089514,0.25568204152146023,0.4045165214536449,0.4308911127289142,35.5075569152832
2017-05-31,35.78881106431102,35.83529838610963,35.419232067892445,35.5075569152832,97804800,49.22885444364807,58.39811382045815,-157.95165982204082,-54.874643310983664,34.03729484558105,34.105353992994665,32.12534952163696,32.334710058569584,0.5173702128049911,36.71862885417564,0.4160663182171831,0.4061664924198647,0.42983219883521917,35.605186462402344
2017-06-01,35.602863337343535,35.64005461881937,35.38204586705896,35.605186462402344,65616400,53.039158975731596,59.69657801514454,-122.57500019086491,-64.73732792552168,34.10198211669922,34.16417095257928,32.20963603973389,32.39947196755637,0.4830206260889156,36.61551191285284,0.25800875176040705,0.385001100897085,0.4175590954727326,36.1328239440918
2017-06-02,35.69816195842354,36.1328239440918,35.537777672635315,36.1328239440918,111082800,68.12322101210461,65.8924994144861,160.78915674216168,77.7699586450747,34.16990699768066,34.24137303067781,32.29670967102051,32.473399729467964,0.4926947874451102,36.459208088207994,0.5950462714564821,0.41500755383414173,0.4302367509001433,35.77952194213867
2017-06-05,35.874823285105,35.90039185158972,35.67027829998363,35.77952194213867,101326800,54.45838433265144,59.3168697591619,43.60172611459898,39.98491885839078,34.23308074951172,34.30169259583314,32.37997369766235,32.5388674960555,0.4664758676972127,36.3218992767949,0.4625456441081681,0.42179870958757404,0.43254452898643075,35.900394439697266
2017-06-06,35.77255159805733,36.2165133086812,35.74465990415647,35.900394439697266,106499600,57.83433730922379,60.75965042108892,114.03641060993321,125.39919267641523,34.299968566894535,34.3643867857886,32.46297138214111,32.6054323860286,0.4502602652190859,36.335240197301374,0.47185340452472957,0.428949380292882,0.435352305810595,36.114234924316406
2017-06-07,36.03288297744737,36.2560235967663,35.90736327566881,36.114234924316406,84278400,63.429671605077246,63.24318891247042,118.89801786850596,184.30692606705048,34.37002197265625,34.43300828141714,32.54925983428955,32.674913624410536,0.44948306244694436,36.37864764600491,0.355629157069032,0.4184750626894749,0.4296577951861976,36.025909423828125
2017-06-08,36.0863426015944,36.15374870192001,35.888767004396904,36.025909423828125,85003200,59.61740600033254,61.511479331243095,66.53632988473596,126.2888113063616,34.42479019165039,34.49547499288423,32.63514907836914,32.74126997687425,0.4367059199232983,36.401716749715945,0.26498169752310474,0.39654743909427914,0.417895216781691,34.62893295288086
2017-06-09,36.072387861583714,36.072387861583714,33.940912087136844,34.62893295288086,259530800,28.267786828195284,41.947565902101786,-189.11972752860697,-315.6680800318609,34.450137252807615,34.5007086383743,32.704855880737306,32.77864944174567,0.31027891405372543,36.526121206706804,2.1314757744468693,0.6443943441446491,0.5402938280434895,33.801456451416016
2017-06-12,33.87583902444526,33.95719097359517,33.12505455830104,33.801456451416016,289229200,20.733461405403503,34.87245374219201,-176.74298886395025,-339.1278603999514,34.45981460571289,34.47328698398378,32.76631097793579,32.79890304589756,0.1416809530526919,36.7274539339177,1.5038783945798215,0.7671777799211024,0.609121297081799,34.07340621948242
2017-06-13,34.20589882874218,34.27330492251512,33.73869178214807,34.07340621948242,136661600,28.08305937836397,38.541285068846946,-89.2648501664072,-173.95435598488365,34.476180953979494,34.45760538537589,32.830969619750974,32.824140732503196,0.029667934301592425,36.77145771668958,0.5346131403670569,0.7339542599848102,0.6037992858878888,33.74102020263672
2017-06-14,34.28492941811625,34.28492941811625,33.43419743692664,33.74102020263672,126124800,24.803686735257713,35.880782565457395,-77.28418834642903,-142.1689657700693,34.48571434020996,34.429504005660625,32.8917972946167,32.84229676161475,-0.08494477329224281,36.82907582100196,0.850731981189611,0.750636791585496,0.6214373355522975,33.53879928588867
2017-06-15,33.31333552540285,33.5829634971484,33.05532672777286,33.53879928588867,128661600,22.905187922899756,34.32819377269226,-81.02809500295228,-136.56887509249722,34.48624954223633,34.394574408806825,32.95041841506958,32.856088890808294,-0.18990460566854495,36.959712452820284,0.6856934748638608,0.7413591749109767,0.6260270597888378,33.06925964355469
2017-06-16,33.42024297740818,33.5876001616078,33.05298713134539,33.06925964355469,201444400,18.971583727288134,30.976545774589795,-80.96820022496549,-118.17926589238427,34.480866012573244,34.34260128075773,33.004597644805905,32.86031009383297,-0.3074300913271273,37.1060432396604,0.5346130302624132,0.7118240113897534,0.619497486251236,34.01530075073242
2017-06-19,33.39236266710712,34.108278966259064,33.39236266710712,34.01530075073242,130165600,42.27445261317165,43.042938352397606,1.2183655839224774,-65.8408795521658,34.49607025146484,34.329765965854776,33.063835048675536,32.883181195949795,-0.32053731978815847,37.085583833878346,1.0390193227043767,0.7585661987204139,0.6494633317121746,33.70615768432617
2017-06-20,34.1384966695021,34.1384966695021,33.68988871195604,33.70615768432617,99600400,38.097454384213144,40.54840820197749,47.14179728443099,-56.26503483753342,34.5065731048584,34.30531073912817,33.11984275817871,32.89947776007606,-0.35181465428104985,37.04655269339269,0.4486079575460664,0.7142864499812214,0.6351165192717384,33.906044006347656
2017-06-21,33.82469208079515,33.95253487438368,33.61317069019916,33.906044006347656,85063200,42.39128439460156,42.85450276679738,32.798014599574685,-50.31524860639638,34.52186065673828,34.289653220195596,33.17782621383667,32.919409764952725,-0.356365056992793,36.97910862626215,0.3393641841845181,0.6607261262959779,0.6139913524797941,33.85026931762695
2017-06-22,33.882810805541595,34.098978500955376,33.73172253920091,33.85026931762695,76425200,41.455197437734114,42.36074271193426,61.908472408512836,-39.60442319812692,34.5431623840332,34.2724224789184,33.235989532470704,32.93784262738192,-0.3603183099897649,36.91161558759999,0.3672559617544664,0.618801817075762,0.5963673959994136,34.00135803222656
2017-06-23,33.73405317486027,34.205906578441414,33.72940337696723,34.00135803222656,141757600,45.274392752485475,44.23513171488647,76.59822794337644,-27.749931497004123,34.56669876098633,34.26179250061676,33.29630899429321,32.95890233836894,-0.3472567354183127,36.8066872677547,0.4765032014741877,0.5984734434183941,0.5878056678190403,33.894432067871094
2017-06-26,34.208224213533896,34.46623298045986,33.79215781117885,33.894432067871094,102769600,42.96046176042606,43.16530846230073,98.25398585420749,-13.616555246533393,34.591569061279294,34.247386209136536,33.33850339889526,32.97742767954719,-0.3415956728916214,36.697843755179534,0.6740751692810036,0.6092736899701955,0.5939677750663234,33.408634185791016
2017-06-27,33.70615740465239,33.9734658045752,33.3830656179159,33.408634185791016,99047600,33.80304759292004,38.5979408384036,-184.27466291571997,-64.88519080195353,34.603112106323245,34.21449397292691,33.376346836090086,32.985966422245085,-0.3720206467145104,36.58884314165208,0.590400186659295,0.6065774752114954,0.5937129473229642,33.89674758911133
2017-06-28,33.58527863851477,33.961830547541794,33.276132812592444,33.89674758911133,88329600,47.03697148388729,44.90586272503422,-75.677987151494,-35.290236346502496,34.62733421325684,34.202033330424335,33.41780368804932,33.0040016928761,-0.35268050404063445,36.47550991495354,0.6856977349493505,0.6178803694597603,0.6002832892962776,33.397003173828125
2017-06-29,33.636419820909026,33.73404427035426,33.07158834234401,33.397003173828125,125997600,37.96994960825574,40.33689835600665,-138.88424806437834,-107.83318164097747,34.6439688873291,34.17046352036174,33.451474266052244,33.0117839004197,-0.373374470925107,36.34273031049328,0.8251592467673206,0.6474916376465547,0.6163458576870663,33.476043701171875
2017-06-30,33.57599129996798,33.69453808996659,33.420256767833905,33.476043701171875,92096400,40.10052542917313,41.353252865872406,-67.31550280263511,-60.93939764510292,34.654036102294924,34.14323137058959,33.48307723999024,33.020977163800936,-0.37902748586500934,36.064562000473735,0.29753491613846705,0.5974978202882565,0.593573647576452,33.355167388916016
2017-07-03,33.675935987269554,33.77356044182153,33.26219273127294,33.355167388916016,57111200,37.78498545966264,40.22473449278368,-68.80420280369137,-68.92828779210618,34.662472839355466,34.112326900720035,33.5122958946228,33.027594792021034,-0.3887796394495595,35.830913593783315,0.5113677105485905,0.5851935188968757,0.5877017949316048,33.4923095703125
2017-07-05,33.39933490345308,33.65501701069458,33.17386761222499,33.4923095703125,86278400,42.20259379287022,42.153547912778485,-64.92152337400098,-65.36251745503534,34.66730995178223,34.088012495606016,33.54068687438965,33.03679706485848,-0.38104956138360535,35.51515356401813,0.48114939846959004,0.5703300731215492,0.5800909094700323,33.17619323730469
2017-07-06,33.24360289059974,33.35517320858892,33.101814207564054,33.17619323730469,96515200,35.43614049849458,39.027470856282825,-157.24789301189094,-123.47907835785082,34.6617041015625,34.052254877633416,33.56661117553711,33.03955738510494,-0.3958680446045406,35.05088159297748,0.390495362748446,0.5446394002111059,0.5665483704184904,33.51321792602539
2017-07-07,33.21569482840612,33.645710509229566,33.21569482840612,33.51321792602539,76806800,46.17107135106279,43.81168913698298,-0.8741493805146682,-61.656138581814155,34.66677406311035,34.03111617364878,33.593197402954104,33.04893680175683,-0.3760814902545633,34.39964801209442,0.4695172719248788,0.5339076675987877,0.5596175776689467,33.71778106689453
2017-07-10,33.49696354549543,33.92465274120098,33.324956488920606,33.71778106689453,84362400,51.841258034061575,46.5529530037942,157.83980632869822,2.9925359425716764,34.67542594909668,34.018828522403524,33.61782455444336,33.062181242650645,-0.3399749479423164,34.20983785258755,0.5996962522803742,0.5433060368390144,0.5624803401411915,33.827022552490234
2017-07-11,33.64106968022427,33.901405120099035,33.559717737002686,33.827022552490234,79127200,54.80716940527559,48.011619643036205,137.85730713418,40.88326337730765,34.68691116333008,34.011306719661825,33.6424098777771,33.077326615122715,-0.299097567531156,34.21259849833115,0.3416873830963496,0.5145033720186337,0.5467094146379885,33.875831604003906
2017-07-12,33.906046414266775,33.978102299382456,33.66198707352154,33.875831604003906,99538000,56.21285823335809,48.685480233823675,110.47569756592696,65.63179400834392,34.68580711364746,34.005993970028186,33.6678535079956,33.09313859510056,-0.25976901104803574,34.17915906139217,0.3161152258609192,0.4861622082818174,0.5302384011539122,34.34769821166992
2017-07-13,33.82005782840291,34.51505548260257,33.80611198028467,34.34769821166992,100797600,67.58478825886199,54.78690880383021,154.38173148426694,165.34930968948726,34.68983474731445,34.019394136367076,33.6971594619751,33.117981359785105,-0.18835392816570362,34.2907396985155,0.7089435023179007,0.5179881074298293,0.5430030512370542,34.64287567138672
2017-07-14,34.39416657475594,34.71028529576908,34.245405032323575,34.64287567138672,80528400,72.74976698716839,58.139955327077296,145.14943687961423,204.39558763616813,34.701849365234374,34.043844392642356,33.72714864730835,33.14817728674751,-0.10670853677716963,34.47244341250186,0.46488026344550804,0.5104012725749262,0.5374228521090866,34.76373672485352
2017-07-17,34.5917333408825,35.07520557122366,34.5336233226752,34.76373672485352,95174000,74.67720857915702,59.46548137484078,122.56168948127205,204.34509445941276,34.71873512268066,34.07207546449377,33.75739734649658,33.18016856274961,-0.031883960492194774,34.62080089998004,0.5415822485484654,0.5148556977140032,0.5377199518547565,34.884620666503906
2017-07-18,34.680072184713886,34.89624338419752,34.556879180023664,34.884620666503906,71475200,76.60788512583984,60.8024297763372,90.59703489284898,147.9020070463488,34.72678825378418,34.10393998221966,33.79019752502441,33.21392008955662,0.03674579644953724,34.7873014996064,0.3393642041738545,0.4897854843511248,0.5235516841632635,35.103126525878906
2017-07-19,34.9776068083503,35.19610120446876,34.85441376317826,35.103126525878906,83692000,79.8479804239419,63.16727455588813,100.53868802967503,140.9266267088191,34.720461196899414,34.143123768245516,33.82488170623779,33.25133011799865,0.10752746036884275,35.00018656442452,0.3416874412905031,0.46862862105675024,0.5105613811009234,34.94505310058594
2017-07-20,35.21468453970198,35.2704714554087,34.91018849499136,34.94505310058594,68974800,71.49043403089266,60.33152260479382,82.24939950330142,112.66761476797808,34.706435699462894,34.174571977356905,33.85736026763916,33.28486918696077,0.14914794990767888,35.1400926013958,0.36028296041734365,0.45315066953683497,0.49982720819495347,34.92878341674805
2017-07-21,34.86370045647021,34.96829781786278,34.60569174009905,34.92878341674805,105010400,70.60306260651333,60.03279894214905,26.237696600252924,75.95118185079214,34.69546417236328,34.204148896548716,33.889537239074706,33.317421943986254,0.17875903730394072,35.26327800760946,0.3626060777637363,0.4402157278549637,0.49002569887843794,35.35183334350586
2017-07-24,35.00084987687023,35.43318884182019,34.842788677882595,35.35183334350586,85972800,78.64440402336649,64.89951148041271,118.0638621886143,100.9684948221235,34.68681739807129,34.249156129762724,33.91946315765381,33.35770731823417,0.23366903967993125,35.458163866712596,0.5904001639375949,0.46167064729533963,0.4971953035255206,35.50291061401367
2017-07-25,35.2844163004483,35.75859265691047,35.2844163004483,35.50291061401367,75415600,80.82924542497625,66.46973381195446,163.34010236526387,116.48702427472563,34.671197204589845,34.29832297228237,33.95282112121582,33.40018659141792,0.28607854984773695,35.6649958977489,0.4741763564621735,0.4634571771763159,0.4955510930209958,35.67026901245117
2017-07-26,35.64470045262379,35.77951262616226,35.57729081909913,35.67026901245117,63124000,83.06802351733731,68.16851689385092,130.43167176799096,122.2267411678416,34.660783767700195,34.35212477777919,33.985954475402835,33.445138718567094,0.3372305049844968,35.86756676110815,0.2766020121485866,0.4367635821723546,0.4799118729586809,34.996192932128906
2017-07-27,35.7376776737846,35.79346459381474,34.23843922218672,34.996192932128906,129905200,53.63528690389448,55.88686548110578,-51.23114093466057,39.76522693410731,34.63795806884766,34.37738235245957,34.013365516662596,33.4758526633901,0.31969128958179027,35.939983271211425,1.5550253716280196,0.5965152663803067,0.5567056942922051,34.749813079833984
2017-07-28,34.84046462425895,34.919493448269165,34.67775717872136,34.749813079833984,68854800,46.59515788393191,52.18596348316907,-91.66039422924159,-1.1089627011397223,34.63447151184082,34.39198747902327,34.03789623260498,33.50107960232958,0.2826523002418213,35.9542350040811,0.3184357534075488,0.5567896216699127,0.5396864128004439,34.570838928222656
2017-07-31,34.842793607217075,34.9427447634796,34.43137690006898,34.570838928222656,79383600,41.93076902563515,49.61564871190667,-94.08490449826066,-39.84696922605263,34.61675979614258,34.39900126134482,34.061840858459476,33.522262955317565,0.23613489991539183,35.9479869189839,0.5113678634106193,0.5503007990614422,0.5376636592725993,34.87765121459961
2017-08-01,34.65683374347769,34.91716562128409,34.49644944491631,34.87765121459961,141474400,51.617393195296714,53.81516367405022,-65.9368151808178,-36.21619586155273,34.60276702880859,34.41777184774697,34.08959438323975,33.54910232678849,0.22147370142286604,35.94087830435698,0.42071617636778313,0.5317887101052052,0.529310267636541,36.525657653808594
2017-08-02,37.02307960486664,37.13232679686711,36.29786722116688,36.525657653808594,279747200,76.34500523845792,68.83911308321942,161.37697277053155,271.1791477702887,34.617411041259764,34.50043403621998,34.132763137817385,33.60804401643246,0.3389279917553978,36.25157688672539,2.2546755822675024,0.7779154061283905,0.6525506472530382,36.16072463989258
2017-08-03,36.50473515253736,36.541926436811416,36.03288181692307,36.16072463989258,108389200,67.440410502047,63.88334171236624,83.08888463151048,148.89298414401472,34.62563934326172,34.56554347165812,34.172143630981445,33.658592147590085,0.397976691142226,36.36002267868437,0.5090446198883427,0.7395052938083836,0.6423002167269886,36.35131454467773
2017-08-04,36.27693554175151,36.58607781694372,36.18860715069363,36.35131454467773,82239600,69.60078678934914,65.28879715687098,73.68400719056014,127.80222074162366,34.63981811523438,34.63557370981575,34.21391620635986,33.711913383175975,0.4549083233382092,36.50699819577114,0.42535317705114295,0.6946264199859206,0.6268039996072854,36.91381454467773
2017-08-07,36.50704433847991,36.93938309950893,36.41639283439744,36.91381454467773,87481200,75.25431310257217,69.10948837768753,77.44057477814877,136.3388905601814,34.66278305053711,34.72491648765348,34.25791080474853,33.77531736657205,0.5392005329124103,36.7672005234607,0.588068554831203,0.6794038678209608,0.6240371821232795,37.20903015136719
2017-08-08,36.865019625255286,37.61580052880393,36.78831392847075,37.20903015136719,144823600,77.78410325896807,70.91869291734183,93.60596575114138,142.66781874735892,34.692860794067386,34.8223327097599,34.30432525634765,33.843311679142246,0.6226466653584524,37.05097787215277,0.8274866003331809,0.7005585438941352,0.6385692834239868,37.43683242797852
2017-08-09,37.01843919787809,37.48564644930579,36.98357457318528,37.43683242797852,104526000,79.65641440255735,72.26840414425759,95.50034187406159,121.47453002456997,34.727215881347654,34.92486211047435,34.35463806152344,33.91447050585188,0.6991012622426283,37.32842653119266,0.5020718761205103,0.6722033056407603,0.6288194686165955,36.244384765625
2017-08-10,37.31313822763123,37.33647494874768,36.08337064769913,36.244384765625,163217200,52.58939621418415,57.28162744972072,-37.20121268516729,52.656303956693165,34.741952438354495,34.97660809695085,34.38962364196777,33.96060742188699,0.655910591440005,37.37115960104631,1.353461780279396,0.769525944874851,0.680579633735367,36.74842834472656
2017-08-11,36.54308013212896,37.0027858132447,36.41940333067996,36.74842834472656,105028400,59.39376622323134,60.96640881684296,-3.075505879383116,58.073550867935836,34.764817276000976,35.04609124392244,34.4333996963501,34.01581179659669,0.654805586819954,37.48859115977812,0.7584010476196994,0.7679366738384008,0.6861383061556765,37.30147552490234
2017-08-14,37.177798729536015,37.38548274068739,37.04478582092473,37.30147552490234,88490800,65.69604383215031,64.57687043266088,76.47671626781293,88.76384096380909,34.788190307617185,35.13453768631381,34.47904865264893,34.080874444681946,0.6905953943046441,37.691046613578536,0.6370543959608241,0.7492392055701755,0.6826323125703299,37.70985412597656
2017-08-15,37.4905016903041,37.8498638189036,37.36915710788604,37.70985412597656,117862000,69.74176538629717,67.00388565913784,118.18555491155237,107.0685661154057,34.82679695129394,35.23553048786922,34.52993885040283,34.15273542846995,0.743343019122733,37.95049964211077,0.5483882940012634,0.7205462182031882,0.6730434541011109,37.55816268920898
2017-08-16,37.7891834290691,37.92219278061231,37.37147958675794,37.55816268920898,110686400,66.35065540613188,65.21646970381131,92.72901903077901,97.56268530950297,34.85995231628418,35.32661410360804,34.57996044158936,34.2201696316529,0.7640976188919382,38.147142247982316,0.5507131938543708,0.6962843575819286,0.6643055783692009,36.83710861206055
2017-08-17,37.45782851216662,37.502166156557706,36.83244055457607,36.83710861206055,111762400,52.258959604602715,57.38067975223918,-21.40860310543552,44.05102469612839,34.87440979003906,35.38584918237088,34.62221588134766,34.27199020552236,0.7141306966720222,38.19643762921022,0.7257221346329104,0.7004897543034974,0.6686924752451802,36.75310516357422
2017-08-18,36.837112403518354,37.21981126088944,36.57109007047608,36.75310516357422,109712400,50.79275073237012,56.52854695012943,-48.27767633208544,8.621769618763594,34.88895370483399,35.439467063986704,34.656871948242184,34.321121194790706,0.6601434517865954,38.21630067148565,0.6487211904133616,0.6930942451763352,0.6672659549000503,36.68543243408203
2017-08-21,36.75310324796429,36.84411078976995,36.1953896331686,36.68543243408203,105474000,49.48779272771313,55.80951023298443,-102.24245667822275,-61.27907253945824,34.930083694458006,35.48832845104927,34.690110473632814,34.36793923913311,0.6049243561272846,38.24300724446845,0.6487211566013471,0.6867552325227655,0.6659413264501428,37.28514099121094
2017-08-22,36.923443139395175,37.33647893460074,36.87444100477661,37.28514099121094,86418400,60.089104692775784,60.59322597180003,0.25521257424034277,38.84381949551331,34.99975738525391,35.55879168791836,34.7297859954834,34.42570561046138,0.6026078058959214,38.333863794576075,0.65104650051871,0.6816539850936147,0.6648774103121833,37.33180236816406
2017-08-23,37.1194538987471,37.44614659068342,37.075116270409325,37.33180236816406,77596400,60.83524883526554,60.94745801646088,25.787180351215145,52.224509607962744,35.06492530822754,35.62832151851623,34.77055313110352,34.48325208091093,0.597647794549701,38.42220858115075,0.37103032027409455,0.6372791758336833,0.6438883324523198,37.166133880615234
2017-08-24,37.43682065867304,37.5091630807643,36.99811943316736,37.166133880615234,79275600,56.46281789298907,58.922278458748465,31.339481057742663,32.39450680535128,35.13342758178711,35.68862788565737,34.809570960998535,34.5363784531823,0.5737352248922178,38.41701698574673,0.5110436475969422,0.6192455289427203,0.6343994263912214,37.303802490234375
2017-08-25,37.25479680434788,37.46714884205031,37.1661251051812,37.303802490234375,101920400,59.29888062041418,60.108505837911515,79.63804466392452,46.694098126708155,35.20872764587402,35.75196806622902,34.84748859405518,34.59117892916353,0.5594441237923888,38.34671624644964,0.3010237368691051,0.5737852729322039,0.6105868771396417,37.67951202392578
2017-08-28,37.369152083341085,37.80318883835701,37.320146382960566,37.67951202392578,103864000,66.29042170733615,63.22930226789392,123.06345005256969,103.82639837649032,35.30093269348144,35.82755802535438,34.89089935302734,34.6523340399509,0.5718430914440589,38.201048773989086,0.49938634812263416,0.5631568551022654,0.6026439822098554,38.015533447265625
2017-08-29,37.3598121669628,38.06453557730498,37.33647544553584,38.015533447265625,118067600,71.41408117863219,65.8058400258995,139.2575716362887,129.78691701991434,35.38093734741211,35.91336098307639,34.93850379943848,34.71893204801654,0.6018457797402164,38.065789124293715,0.7280601317691406,0.5867144660546761,0.6116022786069472,38.11821365356445
2017-08-30,38.22322179054412,38.24422270580322,37.94553115317101,38.11821365356445,109078400,72.88344071600642,66.57654893497954,139.23557567054095,164.22071666405938,35.469178466796876,35.99982579368376,34.98787578582764,34.78624455505709,0.6266845317027432,38.21325523246248,0.2986915526322065,0.5455683355657519,0.5892515124658944,38.2698974609375
2017-08-31,38.18589022652269,38.39124203524439,38.14855288663062,38.2698974609375,107140400,75.09015554832817,67.73353209935995,118.49406096268771,155.7105421516144,35.556455535888674,36.08884821200744,35.03915809631348,34.8552277809161,0.6511035210740559,38.327365800402056,0.2730283816799357,0.5066340564392068,0.5666641459811831,38.28155517578125
2017-09-01,38.45656990207039,38.489239175217016,38.18354735634138,38.28155517578125,66364400,75.27060110306658,67.82571355536466,93.79973963707825,131.61590049035175,35.64508125305176,36.17483672039073,35.09412181854248,34.92307584814116,0.6637451849157543,38.43178462407394,0.305691818875637,0.477928022501554,0.5480232654736441,37.82185745239258
2017-09-05,38.21155656380698,38.32823307239875,37.46715986928192,37.82185745239258,117874000,56.45613075055053,60.48733373936674,-5.842193116749379,56.21125688442662,35.72149124145508,36.23942576870453,35.144095001220705,34.98047746406693,0.6294145312460273,38.47763246442827,0.8610732031168311,0.5326630483037365,0.5703839753053003,37.78218460083008
2017-09-06,37.96886771057677,38.03420626488549,37.45782407741031,37.78218460083008,86606800,55.07017014839887,59.885147693916615,-58.670426184871644,36.40207808789589,35.799246292114255,36.29992611506239,35.195407676696775,35.03595681330977,0.5921796944143694,38.516072476333576,0.5763821874751827,0.5389086396139431,0.5708124190317204,37.6304931640625
2017-09-07,37.824176528155256,37.85918160495268,37.42047694601087,37.6304931640625,87714000,49.63467181885562,57.526899322689395,-97.0604387409122,13.006309783208241,35.88368347167969,36.35210521502318,35.24339778900146,35.08733377075042,0.5441578735145072,38.529704249360044,0.4387046589418091,0.5245937852322097,0.5613761504538696,37.01676940917969
2017-09-08,37.53714534745663,37.60481611762977,36.99343269632966,37.01676940917969,114446000,33.859796132108315,49.10197628262306,-150.1710864042295,-64.51461344149176,35.94608390808106,36.37817047753912,35.28670906066895,35.12554041705595,0.45137469010070674,38.44764318574006,0.6370604677328373,0.5406604541608707,0.566782173116653,37.6865119934082
2017-09-11,37.453158977969146,37.81485686403658,37.31081349612394,37.6865119934082,126323200,52.91286156489725,56.575853085146385,-46.33843595977078,-10.648168493017655,36.031874084472655,36.42947798796536,35.33792148590088,35.176252725498564,0.4269642005257879,38.44141550503874,0.7980874548568906,0.5774357399745879,0.5833039789552414,37.53715515136719
2017-09-12,37.945522808122405,38.26055071046408,37.049448347292106,37.53715515136719,286856000,49.22362170192096,54.648654873727416,-29.118425545607195,-16.438760989676293,36.11309631347656,36.47291630809877,35.38356620788574,35.22300326858507,0.39105897826836156,38.44820196453333,1.2111023631719746,0.6679595432885003,0.628146720685008,37.25480270385742
2017-09-13,37.30614064551257,37.327145120323486,36.848770788000856,37.25480270385742,179629600,42.66306203039719,51.104554623453055,-126.2575167067123,-120.21945147025652,36.19108901977539,36.50357851969715,35.42678092956543,35.263236920768676,0.33594775158990586,38.42837839340151,0.6883843633663318,0.6708773747281905,0.6324494094479597,36.93511581420898
2017-09-14,37.10079802552943,37.19647005785129,36.89077817058727,36.93511581420898,95042800,36.276429610702955,47.359552530824025,-106.0763378434643,-141.08948014487163,36.25994514465332,36.520501550854476,35.46362754821777,35.29634343351007,0.26343888762097833,38.428735005739284,0.36402453327015394,0.6270412545198996,0.6132762040066878,37.3084716796875
2017-09-15,36.9794431577368,37.56282554672024,36.86976698375322,37.3084716796875,196458400,47.07209767226917,51.80183150090388,-30.342256182364792,-87.22484578440152,36.342590713500975,36.55140234022048,35.50214740753174,35.33618755719675,0.23341116993283606,38.411263895616656,0.6930585629670176,0.6364722985837735,0.6189749439324256,37.02611923217773
2017-09-18,37.36214811416817,37.45315563965024,36.86977315305132,37.02611923217773,113077600,40.95100010553964,48.470505988336654,-56.31631141885898,-97.75263017386645,36.412848739624025,36.570018688924684,35.53981140136719,35.369651550760736,0.184701381972026,38.387864568001184,0.5833824865989214,0.6288880397287946,0.6164326255514609,37.04011154174805
2017-09-19,37.22212655192404,37.28280059577159,36.97244075516808,37.04011154174805,83242400,41.391626044848095,48.64675325651756,-54.75051670323353,-84.54995317731863,36.479295349121095,36.588453702760894,35.57736064910889,35.40272996642385,0.1455497792679239,38.351359913575095,0.3103598406035104,0.5833840112823255,0.5945702837694645,36.41941452026367
2017-09-20,36.84644749530164,36.9304547410289,35.89670237344012,36.41941452026367,211805600,29.860118517727145,41.814440398315526,-207.4081691259622,-165.37705904811475,36.53114318847656,36.58182471521198,35.60902717590332,35.422862333826615,0.0637024674096267,38.43464024565775,1.143409168307926,0.6633876051431257,0.6337730612364975,35.79401779174805
2017-09-21,36.35639939617449,36.35639939617449,35.64467200890081,35.79401779174805,150046800,22.49368924478445,36.28477396854876,-158.30444845136523,-203.27418998852227,36.56950691223145,36.55093032605653,35.62765701293945,35.43021194685476,-0.051038071134847485,38.608609206792,0.7747425113628594,0.679295448888802,0.6438423076740947,35.443973541259766
2017-09-22,35.36229859806313,35.53264878693808,35.13361374206852,35.443973541259766,186581600,19.37283918945336,33.60596900876875,-137.9592575645818,-222.774746605511,36.591432418823246,36.507520256064495,35.64063358306885,35.43048445367466,-0.16827663190083086,38.79400928419974,0.6604040496795278,0.6765966775731914,0.6450252892459113,35.13128662109375
2017-09-25,35.00060954145725,35.42997810617242,34.80692616960909,35.13128662109375,177549200,16.925533919863497,31.37750066422356,-109.84558576846734,-175.3979046107471,36.601200637817385,36.45355030959505,35.651525001525876,35.424559744118596,-0.2831562086748747,38.96667398962852,0.6370473716506737,0.6709467767271174,0.6444554379891086,35.73567581176758
2017-09-26,35.41831561123845,35.91769085435358,35.39731469725175,35.73567581176758,146640000,35.34413234604183,39.70076194634771,-42.5472644834863,-95.26230338889955,36.620639419555665,36.42539836850378,35.669687271118164,35.43072045832947,-0.3217213409805666,38.967104807536,0.7864042332598302,0.6874406990889336,0.654594637651303,35.990020751953125
2017-09-27,35.88968070297916,36.10436496744996,35.82900666342926,35.990020751953125,102016800,41.691242178618516,42.842646379740415,4.509224161010412,-57.44845648198508,36.64274742126465,36.408324736482186,35.68476783752441,35.441795711668554,-0.32798022330235455,38.87868117873468,0.36868915568238236,0.6419047643165692,0.6341728175106658,35.768348693847656
2017-09-28,35.91069417080666,36.00170170127656,35.63300352225677,35.768348693847656,88022000,37.90744995406651,40.84512627276479,9.380495930534524,-62.76733165446328,36.656051864624025,36.38322763677103,35.68825653076172,35.44826210735527,-0.3468294807731169,38.76349035096801,0.36869817901978763,0.6028752521313147,0.6152103433327459,35.96436309814453
2017-09-29,35.75201457498744,35.96669890697447,35.46965587924765,35.96436309814453,105199200,43.2233413422571,43.359909338120254,36.19077849697565,-54.37938669552259,36.676438064575194,36.366801576432735,35.69143688201904,35.45848192895505,-0.3420084681265436,38.577562555566104,0.49704302772682496,0.5877563629306733,0.6067698207894658,35.89202117919922
2017-10-02,35.99702930775556,36.041366943535415,35.63766728630668,35.89202117919922,74795200,41.68666439467387,42.63945189908696,56.2251649359216,-41.27777087602769,36.69570281982422,36.34818273732554,35.69558349609375,35.46706686460345,-0.34010465439478565,38.35749179924552,0.403699657228735,0.5614625478303965,0.5922648091065564,36.048370361328125
2017-10-03,35.9386941667219,36.19071583343296,35.91536100318529,36.048370361328125,64921200,46.48400164367681,44.77517329604463,97.82643684551284,-14.635662731814714,36.70963356018066,36.33642538924721,35.69822547912597,35.47857782493463,-0.32226492649329685,38.200513131314466,0.2986946542337421,0.5239242773165887,0.5712955123299268,35.81502151489258
2017-10-04,35.850026605282906,35.9036968043932,35.5770039915245,35.81502151489258,80655200,40.65958843431334,42.24691722999632,-56.463771182007534,-42.76230662607747,36.71587577819824,36.3159781784882,35.69353649139404,35.485240076220926,-0.32323011971642046,38.03374487603653,0.4713663698036257,0.5164160048147368,0.5641577164351911,36.26072311401367
2017-10-05,35.97836441274606,36.27239147633922,35.94803094352074,36.26072311401367,85135200,53.611743699720655,48.25672911847475,129.98066814638113,25.061849140612996,36.727684860229495,36.313811313214686,35.69423431396484,35.5005961759792,-0.28474824758565376,37.873462314536006,0.4573699614466449,0.5079808557621522,0.5565300196502949,36.239723205566406
2017-10-06,36.16271628489837,36.28406084722537,36.06704069612739,36.239723205566406,69630400,52.976132217832706,48.003266225038914,102.7733250075666,52.79406061725303,36.752555465698244,36.31090589722848,35.69525676727295,35.5152323547829,-0.25302884476576537,37.80855690815588,0.21702015109797657,0.4664150408101272,0.5322793147537007,36.3657341003418
2017-10-09,36.35873379453532,36.57341814753112,36.28406267903809,36.3657341003418,65051600,56.579925329281394,49.71018145194498,128.20216867877696,127.8681066386452,36.7848738861084,36.31305602284076,35.70967269897461,35.53207397350684,-0.21524179004142496,37.609311714952106,0.3336949419647155,0.44745502668935405,0.5180947166973446,36.37971878051758
2017-10-10,36.41705610225768,36.86976133647814,36.19303929318306,36.37971878051758,62468000,57.00653936513713,49.9067185310789,113.19014854200412,142.46506442239507,36.8210514831543,36.31567024863201,35.71890563964844,35.54885901919022,-0.18206806282125143,37.42354898069038,0.6767220432950793,0.48020745763302913,0.5294252400257543,36.53141021728516
2017-10-11,36.39606505980196,36.63175029089218,36.34472711866406,36.53141021728516,67622400,61.76105024392901,52.093724874143476,90.37540929998488,119.81988890490686,36.85412666320801,36.324130639559584,35.7284468460083,35.56831547855843,-0.1419016597832936,37.30230749961711,0.2870231722281176,0.4526097025751846,0.5121108066116374,36.4030647277832
2017-10-12,36.484739694715245,36.72275716962759,36.34005842645517,36.4030647277832,64500400,55.68264521585523,50.10067411593089,64.2548758321884,101.88764856442451,36.8516748046875,36.32722609399973,35.73454292297363,35.584845166661886,-0.11905352938865121,37.22836120142945,0.38269874317241914,0.4426224226605039,0.5028670877945504,36.63407516479492
2017-10-13,36.57340112846016,36.70174594299575,36.49873004771037,36.63407516479492,65576800,63.27294383979714,53.54571515781062,104.54053441645316,115.4263665049752,36.86114181518555,36.33925939089365,35.743390579223636,35.60562199830808,-0.0813676541396191,37.08487156491233,0.29868121521254665,0.4220593930250814,0.4882823826101215,37.3084716796875
2017-10-16,36.84643026392048,37.33647289493997,36.78809202502214,37.3084716796875,96486000,76.80393980701464,61.83055262475548,210.7362060175228,189.64094692885965,36.88028495788574,36.37726771594439,35.760051536560056,35.63934179397896,0.002883595794948235,37.158125079617335,0.7023977301450515,0.46210772689936286,0.5035763360054737,37.44614410400391
2017-10-17,37.285130016283695,37.539483849592095,37.15678519558765,37.44614410400391,75989200,78.67509251986166,63.27063699508221,141.93251332233714,181.7973077686514,36.89093154907226,36.41918443704477,35.77685729980469,35.67512005754381,0.07984196397069354,37.26220285415171,0.38269865400444303,0.45076357362866,0.49494221586254294,37.28046798706055
2017-10-18,37.43448179679161,37.50215614986297,37.24313421920023,37.28046798706055,65496800,70.67126686668915,60.3211964753996,87.15102540207818,147.03480930307478,36.892360305786134,36.45296026253558,35.792610549926756,35.70690912545503,0.1260107734237792,37.40402672257308,0.2590219306627404,0.42337191034781435,0.4780907669196999,36.39839553833008
2017-10-19,36.57807832357771,36.65508523154097,36.174378679422176,36.39839553833008,170336800,43.30600459262803,47.59894916015941,-74.5640488572763,-13.937488531001287,36.871591567993164,36.45082046942949,35.79940372467041,35.72060192570998,0.09038214362734465,37.41979050266231,1.1060893076383707,0.5209029671036081,0.5229478055424621,36.461402893066406
2017-10-20,36.54541010775939,36.811432360839845,36.39373209599778,36.461402893066406,95896400,45.07829358361044,48.43554555140737,-51.414171141992,3.961199962221568,36.875931930541995,36.45123546643486,35.80894218444824,35.73527125179625,0.066464206772892,37.412668644197716,0.41770026484206824,0.506159723923388,0.5154301240638626,36.44274520874024
2017-10-23,36.61075968875374,36.79744283995597,36.28639909330529,36.44274520874024,87937200,44.59666402510824,48.190195667043604,-60.53789879532443,-12.551339238119617,36.86981826782227,36.45090251515271,35.81731777191162,35.749280637082265,0.04547929331648248,37.34002095318605,0.5110437466506781,0.506857441455858,0.5151168113914922,36.65975570678711
2017-10-24,36.4707367962146,36.73442681112196,36.44973588193455,36.65975570678711,71028800,51.612065664469924,51.28137613446988,-41.90623811346143,-3.351065849430149,36.85698387145996,36.459092836393275,35.82258708953857,35.76730984638335,0.045831218021703535,37.348662039599624,0.2916816023817219,0.47611803587383855,0.49915715360508006,36.49873733520508
2017-10-25,36.61541381522758,36.764759567229056,36.23271510318111,36.49873733520508,84828400,46.513615283195875,48.947784713478484,-50.280386357509634,-37.73774468203131,36.83276153564453,36.460647522621194,35.82977924346924,35.78179355903328,0.03273987904037767,37.353967402863006,0.5320444640479494,0.48410752561299725,0.5015062472081422,36.73209381103516
2017-10-26,36.69008842265107,36.83010163635278,36.58508029271675,36.73209381103516,68002000,54.16855421382232,52.333187669217445,16.679313728011426,6.573340320392527,36.81624015808106,36.471292475108015,35.83809623718262,35.800611385805595,0.04072535934583499,37.35589701732439,0.3313643011477012,0.4622870649750978,0.48935325106096783,38.04819488525391
2017-10-27,37.17078561413881,38.17653970530351,37.033108243850606,38.04819488525391,177816800,76.39628226918308,66.0193464464503,233.33333333333334,182.22282036983455,36.84046188354492,36.53313178530981,35.85743583679199,35.84511798975507,0.1515058030060672,37.66072864981291,1.4444458942683482,0.6025954691598479,0.5575741541472092,38.90460586547852
2017-10-30,38.24421655987855,39.21963378647606,38.204546983869406,38.90460586547852,178803200,82.74820898221869,71.71124297172645,166.25806397479636,233.77533630655276,36.883491897583006,36.62613076884584,35.8862228012085,35.90570190808623,0.3048907210711107,38.16491726273942,1.171438901222146,0.6838588165973191,0.6014216360811334,39.445987701416016
2017-10-31,39.17996543633241,39.58833316716065,38.95594856083255,39.445987701416016,144187200,85.60514549321883,74.60690004594161,125.29158640318877,210.8147269942296,36.938703002929685,36.736713393652515,35.934393348693845,35.975806577261075,0.4647767067971813,38.721518639684334,0.6837273016821257,0.6838400287522914,0.60730061219549,38.94428634643555
2017-11-01,39.63967736656179,39.65601378750189,38.64559475816584,38.94428634643555,134551200,72.60568290900034,67.69184140096546,78.98309723196294,144.3619593463394,36.97188591003418,36.82328488199695,35.985821647644045,36.03458835486849,0.5447251435721867,39.00778857763095,1.0104190293360489,0.7304941716928283,0.6360947848483871,39.228965759277344
2017-11-02,38.87660407591348,39.319973270116144,38.56857646342304,39.228965759277344,165573600,75.10800291003122,69.42364280128126,57.168241864379034,110.98989212030608,37.009829177856446,36.917625308556964,36.037377243041995,36.097843352975595,0.6238645825989977,39.33235540397993,0.7513968066931014,0.733480262407153,0.644330643551581,40.25339126586914
2017-11-03,40.60342075513756,40.66409125143115,39.93136299632327,40.25339126586914,237594400,82.00781643414311,74.68274390677783,124.14005660304095,151.40584264365944,37.07157432556152,37.04843965982411,36.102500953674316,36.18013143045863,0.7604794019338854,39.86020027525824,1.4351254921538086,0.8337152952281038,0.7008159898803115,40.66176223754883
2017-11-06,40.22305743668597,40.83444474783587,40.07137940354563,40.66176223754883,140105200,84.06239159661357,76.4235983568962,124.76694118549847,128.93762590329268,37.13873352050781,37.19013858444077,36.17373058319092,36.268876594955465,0.8914239743452512,40.400891299792306,0.76306534429024,0.8236224450941233,0.7052623723381635,40.79243469238281
2017-11-07,40.58241843039198,40.89511057537708,40.51007957483256,40.79243469238281,97446000,84.71403067404312,76.96931420646996,98.33455031092348,114.06568630786784,37.20099197387695,37.33140509847771,36.2509623336792,36.35845200282532,0.9942812115278628,40.87829020056547,0.38503100054452233,0.7609665244441803,0.682388702924332,41.12612915039063
2017-11-08,40.7574310266021,41.12612915039063,40.68042411840414,41.12612915039063,97638000,86.37387742758125,78.34761621702862,90.4319110676815,108.66436791673172,37.263203887939454,37.48021780639586,36.322070617675784,36.45286145129195,1.090156026921953,41.3589420217515,0.4457050319864919,0.7159291683787963,0.6654827264287719,41.04212188720703
2017-11-09,40.862439101633605,41.0934598259423,40.40273346157568,41.04212188720703,117930400,83.70433044605912,77.09670676985829,64.27597119590797,92.60079819426373,37.3216820526123,37.619900319368845,36.39543025970459,36.543737895567496,1.1461467584220841,41.73585356842553,0.7233956888149535,0.7169958141553902,0.6696193665992134,40.90629196166992
2017-11-10,41.009336952342,41.07256975543336,40.81261664659578,40.90629196166992,100582000,79.09307652888941,75.01130323351661,65.08584943953976,86.80397854104562,37.374409942626954,37.748778422988494,36.465432739257814,36.630125104797244,1.1661172034756717,42.03528965235952,0.2599531088375855,0.6517039991099896,0.6403574910448114,40.74236297607422
2017-11-13,40.6322925030115,40.86648439063693,40.60887188485511,40.74236297607422,67928400,73.39966876968451,72.46376820250728,7.555113686821805,67.73756719069009,37.42362609863281,37.86617389565852,36.53435367584228,36.71155555769381,1.1553975225045932,42.28648086493653,0.2974200768148094,0.601092010210678,0.6158619614569542,40.12643051147461
2017-11-14,40.52455593969533,40.62760092491378,40.088958958034446,40.12643051147461,99130000,55.79421801598545,63.70879409710344,-161.15018475917537,34.79196860246501,37.469717559814455,37.95481141000425,36.59560440063476,36.779176843907294,1.0846977750235354,42.42325483283017,0.6534040180397724,0.608565154186263,0.6185435369271554,39.59715270996094
2017-11-15,39.805583283429314,39.88755184848869,39.43321915332573,39.59715270996094,116632400,44.97849930863645,57.30202344835043,-175.878510714351,-22.407839862802607,37.50601692199707,38.01921695117902,36.65263160705567,36.83497834620538,0.9747234157649345,42.47999042177156,0.6932113581488792,0.6206574690380654,0.623876952728707,40.07024002075195
2017-11-16,40.08897223018964,40.25056523110003,39.88288576500823,40.07024002075195,94550000,54.23069687958801,61.07046126873792,-66.6333274165299,-2.1490136142252854,37.55481185913086,38.09964922841717,36.71924766540528,36.89904293382016,0.9151923680241225,42.49121893866929,0.6534125211390958,0.6253367621953555,0.6259866361865919,39.847747802734375
2017-11-17,40.05617843744174,40.13814702658429,39.728311227840685,39.847747802734375,87598000,49.649802219067205,58.457387494284724,-69.10719195857716,-31.26289935529618,37.61143142700195,38.168202113684515,36.778757667541505,36.95743312924421,0.8403730241343439,42.4384599503384,0.4098357987436074,0.5945509102736771,0.6105472906549502,39.80792999267578
2017-11-20,39.88052889502063,39.943761695620736,39.709569843677855,39.80792999267578,65049600,48.78932521952817,57.97926365861277,-64.80589969720695,-48.801724379257074,37.653859786987304,38.2325051677626,36.84286693572998,37.0138786116884,0.7690006299808658,42.322846390510136,0.2341918519428816,0.5430710447978492,0.5836647593183739,40.54799270629883
2017-11-21,39.99529958008459,40.67913962209789,39.99529958008459,40.54799270629883,100525200,62.77759773463203,63.890733702231024,62.70251015272267,16.48303326922871,37.71407653808594,38.32330860064638,36.91358642578125,37.08386106900741,0.7633548894376148,42.24057303931941,0.8712096294221112,0.5899479854584581,0.6042036786114979,40.974212646484375
2017-11-22,40.59950421138276,40.98357874929391,40.52690530078438,40.974212646484375,102355600,68.54977177248071,66.78854229564907,145.60717375976319,72.36105666093779,37.78846473693848,38.42726562205179,36.989776878356935,37.160897733907944,0.7842328384918886,42.07231255203938,0.45667344850953384,0.570908765894326,0.5936658050327862,40.97655487060547
2017-11-24,41.00700095951698,41.100676285189095,40.901611751280086,40.97655487060547,56106800,68.5810087303219,66.80430795460546,116.24565372805475,87.51433196000715,37.86929351806641,38.52723774944605,37.064619331359864,37.236455300971265,0.7918399237094036,41.782679638245675,0.19906453390900936,0.5177881613249952,0.5654799999525164,40.77045440673828
2017-11-27,40.99528013355327,41.00230560250214,40.594810536049096,40.77045440673828,82867200,62.23531467660706,63.92853784968338,64.0737506600448,47.673372285514596,37.93853317260742,38.615207030124175,37.1405619430542,37.306435481283486,0.7723350113210827,41.65088707000338,0.4074950664530448,0.5020320049147166,0.5541953618454113,40.53157424926758
2017-11-28,40.81962914640315,40.95311660664332,40.24820061495932,40.53157424926758,105715200,55.31443018743835,60.66867024465484,18.669306730541,15.323376303170216,38.00864227294922,38.69035868577686,37.21074550628662,37.370299615302976,0.7291958792377358,41.59649502080194,0.7049159916839969,0.5310154315960424,0.564961121119596,39.69083023071289
2017-11-29,40.428536637126456,40.49645069529323,39.14750704492756,39.69083023071289,166665600,37.974501919962876,50.84219289205224,-116.09534180334273,-99.75191327085678,38.061656646728515,38.729592864009646,37.270475997924805,37.41625071659822,0.6200195904645156,41.57935010322132,1.3840672043400204,0.6528799705594678,0.6234686984924834,40.245872497558594
2017-11-30,39.91331691229435,40.31378656450264,39.447277398767646,40.245872497558594,166108800,50.0376524973459,55.91838272034403,-88.9681687677936,-54.60110813210801,38.138185806274414,38.78905481042333,37.334664497375485,37.47228283107268,0.5716937377499391,41.471939219071196,0.8665091657349961,0.6833984270131147,0.6408287318669486,40.05851364135742
2017-12-01,39.800901196358375,40.20371143391119,39.46132375412056,40.05851364135742,159037200,46.47780755454333,53.89523058657461,-76.00879057292961,-60.98477178639054,38.2234757232666,38.83883750967565,37.396491317749025,37.52349532236545,0.512370568458941,41.38645069461163,0.7845487434380303,0.6978484722166741,0.6510944469791687,39.76578140258789
2017-12-04,40.3934139172538,40.4262006370724,39.72596921234276,39.76578140258789,130169600,41.14240766452205,50.80251379203246,-49.369598415792936,-42.92431434496322,38.30991188049316,38.87518825057417,37.4506721496582,37.56789702692431,0.43670146158029155,41.40401339285692,0.7002314247296368,0.6981888940042402,0.6546042311042022,39.728309631347656
2017-12-05,39.59247791469007,40.16859150096301,39.43791041916752,39.728309631347656,109400800,40.448967111804606,50.40379071764666,-69.1684499301061,-68.41927530038534,38.40185234069824,38.90864399099666,37.50152648925781,37.61067747453665,0.3694506928262271,41.393594151898924,0.7306810817954883,0.7028306351172756,0.6600382918678654,39.58076858520508
2017-12-06,39.22714013077905,39.85945749580217,38.98358214647934,39.58076858520508,114240000,37.542296659194804,48.780393540764365,-137.1148149688309,-116.08930539142186,38.47875419616699,38.93500181822052,37.54969680786133,37.6496891796984,0.3007814236790338,41.36796984010421,0.8758753493228255,0.7275513085752113,0.6754552245432197,39.65336227416992
2017-12-07,39.58544464248466,39.91565597961547,39.55734276646798,39.65336227416992,102693200,40.0165961406226,49.63984107494797,-46.591277052607886,-69.1656245542409,38.55202102661133,38.96317281649305,37.597384223937986,37.689365874638426,0.2493439552483281,41.26056629748513,0.35831321314748976,0.674803009228394,0.652802223729239,39.665069580078125
2017-12-08,39.92736686279802,40.04680341107865,39.53626693081782,39.665069580078125,93420800,40.46038578063497,49.78617641079001,-23.908734663243205,-59.709954104441664,38.629955444335934,38.990698179770895,37.64300365447998,37.7284887202907,0.20713633395484976,41.1493418303608,0.5105364802608321,0.651336362233028,0.6426403849100671,40.43790817260742
2017-12-11,39.625262129811176,40.48943066785845,39.52924260925388,40.43790817260742,141095200,62.071917981585244,58.383186865706136,135.50743983224407,0.12828410341954113,38.7194263458252,39.04745151282331,37.697932205200196,37.7821405906336,0.23335809862521018,41.075215701378205,0.9601880586045723,0.6954580331432486,0.6653223616025318,40.21074676513672
2017-12-12,40.31613240085287,40.37233974086098,40.15454299861325,40.21074676513672,77636800,55.2009400283843,55.381802065327655,115.1180244567627,18.009550288465178,38.80580085754394,39.09307093448266,37.75075183868408,37.830231802009905,0.23312172677525922,41.0080478229229,0.28336517399417005,0.6365876246933803,0.6380397053447916,40.344234466552734
2017-12-13,40.39809759610526,40.64165556869939,40.28100166104409,40.344234466552734,95273600,58.36087725177587,56.78763371822897,111.7866900924063,57.78805686168678,38.89171813964844,39.14213617103443,37.80067584991455,37.88001403299095,0.2409284688658957,41.02455097886338,0.4309088035626729,0.6072049359604221,0.6232446409317831,40.3325309753418
2017-12-14,40.37468380381599,40.5456464708101,40.19903987153695,40.3325309753418,81906000,57.94282536304397,56.61919425909565,71.76705732219756,63.62078084040012,38.98206832885742,39.18881832022296,37.84897205352783,37.92857872491869,0.24336562683043894,41.031585260228866,0.3466065992731515,0.5699766021479549,0.6034847808133094,40.74236297607422
2017-12-15,40.66273859191788,40.78920063890238,40.388734512214285,40.74236297607422,160677200,67.46432613782778,60.983484840498114,113.91715875495214,132.0790033905322,39.07170112609863,39.24974164006026,37.89969299316406,37.984297224941564,0.2751948346749771,41.09967193328564,0.45666966356058225,0.5537898966354731,0.592997986723829,41.31612396240234
2017-12-18,40.95547010132362,41.49879331162822,40.95078526395058,41.31612396240234,117684400,76.24742762860254,66.12206162023068,179.49358241197712,218.98849360688914,39.17322914123535,39.330776240936416,37.962892303466795,38.050273992019996,0.3427662319277829,41.280297801633424,0.7564303355540005,0.5827385307666912,0.6046717259259841,40.87584686279297
2017-12-19,40.99060216399013,41.074911378985455,40.77046123741989,40.87584686279297,109745600,61.406960578003314,59.63193673691201,72.01579484491981,123.79720422339638,39.26343139648438,39.39136724571511,38.02415264129639,38.1062259300551,0.35667879753390963,41.34339102981731,0.5456627249824493,0.5774419870832281,0.6004567972871602,40.83134841918945
2017-12-20,40.95312560214396,41.08193182784955,40.57373596777827,40.83134841918945,93902400,60.029272293696536,59.001598211905986,38.34750453824655,92.46309846395884,39.352463989257814,39.44783709565528,38.08675773620605,38.16018875162212,0.35996450673804503,41.37735748019297,0.5081958600712824,0.5675496832243787,0.593866730343169,40.98591232299805
2017-12-21,40.78919203651704,41.22244836664475,40.77280046605222,40.98591232299805,83799600,63.36042004552601,60.56103710950105,57.672129902084095,99.33288907216243,39.44155403137207,39.508153771237346,38.14784034729004,38.21614367382759,0.3707665047745792,41.37938748263895,0.4496479005925309,0.550706571419829,0.5835653853609806,40.98591232299805
2017-12-22,40.90862858756254,41.0819318343104,40.86647577195255,40.98591232299805,65397600,63.36042004552601,60.56103710950105,40.546275995019506,83.36466606919622,39.53321098327637,39.566105086992664,38.192442893981934,38.27099057777156,0.3750043493356827,41.38101080340876,0.21545606235785186,0.5028136415538322,0.5572718622893286,39.946102142333984
2017-12-26,39.99996526263691,40.156873359855865,39.73766798317328,39.946102142333984,132742000,35.9365841488155,46.701527229118746,-197.6418765042849,-66.84668142503806,39.599451522827145,39.58100693230016,38.23029666900635,38.30416110380251,0.2911032234051021,41.33326002742995,1.2482443398247653,0.6093037413068227,0.6066270392561455,39.9531364440918
2017-12-27,39.83604050325153,39.99528926752172,39.74470581233551,39.9531364440918,85992800,36.154682771041664,46.7902423120033,-120.4184025256571,-83.66168956080374,39.65234481811523,39.59560024648807,38.26631488800049,38.33681408083794,0.22261244826177062,41.308751729309215,0.2505834551862094,0.5580579861467351,0.5811953546797215,40.0655403137207
2017-12-28,40.04680453775048,40.24586903063577,39.92502378068592,40.0655403137207,65920800,39.96494446586545,48.271920885086566,-62.86735869520584,-62.89317453652289,39.704732742309574,39.61402926873249,38.29783214569092,38.37104628346928,0.17538138100292855,41.298382734735746,0.32084524994984776,0.5241704524043226,0.5625989186275876,39.63228988647461
2017-12-29,39.934399405467246,39.95079097845605,39.62994925418604,39.63228988647461,103999600,31.508957318623473,43.27046232043439,-82.07037401113129,-118.66769636476724,39.75176918029785,39.61474537138904,38.32206474304199,38.39602140432087,0.10181704771779465,41.30717001260907,0.4355910595346657,0.511516253422943,0.5535269286923789,40.34188461303711
2018-01-02,39.85008389872191,40.3512542876815,39.63930910102925,40.34188461303711,102223600,51.22761226432922,52.03591451485062,-21.896419218847726,-56.55057853115867,39.83063896179199,39.6432606357674,38.35111526489258,38.434553349047924,0.0996267129584325,41.31796609424159,0.7189644012068896,0.5411517031063641,0.565343891014844,40.334869384765625
2018-01-03,40.40512766850166,40.878196300607264,40.271640145539465,40.334869384765625,118071600,51.05806683177433,51.95045301084331,66.21219130483765,3.3330595599342994,39.90810829162598,39.67038254749282,38.39202011108399,38.47218336955718,0.09621567221125815,41.32073420561947,0.6065561550677998,0.550495196243712,0.5682876241614837,40.52222442626953
2018-01-04,40.40746910809244,40.62526943467592,40.29974283456564,40.52222442626953,89738400,55.6332641137075,54.11775895537504,114.19112560844079,0.5129803763232536,39.98969787597656,39.703788111366414,38.429758071899414,38.512778241967325,0.10739243080895022,41.33004021334648,0.3255266001102797,0.5183568253675074,0.5509475510149692,40.98358154296875
2018-01-05,40.61824275925756,41.0702314004302,40.52690806332976,40.98358154296875,94640000,65.02600905132928,59.01964453340554,129.15604629544833,56.358038311924275,40.076174392700196,39.75397608907631,38.46657913208008,38.561705040006956,0.15172872185939923,41.37416141369445,0.5480069741606712,0.5225925609093879,0.5507375098110907,40.83134841918945
2018-01-08,40.83134841918945,41.12642884886456,40.73298470248056,40.83134841918945,82271200,60.1257996351301,56.86095916955812,99.34868674149837,56.800102266484366,40.16282661437988,39.796225984374864,38.49779407501221,38.6066484732581,0.1725920770890781,41.384239170479056,0.39344414638400593,0.5041427874057619,0.539502269566299,40.82666015625
2018-01-09,40.8781826422092,40.99761918321448,40.61120411200408,40.82666015625,86336000,59.963445366972984,56.79206730793299,67.85242467347018,52.33638306002729,40.24471794128418,39.836635167585655,38.53047904968262,38.650609100644076,0.18659715691101297,41.37661810800657,0.38641507121040064,0.48732454223499605,0.5285674696837348,40.81730651855469
2018-01-10,40.552672089595646,40.81965072469063,40.51520052627022,40.81730651855469,95839600,59.58891786290207,56.6446102385305,27.42389737883335,39.95370319187833,40.3001001739502,39.87509286762366,38.57028102874756,38.69351400000864,0.1946971753381348,41.403843033398324,0.3114596299797796,0.4622009833413937,0.513059766847738,41.04914855957031
2018-01-11,40.88755560589044,41.09833042205364,40.86413856419507,41.04914855957031,74670800,65.77118104645415,59.45466718505764,104.20896676096973,85.16965013378882,40.34299102783203,39.92113426730784,38.61324146270752,38.74016022891085,0.2173190941829901,41.45834482069878,0.281023903498955,0.4363185433639024,0.4964857766085392,41.47304534912109
2018-01-12,41.2599298489405,41.53627816671551,41.13580841993094,41.47304534912109,101672400,74.19290285322569,64.04349832444774,181.81184345916603,134.94852321978524,40.38353218078613,39.98199352541817,38.66111759185791,38.794276765944716,0.2663813774109798,41.5879288197102,0.4871296071451994,0.4435772667612306,0.49581747878972926,41.26226806640625
2018-01-16,41.66273418158303,42.011681370568965,41.250557757664666,41.26226806640625,118263600,64.92593505875968,60.38392142244836,134.2635425169025,136.6837690427787,40.42989181518555,40.032200370162805,38.700888862609865,38.84314788080534,0.2849706607786118,41.65998797242598,0.7611236129042993,0.4889410304959547,0.51476791694077,41.94377517700195
2018-01-17,41.252906139791456,41.97890253634122,40.99998200557837,41.94377517700195,137547200,76.15890977226024,66.95823408460078,105.01676598975214,133.94769069528775,40.48418800354004,40.107164088078065,38.74700859069824,38.904546441126065,0.35065262482323334,41.863851371768405,0.9789205307628492,0.5589381019626539,0.5479216750709185,41.981224060058594
2018-01-18,42.00698530300974,42.17794790326898,41.74469161004063,41.981224060058594,124773600,76.6385588105151,67.27956396581128,118.21077108694698,154.87798669755028,40.51874465942383,40.18065663599887,38.79515949249267,38.96547075041186,0.4011041870413692,41.99791314140813,0.4332562932283466,0.5409835578577529,0.5397312906535919,41.79386901855469
2018-01-19,41.828996358168105,42.05616268362333,41.54796692081124,41.79386901855469,129700400,68.58479953107846,63.929886475182954,72.09546026950802,110.48387930217925,40.54138679504395,40.243919866687335,38.84006015777588,39.021478636909734,0.4211150750747379,42.121344235918386,0.5081957628120861,0.5362995871369434,0.5374787529506272,41.451961517333984
2018-01-22,41.52221979392465,41.63463089237908,41.358286197536025,41.451961517333984,108434400,56.04529186248166,58.23205175238184,-17.465123794487553,56.69693221704859,40.554577331542966,40.291294049065634,38.87778465270996,39.06960701077952,0.4047194165980912,42.18067250949367,0.43558282101866297,0.5219114776914747,0.530200472098344,41.46132278442383
2018-01-23,41.5222149513268,42.02338535811327,41.4098038659825,41.46132278442383,130756400,56.30050429915657,58.341528009593205,0.6001352796158584,66.86945978603875,40.56128120422363,40.33717752888361,38.91224254608154,39.116967719168514,0.38800839588882496,42.22957446557291,0.613581492130777,0.5350071940399465,0.5361562592435177,40.800899505615234
2018-01-24,41.51050044023823,41.52221074603233,40.56202284665312,40.800899505615234,204420400,38.09510710582956,48.652980568080565,-187.0531423807122,-43.23552314945093,40.5564567565918,40.35536270444172,38.93906940460205,39.15031290305855,0.31781062926419423,42.2199072804786,0.960187899379207,0.595747294802698,0.5664442335389241,40.07257461547852
2018-01-25,40.86882561555477,40.9718706193614,39.93674288986839,40.07257461547852,166116000,26.902521416511675,40.63802797274129,-165.56834260775133,-141.87220279070405,40.53978240966797,40.344272975462765,38.95709617614746,39.16857551122528,0.20109061427086772,42.20983313550768,1.0351277294930057,0.6585159283298847,0.5999216261070729,40.1662483215332
2018-01-26,40.28100362995669,40.28100362995669,39.82667080795431,40.1662483215332,156572000,29.989024385622386,41.96230515418133,-117.6061472317638,-150.9139968567934,40.52826011657715,40.33729161648514,38.975943107604984,39.18833140845909,0.11482422449674345,42.19376054016048,0.45433282200238523,0.6293469131402419,0.5895224258138809,39.33486175537109
2018-01-29,39.85008307212637,39.85008307212637,39.126431167404846,39.33486175537109,202561600,20.866047366170136,34.58737149755737,-123.9680206319013,-187.2557449412423,40.512428741455075,40.297980641539496,38.99107315063477,39.191232999487056,-0.02039337646739625,42.2826350164297,1.0398171541283574,0.6879855189956869,0.6216863349792006,39.10300827026367
2018-01-30,38.76577147943991,39.196683568388686,38.571391841021125,39.10300827026367,184192800,18.98680203059824,32.85327690740466,-119.68906253341181,-180.51414036007552,40.502545852661136,40.25111897992084,39.0042813873291,39.189485975146,-0.14459612388128562,42.36145400687006,0.7634699143499617,0.6987690040462977,0.6318137335056836,39.21072769165039
2018-01-31,39.07958086767287,39.44726367455829,38.99293105329121,39.21072769165039,129915600,22.757541720194553,34.49645669730232,-76.61231735910921,-123.36203255254446,40.4853556060791,40.21031932155729,39.02008373260498,39.189906603195595,-0.23166514736978883,42.44901334516258,0.45433262126708485,0.6638495207921243,0.6191365112029266,39.29272079467773
2018-02-01,39.14986357783715,39.48944115356095,39.053844031185164,39.29272079467773,188923200,25.823506595591425,35.78460950252685,-52.15019264080005,-96.38018326849024,40.474255065917966,40.174335065601234,39.04284324645996,39.191942527779396,-0.29070079974897567,42.508841616438744,0.43559712237578907,0.6312420353040764,0.6060265548581311,37.58779525756836
2018-02-02,38.87585054676852,39.06320475807632,37.49411993865664,37.58779525756836,346375200,13.15572216753425,24.84408096791782,-162.87693967983208,-143.57216826085838,40.42985237121582,40.07290213195289,39.041856079101564,39.16017723529997,-0.4696464300747394,42.82404239521479,1.798600856021089,0.7980075811207925,0.6912104335126281,36.64867782592773
2018-02-05,37.25991859617889,38.3793551679824,36.53392255197071,36.64867782592773,290954000,10.002496059966276,21.03007021662421,-156.20809254894488,-156.89478530725725,40.3518660736084,39.938618825834254,39.03297130584717,39.110444573728245,-0.6794092525967415,43.171105408381706,1.845432616011692,0.9476397289623496,0.7736548751197041,38.1802978515625
2018-02-06,36.25992535441477,38.34189080334102,36.06554568586119,38.1802978515625,272975200,38.19091238872216,37.80103212713048,-82.697642958881,-116.47215217602131,40.29598777770996,39.86966506213732,39.04222625732422,39.092025826754664,-0.7138302738656677,43.182395081962824,2.276345117479835,1.1374547844648475,0.880989892431142,37.36296463012695
2018-02-07,38.19434637791094,38.26694527664845,37.25289775278819,37.36296463012695,206434400,31.9589164183962,33.68933211671282,-55.75025446885661,-98.71010400201497,40.22371597290039,39.771363084411426,39.0465047454834,39.05778699117788,-0.7978638634773034,43.24371217445287,1.0140475238602562,1.1198251758070488,0.8904940089617931,36.33486557006836
2018-02-08,37.53861158489397,37.70488937746302,36.30676369044482,36.33486557006836,217562000,25.78435629577328,29.36283653858085,-101.7287607402717,-124.96543104174448,40.13500419616699,39.636598476005815,39.036768684387205,39.0038677551163,-0.9366232804885115,43.38128235309523,1.3981256870182008,1.1595823916943562,0.9267534145372508,36.7792854309082
2018-02-09,36.93448306856445,37.12730144027597,35.328431147610246,36.7792854309082,282690400,32.373599489595165,33.3476024999798,-115.79161512364611,-120.39753086873351,40.059958419799806,39.5245469840412,39.034300346374515,38.95981661998347,-0.9992118572765705,43.35605912775194,1.7988702926657254,1.250909234690266,0.9890474772607132,38.26072311401367
2018-02-12,37.27075387708362,38.53819451209446,37.03795734034748,38.26072311401367,243278000,49.7307729495359,44.572222441480584,79.95708355952885,-34.106842434693945,40.03135627746582,39.474985263647966,39.04650646209717,38.94597318422169,-0.9186840967656309,43.13749571518532,1.7589090811862533,1.32348064133255,1.0440375918268232,38.64400863647461
2018-02-13,38.0820081550772,38.74041964665234,38.01146342597023,38.64400863647461,130196800,53.34524184153643,47.05645690433906,129.39367805829372,5.658074231995448,39.99931900024414,39.44239794493529,39.068752403259275,38.9399936882267,-0.8145477287984519,42.92511848228147,0.7289562206821145,1.2385485812396306,1.0215317796022012,39.35651016235352
2018-02-14,38.33832431041755,39.39648467904627,38.300703557565605,39.35651016235352,162579600,59.639054210215164,51.415681993973365,130.86810051158338,52.86138818212549,39.985278930664066,39.439029796598746,39.104377326965334,38.94824153919951,-0.6668390825569261,42.58971531073439,1.0957811214806625,1.2181532298454925,1.0268353040220914,40.67802429199219
2018-02-15,39.925552067246045,40.70153680648208,39.73978777414594,40.67802429199219,204588800,68.75872889367223,58.27747444187688,148.48862974148435,146.03345848941913,40.00352378845215,39.48761781602594,39.15671783447266,38.982494663017185,-0.43809369886309923,42.35376527530331,1.3450266441285592,1.2362780033145018,1.0495632568868392,40.54633331298828
2018-02-16,40.5298749140164,41.108337225733806,40.3911392578911,40.54633331298828,160704400,66.99871739366556,57.40735691356191,111.90091542563704,147.65604097942804,40.01988426208496,39.529136070808775,39.2108683013916,39.01346176499681,-0.26438997265471187,42.12677208120247,0.7171979678427078,1.1621237125328168,1.0258228790979727,40.40996170043945
2018-02-20,40.45699032267764,40.97666251869846,40.30884675397618,40.40996170043945,135722000,64.98896737348466,56.467145195376744,79.10130282248119,118.76958468708186,40.03646812438965,39.56367825236292,39.25761116027832,39.041115229064985,-0.13616296568446273,41.9430291808291,0.6678157647222847,1.0915082914170264,1.000250942356852,40.226539611816406
2018-02-21,40.64039642899439,40.9437340323257,40.21242779868548,40.226539611816406,149886400,62.067415108556084,55.15861484252635,54.37938531762467,98.90926000209579,40.04793167114258,39.58967281547874,39.29997634887695,39.064588979218485,-0.048780457712631176,41.71988175157297,0.7313062336402183,1.0400508545917682,0.9810406060199496,40.56280517578125
2018-02-22,40.39820320572218,40.90376716834371,40.37704086415469,40.56280517578125,123967600,65.39472938381608,57.12041163672873,53.518652638160006,93.84900143767698,40.06588638305664,39.62783486882394,39.34792091369629,39.094256626675175,0.04706212722787484,41.67793745335667,0.6772275565273063,0.9882189548682737,0.9593396739133322,41.26824188232422
2018-02-23,40.83792303213014,41.30351244871162,40.80735281589202,41.26824188232422,135249600,71.51093445037374,60.97742600205862,118.3869763219656,98.86343936277643,40.08249305725098,39.692164555627876,39.400959701538085,39.137305839658325,0.17789030424476948,41.88248865847427,0.7407072729303721,0.9528601431628593,0.9437230738431207,42.08419799804688
2018-02-26,41.46811489745136,42.18295916461196,41.435194508596325,42.08419799804688,152648800,76.99719188740812,64.90919025779738,181.56900455110988,112.7411153568454,40.11996208190918,39.78596978866392,39.46288146972656,39.19566013982444,0.3434542891533212,42.24278881975597,0.9147172822877394,0.9474111630378422,0.9416512315891649,41.94781494140625
2018-02-27,42.11477065833186,42.439270627879786,41.89373221115718,41.94781494140625,155712400,74.21040853203273,63.75294462009535,124.50860037970878,104.82791057518622,40.15203369140625,39.87074802994793,39.521875915527346,39.25015825470725,0.45837609287783465,42.610509076758184,0.5455384167226072,0.8900007707070944,0.9133574590986965,41.88431930541992
2018-02-28,42.15238633749347,42.47218591856832,41.86786090603936,41.88431930541992,151128400,72.77964293351478,63.188591755611334,83.06645911669968,93.83359714755225,40.183069458007814,39.949711609378205,39.582568893432615,39.302319859671854,0.5381257049721597,42.94125197854715,0.6043250125289603,0.8491899481102181,0.891283712915144,41.150672912597656
2018-03-01,41.98309066020018,42.27467386282315,40.600430490213576,41.150672912597656,195208000,57.7665603294589,56.91905102551481,-3.752194594818031,57.95492515076324,40.19123565673828,39.99680813107309,39.63146839141846,39.338920910224836,0.5359506095505893,43.12067515151227,1.674243372609574,0.9670547230386976,0.9472094028933176,41.435203552246094
2018-03-02,40.63335240605755,41.45636589511752,40.55104962192992,41.435203552246094,153816000,61.37194674732357,58.6333036647677,-45.652689654013734,42.168458057134714,40.193617248535155,40.0532157946485,39.68342319488525,39.38043145759159,0.5508363765905315,43.32599448575508,0.9053162731876014,0.958234944488541,0.9442170364857664,41.5786361694336
2018-03-05,41.2000498848644,41.79497067660836,41.03779810746997,41.5786361694336,113605600,63.21861594184567,59.50800996175836,-22.309277214592505,56.19347528247639,40.20767303466797,40.11303620150282,39.73555221557617,39.42396026376667,0.5676635951400328,43.507651890843505,0.7571725691383904,0.9295117480099481,0.9308567173895252,41.54336929321289
2018-03-06,41.83495250859769,41.91490152976552,41.416391647125984,41.54336929321289,95154000,62.3633880726662,59.17667616527071,-8.678747970745594,61.16991456358678,40.221913452148435,40.16912769529537,39.78718872070313,39.46592875939927,0.5715649005143106,43.53865921564646,0.49850988263953866,0.8679400529570325,0.899974800621669,41.157711029052734
2018-03-07,41.13654869519906,41.35053297230407,40.97900089642305,41.157711029052734,126814000,53.184242138759394,55.535188115968666,-83.05951632068307,-3.6004580263553465,40.22534942626953,40.20789566916821,39.8334517288208,39.499429398402306,0.5373431568658376,43.616377540920695,0.5643683967898383,0.8245726735045762,0.8760029146336812,41.60684967041016
2018-03-08,41.26353397569167,41.64917434600456,41.16712657415336,41.60684967041016,95096400,60.98637657277125,58.7209987938513,1.0629112445670064,31.09049433221254,40.23776817321777,40.26275661039338,39.88548957824707,39.54116049289751,0.5402364042368148,43.63089921511612,0.49146331695182255,0.7769856225684685,0.8485358005135485,42.32168960571289
2018-03-09,41.84669599490634,42.32639354298357,41.7126606930882,42.32168960571289,128740800,70.2061974187795,63.235828342705915,189.79190563231293,110.46192079266882,40.28527992248535,40.34349908079807,39.94236572265625,39.596220475329496,0.5933709216115943,43.45699825369825,0.7195438725734036,0.7687796582834592,0.8393220913749667,42.730865478515625
2018-03-12,42.39460377768546,42.8884133622694,42.37579519615007,42.730865478515625,128828400,74.26726439903928,65.55796050036366,160.42609277725936,159.04051663006993,40.34083450317383,40.437121292473265,39.99658966064453,39.65829265361041,0.6608792778226942,43.25401598095132,0.566723756556506,0.739914529465323,0.8198507817450766,42.319332122802734
2018-03-13,42.93541504091312,43.149399299114826,42.14767611662164,42.319332122802734,126774000,64.02683709719346,61.360100802457275,90.93157004268019,120.06279334216485,40.38591033935547,40.51093348189795,40.04532154083252,39.710986504485504,0.6734101806340931,43.16006942455428,1.001723182493187,0.7773157656121608,0.8328416675127989,41.959571838378906
2018-03-14,42.40164872056668,42.448677336361385,41.81142828997484,41.959571838378906,117473600,56.1329089868374,57.871433271313656,17.870708597724306,45.879432576113054,40.432455978393556,40.56774282921093,40.0921125793457,39.75551294674082,0.6468548233313243,42.97700722544314,0.6372490463865432,0.7573062342942153,0.8188707660037806,42.00895690917969
2018-03-15,41.97368633907431,42.38284289256637,41.87257497940292,42.00895690917969,90975200,56.9822998003275,58.222574912172,11.793196824285635,40.79193787993699,40.465797424316406,40.62426102842539,40.1482181930542,39.800135599462386,0.6226173288322912,42.85629480040785,0.5102679131634531,0.7220150455612492,0.7968277050866144,41.86080551147461
2018-03-16,42.008945453574206,42.119464660505,41.76674470342024,41.86080551147461,157618800,53.36579871546084,56.69588120442627,-51.23188352129159,12.104457837274166,40.49631614685059,40.672752968937125,40.202212219238284,39.84094094425471,0.5847141395493622,42.87537108666335,0.35271995708476567,0.6692586043503229,0.7651057230864823,41.22121047973633
2018-03-19,41.6962077406348,41.73147830463949,40.83557009838746,41.22121047973633,133787200,40.438906044320575,50.535076441726,-186.76286387091764,-81.02257149865025,40.51029586791992,40.69426110661552,40.24999687194824,39.86827301426425,0.49733267373832035,42.8408265127128,1.0252354130871524,0.72011243416987,0.7836864152293873,41.20709991455078
2018-03-20,41.20709991455078,41.5739281115856,41.13655520249337,41.20709991455078,78597600,40.18834281091868,50.40494474555855,-108.15049983708977,-64.93601468541759,40.514766235351566,40.7143724324169,40.29547031402588,39.894784438032296,0.4220781734016157,42.779900573324134,0.4373729090922325,0.6797210734444932,0.7589497362195905,40.273563385009766
2018-03-21,41.1600635760261,41.1718216248623,40.27120962241088,40.273563385009766,148219600,27.186499353051147,42.59085928864933,-136.148313469022,-152.7366821306358,40.50361053466797,40.69708580310682,40.333218574523926,39.90228501123977,0.28383793661144807,42.77136675562816,0.9358902921399022,0.716316676115266,0.7715883473567556,39.70452499389648
2018-03-22,39.974942285902976,40.60513377143826,39.64573831406428,39.70452499389648,165963200,22.101569266255723,38.656923755645764,-145.4524840284908,-192.20664848981528,40.4811678314209,40.65816184980446,40.36294288635254,39.89836897129238,0.126902062494878,42.92554375094999,0.9593954573739794,0.7510422162950822,0.7850031409294145,38.785099029541016
2018-03-23,39.596354463690304,39.95612864394828,38.785099029541016,38.785099029541016,164115200,16.340343795792037,33.30425424836902,-135.5704843814116,-206.24706116123465,40.44052368164063,40.58470840587256,40.37031192779541,39.87632402195077,-0.07084409315750406,43.261280598028144,1.1710296144072672,0.8110404160253942,0.8125764604635469,40.62628936767578
2018-03-26,39.52110078560363,40.70388819587947,39.137810582430205,40.62628936767578,150164800,48.0053298726617,48.64081199212461,-41.90206935123112,-96.61095317067452,40.43206649780274,40.58633903182563,40.38752876281738,39.89117482087602,-0.07809049476435348,43.19595153535563,1.9187891663384562,0.9692902374986888,0.8915916537403261,39.584590911865234
2018-03-27,40.8402733112041,41.18593921489509,39.2506830596845,39.584590911865234,163690400,38.409332710801436,42.66339939446388,-38.615498046506985,-91.265451921081,40.394297409057614,40.547054791827186,40.388914794921874,39.88510385238076,-0.1659764070877756,43.21254591926504,1.9352561552105954,1.1072853686003898,0.9661391181310597,39.14722442626953
2018-03-28,39.328288402944224,39.97964581343589,38.84388674020141,39.14722442626953,166674000,34.983873383304825,40.41759929781437,-96.92985736519898,-112.74918043209814,40.35199653625488,40.492159483373946,40.390944175720215,39.87049237859638,-0.2678310562537831,43.252691688422615,1.1357590732344747,1.1113530406909733,0.978254829209875,39.452919006347656
2018-03-29,39.459973121370304,40.38645183359208,39.24598873087148,39.452919006347656,153594000,39.39149829051418,42.688430547995104,-26.074432024673584,-76.0291233570187,40.302179412841795,40.45140495486311,40.39318370819092,39.86222359894789,-0.3201936091126143,43.28613462867353,1.2392274073225522,1.1296208073526273,0.9968957276464948,39.19425582885742
2018-04-02,39.18485153825864,39.725689743076046,38.67458355698248,39.19425582885742,150347200,36.92064758543933,41.2556430672793,-84.17292815008028,-95.01323290284945,40.24644004821777,40.40210498913739,40.3825923538208,39.848996514391644,-0.37820357084894596,43.30055578497208,1.0511061860935627,1.1184044328870466,1.0007679032498566,39.59635925292969
2018-04-03,39.41999919860735,39.68101222252659,38.77099549040075,39.59635925292969,121112000,43.36366226340268,44.38088409914584,-41.04219094559198,-76.84330001074319,40.20248985290527,40.37050711712925,40.37193832397461,39.84399379634289,-0.3872663324445895,43.24705458583931,0.9100167321258397,1.0886347613497314,0.9942856767409982,40.3535270690918
2018-04-04,38.77099071456574,40.44758431792256,38.74512443292918,40.3535270690918,138422000,53.743212334361104,49.79697908850837,41.65165612247018,-34.74127567885234,40.180521163940426,40.36984123289249,40.3675492477417,39.8540835641201,-0.3295526437166387,43.17155220467737,1.702459884993381,1.1763240647273956,1.0448695487590256,40.633331298828125
2018-04-05,40.58159876220138,40.96958919884977,40.46402546769554,40.633331298828125,107732800,57.1304177573372,51.66993013878566,165.19434267166244,49.13669234170494,40.16396133422852,40.38017417665468,40.362621269226075,39.86951421233215,-0.2582592152047525,43.13868194208902,0.6160621297579709,1.0962866454460491,1.0142404474018074,39.5940055847168
2018-04-06,40.20303472412208,40.55810497713796,39.55167730962481,39.5940055847168,140021200,43.368362977570726,44.96017529777625,33.58223852067676,-16.169890094596706,40.13982345581055,40.34934403579437,40.34814010620117,39.864058595943725,-0.2823685892603933,43.05114655927795,1.0816539892033177,1.0941962659828017,1.0190557003876297,39.986698150634766
2018-04-09,39.946723641103546,40.70154255952048,39.93966952695415,39.986698150634766,116070800,48.8045574081908,47.72246708887692,66.92967546366806,36.416902008459864,40.138105926513674,40.335122628533206,40.33894416809082,39.86648710197721,-0.26671392163235197,42.819104296080454,1.1075369748036863,1.0961020815286424,1.025375791417348,40.73916244506836
2018-04-10,40.680375774873454,40.91552245565307,40.334709867083134,40.73916244506836,113634400,57.84971928496785,52.628470219443365,98.30233446168337,121.01543929199954,40.14956420898437,40.35096732722086,40.33891216278076,39.8837678018404,-0.1913837520358186,42.48815881763142,0.9288243050183027,1.0722052563128794,1.018479256674559,40.5486946105957
2018-04-11,40.49931222839776,40.89671069695223,40.37468477339063,40.5486946105957,89726400,54.98104921689507,51.31571559444749,68.78452642187028,110.86056617354033,40.17384086608887,40.358721338333595,40.343134803771974,39.8969346693405,-0.14537739225816892,42.20903892410658,0.5220259235615998,0.9936082087769823,0.9830183043093478,40.94843673706055
2018-04-12,40.77678069036118,41.15066299587669,40.68977399157953,40.94843673706055,91557200,59.85534760610145,53.91393258915977,96.72711447592661,130.6162046636065,40.2107494354248,40.381847432401315,40.356647644042965,39.917756492463674,-0.07578754026700096,42.03017242356337,0.6019683852809834,0.9376596625632682,0.9558004529501789,41.08717346191406
2018-04-13,41.098931512114,41.348186388918656,40.880246848218526,41.08717346191406,100497200,61.541390539819155,54.81524380306428,113.99860651718203,130.6748058474809,40.24827835083008,40.40950727669593,40.36681697845459,39.940913264135965,-0.009334583701367194,41.84216720180487,0.46793954070012944,0.8705567880113911,0.9209532449323182,41.3434944152832
2018-04-16,41.157726513426766,41.43049754589345,41.11069789115241,41.3434944152832,86313600,64.73393795661126,56.507615290391406,110.69975543453626,124.83901325903962,40.28929382324219,40.4461342233072,40.38177444458008,39.968687148317095,0.06328333106983308,41.72479542847237,0.3433240839793896,0.7952378302925338,0.8796940191499661,41.91254425048828
2018-04-17,41.50103757309891,42.07714620383334,41.482225408708985,41.91254425048828,106421600,70.97465096910739,60.08216703793794,148.03437520928676,145.32015586888636,40.37578880310058,40.50364049888293,40.4028205871582,40.00717936816207,0.16485082002579787,41.87717208358072,0.7336517885501337,0.7864398243293339,0.869262431249978,41.81848907470703
2018-04-18,41.811434960615074,42.04893542855754,41.59275024765644,41.81848907470703,83018000,68.63264932826054,59.21587642193415,106.61317486145393,125.94433540349094,40.479185028076174,40.55520318813093,40.41552555084228,40.04304688710356,0.23504486920218426,41.99918547658633,0.4561851809011017,0.7392605895538722,0.8397569133679154,40.633331298828125
2018-04-19,40.8590700149701,41.24236010323584,40.60041091988858,40.633331298828125,139235200,46.214406462593786,49.525791170008866,-65.55372166267921,24.675060369829204,40.52824569702148,40.558267035609255,40.41211673736572,40.05473568733573,0.1928191322280739,42.02454736537373,1.2180781548184498,0.8076630988773833,0.8667798591858107,38.968505859375
2018-04-20,40.11602274007063,40.26181252512337,38.9003113167802,38.968505859375,261964400,30.100910819539692,39.69837436366013,-197.8820265292157,-132.16031092505534,40.560356521606444,40.49592346007066,40.392036247253415,40.03322618579195,0.024732333078560487,42.064686906623756,1.733019982047928,0.9398569393303182,0.9286541536759619,38.85564422607422
2018-04-23,39.22952663936423,39.25068898244387,38.585223352747136,38.85564422607422,146062000,29.29311362682256,39.13148720608114,-134.17988798266975,-169.02842970623783,40.61077209472656,40.43159878422766,40.37288814544678,40.009907731144075,-0.11624466074152906,42.05708297250359,0.6654656296967332,0.9006581808112346,0.9098549733917313,38.31480407714844
2018-04-24,38.956753566929045,39.1119512508926,37.91035146393951,38.31480407714844,134768000,25.471501307919908,36.445666207241324,-102.52902880897645,-171.10495171344846,40.641482467651365,40.3485872270873,40.350720443725585,39.97634132215406,-0.2685159394522998,42.11795122728657,1.2015997869530892,0.9436498388314997,0.9306938886461139,38.48175430297852
2018-04-25,38.23955349982821,38.89796494806505,38.19017470434135,38.48175430297852,113528400,28.8159803371138,37.86342003189141,-72.93842595353216,-127.87791027654308,40.64590309143066,40.27537809280852,40.33862968444824,39.94674553959613,-0.37143882140218665,42.179008373722716,0.7077902437237,0.9099556109589569,0.9147721997230843,38.61578369140625
2018-04-26,38.59226759085532,38.97085384618492,38.415907600882896,38.61578369140625,111852000,31.68721006264373,39.0391414776233,-54.03425293901043,-100.47532690998203,40.6453385925293,40.2102959594202,40.32232879638672,39.92038985943395,-0.43715168286837525,42.21165757965729,0.5549462453020269,0.8592399872936812,0.889070345835866,38.16901016235352
2018-04-27,38.56405485568262,38.64165368931231,37.77161170591066,38.16901016235352,142623200,27.390640834682387,36.55607292171111,-83.57048041755408,-105.00657136089343,40.6215885925293,40.13024553600582,40.30343376159668,39.885709073353155,-0.5192943865299284,42.28705000768002,0.8700419834016486,0.8607831295948195,0.8877111770905647,38.86033248901367
2018-04-30,38.124325944661024,39.330625769670974,38.05613140965605,38.86033248901367,169709600,41.668970136171005,42.63609292586694,13.769419063626376,-63.70778282772592,40.585234756469724,40.08044502435907,40.29437927246094,39.86540458653455,-0.5225851011006597,42.2979252100067,1.274494360014927,0.9198847339405491,0.9153385472994477,39.76329803466797
2018-05-01,39.13075300255163,39.7868105457034,38.86268597798759,39.76329803466797,214277600,55.11808148063708,49.45020993689798,178.8859596913543,-21.428820196752913,40.56957405090332,40.06800788750844,40.29472915649414,39.8633826746164,-0.4471764709702484,42.301997236333506,0.9264780566897315,0.9208266371904325,0.9161342265416109,41.51985168457031
2018-05-02,41.204752401329166,41.797323049213546,40.86849436573064,41.51985168457031,266157600,70.53592853932649,59.52308024074595,198.63755281008804,78.71275330369079,40.591771850585936,40.124942938373614,40.31411998748779,39.89618404115014,-0.24287566935484506,42.45161156571125,2.034025014545577,1.079854976812596,0.9959835685418942,41.595096588134766
2018-05-03,41.357599730142326,41.73853620820341,41.01898793273085,41.595096588134766,136272800,71.03322450314514,59.891775604341944,118.34863118739733,78.59143413637024,40.6191429901123,40.18259602267798,40.33353733062744,39.929825873763704,-0.074040682399108,42.582068873723465,0.7195482754725617,1.0283825909068767,0.9762381904655133,43.227012634277344
2018-05-04,41.91489378943303,43.32577380478561,41.89608162532858,43.227012634277344,224805200,79.70179271399125,66.9278183776641,118.33629218762913,130.73987023694892,40.67242713928223,40.301984909407366,40.369156761169435,39.995116700704564,0.1892625467587763,43.099918525909324,1.7306772166508466,1.1287103945845867,1.0301266923358943,43.53976058959961
2018-05-07,43.54446093985064,44.12997747093147,43.4433495886489,43.53976058959961,169805600,80.97476982052429,68.08338043028863,110.77187550456587,149.9278942646086,40.71785751342773,40.42895650470902,40.40017528533936,40.065307668801495,0.418345967215771,43.61069311376098,0.9029648366541281,1.0964610291659498,1.0210437026443395,43.74904251098633
2018-05-08,43.49978759299765,43.7890170178285,43.18939223908844,43.74904251098633,113611200,81.86277943701796,68.86729582007203,87.0156427506294,127.54276868411392,40.75115440368652,40.55915595593559,40.43555824279785,40.13825291320119,0.6097546582574793,44.073399974583296,0.5996247787400577,1.025484421962251,0.9909423509368908,44.057090759277344
2018-05-09,43.86662248516598,44.066495049580375,43.55387690878951,44.057090759277344,92844800,83.20866115548417,70.03397941216578,78.07635768387605,114.61334529159049,40.79333992004395,40.69632986979213,40.4726868057251,40.21585366262844,0.777343610837498,44.561321746423346,0.5126181407908632,0.9522178103663385,0.9567763359264603,44.6872673034668
2018-05-10,44.14643288476444,44.76486612769308,44.1252669595732,44.6872673034668,111957200,85.7350326967768,72.31927256367453,98.50098136303335,111.9092217671685,40.849398880004884,40.852837220132315,40.516234169006346,40.30439650700147,0.9500573736678746,45.11562652968926,0.7077753684157386,0.9172974615162527,0.9389905525328374,44.5173225402832
2018-05-11,44.72977282201888,44.86432142541709,44.24822173159673,44.5173225402832,104848800,81.85999484060983,70.752221457276,88.88572060083524,97.2693093641843,40.91673187255859,40.9965425268049,40.553983764648436,40.38782078488824,1.060990712455741,45.56764041377252,0.6160996938203596,0.8742692089882679,0.9159269197676604,44.41345977783203
2018-05-14,44.61646590993839,44.73921472518391,44.345005855071946,44.41345977783203,83115200,79.30427580362809,69.75737511406638,74.65282436618915,83.54347986674546,40.976296997070314,41.13053928174715,40.584957122802734,40.46753640851089,1.1275278861543327,45.94658388491279,0.39420887011196726,0.8056891605773677,0.8786613447922537,44.009796142578125
2018-05-15,44.090053433523465,44.15851093606844,43.69348545340132,44.009796142578125,94780800,69.46994332527214,65.8802011715169,-26.692943498113323,58.81084840387445,41.0249201965332,41.243451315505226,40.61629661560059,40.537680165621126,1.1346077420956036,46.195332039966345,0.7199743244307086,0.793444183984988,0.8673265576235718,44.420528411865234
2018-05-16,43.92245918077974,44.48662667958038,43.905933713378666,44.420528411865234,76732400,73.38753661752264,67.83895214936776,18.943809690055932,62.24583588143326,41.08246337890625,41.36804257418601,40.65218841552734,40.614568249705165,1.1599896023677019,46.50244325892605,0.5806929662017168,0.763051152873092,0.8468527296648679,44.1396369934082
2018-05-17,44.37804968706794,44.592859196283385,43.990922163660606,44.1396369934082,69176000,66.57186159496253,65.08705793382404,-10.726231899453763,56.47937124928065,41.14210189819336,41.476732551410414,40.683725662231446,40.68437159116463,1.1442491278621745,46.78620320596529,0.6019370326227786,0.7400348499801901,0.8293587513047187,43.97910690307617
2018-05-18,44.18683504071553,44.33318699120385,43.93661902140753,43.97910690307617,73190800,62.68991956461676,63.50165267402091,-77.50405066742687,44.02442905509036,41.18954704284668,41.57486487892672,40.71365760803223,40.749613874568816,1.1060711519938948,46.968022300117035,0.3965679697963225,0.6909681528110662,0.7984451240541189,44.29070281982422
2018-05-21,44.37804142960773,44.67783027119842,44.12074407513416,44.29070281982422,73603200,67.04203875083886,65.27001107399215,34.45325862262742,60.0349234158667,41.228927307128906,41.68136832758937,40.75710361480713,40.81973444774219,1.088411487313536,47.1284863920049,0.6987233681222449,0.692076040712663,0.7913221414875565,44.17975997924805
2018-05-22,44.46774544649757,44.5857721592428,44.09005852495706,44.17975997924805,60962800,63.943715162005354,64.07956735565207,22.252878717559064,48.9621976299649,41.25790519714356,41.77934447079167,40.79936985015869,40.88626960678191,1.0533218768506103,47.147298314196036,0.49571363428574244,0.6640242683659601,0.7702072481159984,44.46302795410156
2018-05-23,43.98856181662308,44.49607529300221,43.84928754378699,44.46302795410156,80233600,68.30677333404194,65.79497737762813,36.58046943030713,37.81197000834572,41.30077911376953,41.88458696033324,40.8433447265625,40.957096504748634,1.036423224175934,47.12900892216832,0.6467877492152141,0.661561908487282,0.7613915696230852,44.41345977783203
2018-05-24,44.55981538127905,44.57633725150797,43.95551906297832,44.41345977783203,92936000,66.66002307821168,65.20813922979207,63.53638244183728,37.217375903137224,41.3498568725586,41.98375844337241,40.891156425476076,41.02553934183939,1.0074182916466299,47.013209915631116,0.620818188529654,0.6557413770647637,0.7513506138306972,44.51495361328125
2018-05-25,44.432333476940805,44.76752889537215,44.29542206345939,44.51495361328125,69844000,68.47551959494774,65.87920660344761,171.10216237063025,92.3680986091961,41.39997680664062,42.083020999055115,40.932887115478515,41.09463665414517,0.981309453414255,46.64979595913052,0.47210683191276104,0.6295078706144775,0.7314046294079874,44.35444259643555
2018-05-29,44.2836294416986,44.55508947322989,44.11130782679905,44.35444259643555,90056400,62.22381131117641,63.783891493950385,22.392432538498127,20.629216772594443,41.44984954833984,42.172096355815135,40.973082847595215,41.15918726686379,0.9368664995702574,46.17608459663435,0.4437816464308426,0.6029755528739582,0.7108601306239056,44.26001739501953
2018-05-30,44.311949436914176,44.37804410807291,44.0900586400715,44.26001739501953,74762000,58.55474686749628,62.524050183880526,-94.9413683258341,-39.90302722915251,41.51062568664551,42.25397561225452,41.01046077728272,41.220589843658956,0.8838374854818554,45.6335064291949,0.2879854680014162,0.5579769693207379,0.6806547975794421,44.11130142211914
2018-05-31,44.19392155983616,44.43233421724424,43.93898343412893,44.11130142211914,109931200,52.83071901058663,60.49732264993686,-127.77873720687077,-73.77586312209591,41.568709716796874,42.326811918523724,41.04173797607422,41.27783165709381,0.8203549326116288,45.365025608449415,0.4933507831153108,0.5487446570056769,0.6672759394034328,44.90681457519531
2018-06-01,44.375694254144754,44.91153305135482,44.31904012321889,44.90681457519531,93770000,70.70349422304464,66.71310720973099,159.7475658899631,204.9291072712998,41.661374740600586,42.42798849329516,41.082492637634275,41.349692704977016,0.824728854310699,44.97094621991295,0.8002316292356824,0.5846713673242492,0.6767727743914506,45.28213119506836
2018-06-04,45.23728046579235,45.657455294973495,45.16882655397974,45.28213119506836,105064800,75.7591529465016,69.17730280318071,190.38666184564966,310.35656103635864,41.772926864624026,42.539915658070576,41.12704734802246,41.42756277408774,0.848696883958695,45.069069384270755,0.7506407197781826,0.6083812748176681,0.6820490562047885,45.63149642944336
2018-06-05,45.574845900959104,45.78021127049485,45.40724634978281,45.63149642944336,86264000,79.58509187849856,71.3066649148045,134.0306564856158,230.03699683087848,41.90985481262207,42.66115411969304,41.17518924713135,41.51080898508488,0.8856730867503444,45.28654547312593,0.49808007542649335,0.5926239606189289,0.6689084147206247,45.78965377807617
2018-06-06,45.70703721988202,45.81326056721183,45.30338417776038,45.78965377807617,83734400,81.15589660855576,72.24157131802293,89.19108760465913,164.11462346890806,42.01312210083008,42.7838403808061,41.222594299316405,41.59553858494609,0.9171664462444156,45.51949251952289,0.5098763894514491,0.5808028790235745,0.657548984344255,45.66689682006836
2018-06-07,45.82741141887757,45.84157404796199,45.4025145368982,45.66689682006836,85388800,75.86966179604758,70.32623133607225,66.90471382259727,125.50985548093955,42.13476821899414,42.89690141763992,41.26453281402588,41.676159540097025,0.9215961136281052,45.69263691179746,0.43905951106378893,0.5605538264578909,0.6419425933956503,45.25144577026367
2018-06-08,45.12633772956749,45.322262525838255,44.795864339405846,45.25144577026367,106627200,60.348808249303474,64.129339913851,-8.293721839289269,47.70109194727683,42.25685264587403,42.98923649029183,41.30442459106445,41.74695728722904,0.8814227366522331,45.75682818464538,0.8710324806625138,0.604907919915694,0.6583061567718548,45.14049530029297
2018-06-11,45.16882416048117,45.315176130877504,44.89972340097438,45.14049530029297,73234000,56.73273476923821,62.54430696231934,-46.243839132726436,39.64843655252779,42.37060417175293,43.07359958088011,41.33639179229736,41.814156059764954,0.831052415358343,45.80810346742879,0.415452729903123,0.577842892771041,0.6409594834240882,45.38835906982422
2018-06-12,45.17827163417962,45.46625714396973,45.1216175070129,45.38835906982422,67644400,62.57709223754946,64.64654539149822,-26.64925341950662,56.78120114718085,42.494486236572264,43.164374462799486,41.37046314239502,41.88493235699385,0.8018904140182386,45.892923290830495,0.34463963695682764,0.544528141940439,0.6197937801049981,45.01538848876953
2018-06-13,45.42140067749612,45.52998684038837,44.95401589350231,45.01538848876953,86553600,50.58249008797511,59.257024221688056,-63.53323271804422,29.971020206663006,42.60286682128906,43.236963248131644,41.40267833709717,41.94692158732604,0.7401517009295446,45.90480299205883,0.5759709468860592,0.5490199712183846,0.6166635777322167,45.03898620605469
2018-06-14,45.21602624334116,45.22074831953098,44.90207481165983,45.03898620605469,86440400,51.27192289909101,59.48715657882887,-78.42781507233076,8.125044582137198,42.69657600402832,43.30763081510902,41.43854858398438,42.0081505896771,0.6852285760887256,45.93077917729336,0.31867350787115356,0.5161133335973516,0.5953785727421408,44.57633590698242
2018-06-15,44.857240109412814,44.88792821277112,44.439424463701634,44.57633590698242,246876800,38.86856575751727,53.14867908891975,-178.62092229306478,-59.15283974312441,42.775436096191406,43.3573839559668,41.46969871520996,42.05900574447523,0.5974821885969845,45.91808348310927,0.5995617423530533,0.5280345348481661,0.5956773705714917,44.55271530151367
2018-06-18,44.34970925490471,44.6660199130035,44.18919108689619,44.55271530151367,73939600,38.316450332789564,52.83912239524928,-138.95315141143902,-89.21725471367698,42.87461029052734,43.40425969500786,41.50721687316894,42.108386131743316,0.5200418402558427,45.88690026640362,0.47682882610731525,0.5207194335994731,0.5871881888240507,43.832767486572266
2018-06-19,43.70293736342273,43.98384155663083,43.30400644042231,43.832767486572266,134314000,25.457531863118717,44.35863893124953,-163.37714264172192,-184.74776564631554,42.951531677246095,43.421063922128035,41.544818801879885,42.142532297185475,0.3960110654034281,45.929266133882315,1.2487088610913588,0.624717923241171,0.6344396654145726,44.02396774291992
2018-06-20,43.98856116672441,44.18920443498189,43.84220558070689,44.02396774291992,82514800,32.478477965723286,46.80062768585271,-84.22369163007869,-134.23401924596087,43.017227783203126,43.44470720921791,41.58339599609375,42.17978844462576,0.3095754523883443,45.94129409575132,0.35643694840962326,0.5863920696938071,0.6145823284856478,43.77847671508789
2018-06-21,44.20101082789006,44.46067107724782,43.65572790612877,43.77847671508789,102847600,28.46276306601297,44.123043039913064,-67.84296255784233,-117.21827148646736,43.08182342529297,43.457796209448105,41.62783214569092,42.21144563810026,0.21874398752224522,45.985808157236,0.8049431711190493,0.6176136556116988,0.6281795315308908,43.6509895324707
2018-06-22,43.93425286118251,43.94133417425866,43.59905750198653,43.6509895324707,108801600,26.47918411277145,42.75501750898248,-77.98048314116183,-116.7783599726529,43.13587448120117,43.46537241819409,41.673311958312986,42.23995145779076,0.13491700774576287,46.03591657349943,0.34227667227212777,0.578279800848903,0.6077578987266934,43.00185394287109
2018-06-25,43.29219866020999,43.65100089094992,42.66193641921112,43.00185394287109,126652400,18.726592833580796,36.54234159673676,-151.27424504095023,-149.57463844726715,43.17416809082031,43.44719522308339,41.7112232208252,42.25503863571314,0.01592018729475342,46.16400078147184,0.9890644717388,0.6369633252617454,0.6349940825132724,43.535343170166016
2018-06-26,43.19542917219668,44.03105693694318,43.08920222082273,43.535343170166016,98276800,36.54103722079211,43.773495612197785,-52.185990526328524,-90.26849929698267,43.21800506591797,43.45065200532193,41.75364944458008,42.280391200751815,-0.03493482127775138,46.19730515449617,1.0292029940720937,0.6929975636632237,0.663151861910331,43.47161102294922
2018-06-27,43.72418638101309,44.20809674965852,43.44092291703954,43.47161102294922,101141200,35.45782005717574,43.14103754767212,7.684123178836641,-64.26975566196882,43.24918640136719,43.45147392758182,41.81248760223389,42.30397971208246,-0.07946441727318643,46.229922488509175,0.7671738326189796,0.703594173514046,0.6705820026752345,43.787899017333984
2018-06-28,43.45742574852459,43.95549849058706,43.386609018954445,43.787899017333984,69460800,44.912720005256965,47.216941113406875,8.553249865576628,-55.85590728695507,43.288574600219725,43.46466706835642,41.883879814147946,42.333364252780505,-0.08821574885973149,46.23809572690711,0.568889471632616,0.6843506446738417,0.6633182504579046,43.69585418701172
2018-06-29,43.97439552855281,44.18684579426581,43.17653731841848,43.69585418701172,90950800,42.784748655623545,46.179471686754205,18.89949878128432,-51.89243507554179,43.349825057983395,43.473733229872316,41.93903537750244,42.36034425147815,-0.10140950509871516,46.21118928728473,1.0103084758473244,0.7309160491271963,0.6881032665571488,44.184478759765625
2018-07-02,43.39134270245,44.21280762030508,43.296919170467575,44.184478759765625,70925200,55.76504714531086,52.185626399646026,105.95005486529936,-19.010867906447203,43.45414451599121,43.501605603593624,42.00725051879883,42.39646572688979,-0.07161223133295636,46.1231474878488,0.9158884498375031,0.7573406778000973,0.7043736367914598,43.41493988037109
2018-07-03,44.32846536440079,44.36623477197079,43.32523843786457,43.41493988037109,55819200,39.35859946415179,43.88027768273185,31.39034931030252,-41.11998607584935,43.54533042907715,43.49820694778097,42.078051261901855,42.41663353190922,-0.10883841199429867,45.97807076833361,1.040996334106218,0.7978629144152575,0.7284181151710855,43.76430130004883
2018-07-05,43.7312539663266,44.0027175522278,43.499922630270966,43.76430130004883,66416800,47.53420467356619,47.93171656622888,41.81989101477058,-19.356241980407123,43.65432037353516,43.508642020418925,42.147901420593264,42.44332002236743,-0.10889461223052876,45.75141171260752,0.5877776718567134,0.767850736906894,0.7183723692200589,44.3709602355957
2018-07-06,43.7690233133453,44.47954278828729,43.71709127444438,44.3709602355957,69940800,58.78986891236137,54.12504068692543,188.40561877145012,117.91197624737718,43.7721044921875,43.542458421014096,42.20900379180908,42.48149111569868,-0.05930323451180897,45.5403004177937,0.7624515138429118,0.7670794193263252,0.7215208795502627,44.98705291748047
2018-07-09,44.73211483867982,45.010656093993006,44.68490488376607,44.98705291748047,79026400,67.14179963539742,59.40584623333498,189.43215900903812,273.64481302682174,43.89952987670898,43.599109185581405,42.27243423461914,42.531106200882476,0.029373223902645407,45.48972976641093,0.6396958583973031,0.7488817677650363,0.7156762351821941,44.932762145996094
2018-07-10,45.01774150653546,45.15229005962102,44.89262990189278,44.932762145996094,63756400,65.77140157089865,58.76389841178397,121.70130367917115,203.93210675203406,44.03480491638184,43.6514093016761,42.32819675445557,42.57866374435007,0.0941834562866859,45.451506309105284,0.25966015772824136,0.6789929663312085,0.6831036582211976,44.34971237182617
2018-07-11,44.49606432203159,44.79821237516536,44.2859769475575,44.34971237182617,75326000,52.37706210415124,52.23558083997819,30.956252279160086,88.94628392485086,44.14459251403809,43.67879373579963,42.364913635253906,42.61373401420108,0.09737629504368783,45.27469120383658,0.6467851984385931,0.6743918566322635,0.6805094825224401,45.093292236328125
2018-07-12,44.73921204585167,45.18299370385362,44.68727999643058,45.093292236328125,72164400,63.451516626148745,58.558691796623165,79.6521835631303,131.66034484568698,44.25119239807129,43.73426426523212,42.410383224487305,42.66283417701547,0.1580850177902846,45.29115570228005,0.8332813320274468,0.6970903531172896,0.6914217574870836,45.16410446166992
2018-07-13,45.1050911025137,45.284490417668366,45.06259961093862,45.16410446166992,50055600,64.372018733022,59.11378828536798,83.22218209711545,123.5136558378737,44.324077453613285,43.790336429798316,42.45792465209961,42.71236428166209,0.20949613173251436,45.31819701194047,0.22189080672974626,0.6292047036333549,0.6578838324329881,45.0649642944336
2018-07-16,45.208957040742106,45.47569498575742,44.949296809074376,45.0649642944336,60172400,61.828514678039575,57.943571371309744,74.72784550522253,102.80203438648566,44.39347480773926,43.8403218362546,42.50630889892578,42.758950420528855,0.23947945687373107,45.39791065027239,0.5263981766830454,0.6145180569261679,0.6484919998794207,45.19243240356445
2018-07-17,44.79114225786405,45.29157442060409,44.66131213963721,45.19243240356445,62138000,63.96434343957621,59.06559660476297,36.49085161740204,76.63126705222699,44.432783203125,43.893345780070675,42.552605171203616,42.80713818256916,0.2704099515802909,45.50108647843491,0.6302622809668819,0.616767231789127,0.6471898770999537,44.944583892822266
2018-07-18,45.2703388676979,45.27506094611522,44.83363846230348,44.944583892822266,65573600,56.75989828740918,55.94048238963994,17.67185632743514,64.11697769482731,44.46087966918945,43.93457080410015,42.58936859130859,42.849463840197934,0.2717902590936845,45.588904658205,0.4414224838117349,0.591717982078071,0.6324922061507952,45.293941497802734
2018-07-19,44.77698381624712,45.45209689229721,44.77698381624712,45.293941497802734,81147200,63.51730662904412,59.21606807033092,72.10662377048884,72.90280362208608,44.49177764892578,43.98787945875515,42.62146602630615,42.89786933836833,0.2976433544477075,45.725921326204045,0.6751130760500956,0.6036315669312174,0.6355365540007452,45.19007110595703
2018-07-20,45.270328411060994,45.42376170622383,44.89028222878679,45.19007110595703,82704800,60.251220284027944,57.839245128494845,57.44491176343578,65.42848697136837,44.51443725585938,44.03502422923366,42.65388858795166,42.94325947237999,0.30622072434197634,45.828453697163454,0.5334794774370408,0.5936098398606208,0.6282467628176234,45.23019409179688
2018-07-23,45.01066254723482,45.312814226157805,44.74628388030256,45.23019409179688,63957600,61.1514607800191,58.24312542828079,-27.725790299194127,50.607645318901554,44.52529579162598,44.081893635608694,42.68734733581543,42.98854530642785,0.31265188510285924,45.91735649631907,0.5665303458552415,0.5897413407169951,0.6238384473203105,45.55830764770508
2018-07-24,45.42847755320166,45.71410376110917,45.3340576309569,45.55830764770508,74791600,68.05426228324689,61.49184769426298,231.82408581370478,127.70971810663049,44.546115493774415,44.13979222431836,42.731423683166504,43.03943168942344,0.34030186012923735,45.968295019621394,0.48390966931228974,0.574622530516323,0.6138435346054518,45.98793411254883
2018-07-25,45.57247774207294,45.99501542778287,45.42376291837853,45.98793411254883,66839600,74.87424722966097,65.29882522377369,155.02884718068782,200.11959695784884,44.57760498046875,44.212268376797994,42.77695098876953,43.09781787601998,0.39235905872571664,46.13857271061898,0.5712525094043386,0.5741410989288965,0.610801318519658,45.84392929077149
2018-07-26,45.93834920361453,46.25702271276519,45.70229581961813,45.84392929077149,76304000,69.10507830497298,63.048861216053396,115.23888264618971,202.92024251813677,44.61428764343262,44.27625507930676,42.81960391998291,43.152196319876445,0.41718572074668714,46.22902500462093,0.5547268931470626,0.5713676409600631,0.6067960024216154,45.08148193359375
2018-07-27,46.02805846960155,46.07526843405152,44.87375736963597,45.08148193359375,96096000,46.820776994281864,52.69590090173071,-22.494849636490017,35.442568317295475,44.627506713867184,44.30783260300429,42.854985046386716,43.190399995395595,0.371060544597988,46.21916508972956,1.2015110644155556,0.6613881300251334,0.6492756497068968,44.82890701293945
2018-07-30,45.29865102564653,45.36946777385099,44.6306229994785,44.82890701293945,84118000,41.63222862316328,49.779781301442874,-101.11111126417947,-67.89099599298575,44.641292114257816,44.32826689358998,42.891697006225584,43.22284567891131,0.31054554916321564,46.165146635321356,0.7388447743724953,0.6724533649318994,0.655673444325868,44.918601989746094
2018-07-31,44.92096482906494,45.35530224080693,44.69435196969696,44.918601989746094,157492000,44.19440872205127,50.82059816565651,-79.57472991009217,-71.10439725077255,44.66008201599121,44.35141728951768,42.924814529418946,43.25642501179913,0.2667496899306556,46.15473927027646,0.660950271109968,0.6708100658144807,0.6560503605247323,47.56477355957031
2018-08-01,47.00532799586654,47.62614616425708,46.575708957389,47.56477355957031,271742800,77.77458859075821,70.34636825527443,189.38280199190072,296.51244321565673,44.72556343078613,44.477431260892295,42.97724536895752,43.341738844428264,0.4404874218577177,46.628318231952925,2.7075441745109856,0.9617720813425529,0.8025856329523219,48.955116271972656
2018-08-02,47.34759313549567,49.18881044319775,47.29330186003944,48.955116271972656,249616000,83.76350491058149,75.7861075619858,157.20630442468925,269.68759381811316,44.82107055664063,44.6530267515229,43.03948787689209,43.45289483309251,0.6824974575835796,47.5101745769065,1.8955085831583105,1.0951630101733754,0.8806515579670354,49.09674453735352
2018-08-03,48.87013170433241,49.27378457500198,48.50424823948115,49.09674453735352,133789600,84.26732543568977,76.26377388398812,111.58272533727482,203.60797088421143,44.913744888305665,44.8272901941045,43.1072620010376,43.56465423317688,0.8756266924124816,48.22961745473064,0.7695363355208329,1.0486449137944407,0.8727147563637353,49.3516960144043
2018-08-06,49.09911709658689,49.39418390606156,48.87958911924481,49.3516960144043,101701600,85.22987297257941,77.13808286469956,87.82747531395047,154.38384506065603,45.01250961303711,45.00471787333195,43.18118324279785,43.67924911993386,1.037298128782048,48.88558166364901,0.5145947868167511,0.9723520385119137,0.8471347585389507,48.8890380859375
2018-08-07,49.41071787969938,49.453205778668654,48.80641792431007,48.8890380859375,102349600,75.45608004129099,71.95819130976983,63.68950425844418,113.8021239980611,45.09999130249023,45.157044156179225,43.24998405456543,43.78241325787452,1.1152355375838496,49.31910839002967,0.6467878543585854,0.9258428693471525,0.8328242653832103,48.92207717895508
2018-08-08,48.638813761264295,49.05426653375146,48.27765227337783,48.92207717895508,90102000,75.68835401669034,72.10226133071065,38.51965063017956,83.37522241307276,45.191343994140624,45.304692510013574,43.32059677124023,43.88418878106424,1.166223970275169,49.67008714017229,0.776614260373627,0.9045244966366488,0.8288092650253829,49.30685424804688
2018-08-09,49.46028757611509,49.519300948739854,48.91028251102545,49.30685424804688,93970400,78.45826132047237,73.79107799088764,74.85763555878849,88.24090172181121,45.292280731201174,45.461640029152136,43.40145320892334,43.99156829526192,1.2235763379206972,50.07238285334873,0.6090184377144041,0.8623093453620425,0.8131099202174559,49.15997695922852
2018-08-10,49.11970757110333,49.53188234321348,48.95625889225755,49.15997695922852,98444800,74.66959030421378,71.99934940137307,69.2591123084236,75.92337828637993,45.39325424194336,45.60667284993945,43.480981979370114,44.09391302128106,1.242849932404809,50.39224873931362,0.5756234509559306,0.8213542175897407,0.7961466009844899,49.47740173339844
2018-08-13,49.581630095853846,49.97011532849168,49.200251013881406,49.47740173339844,103563600,77.41891471692723,73.49707754227539,144.72881342684767,78.35114102324033,45.48466598510742,45.758466139486856,43.573020362854,44.20051675815468,1.2691084293571393,50.7175211525688,0.8101383692631572,0.8197519535430858,0.7971460130043947,49.68585586547852
2018-08-14,49.78297807220025,49.87772915247579,49.3329014045864,49.68585586547852,82992000,79.15253325620377,74.46310041348701,128.5922525895764,73.49857610666625,45.57274047851563,45.91248142285908,43.672833671569826,44.309137334537326,1.2918473713591538,51.03318295181358,0.5448277478893857,0.7804770670211286,0.779123279781894,49.80192184448242
2018-08-15,49.56030192567116,49.92036248504382,49.34947773005274,49.80192184448242,115230400,80.14283424567517,75.00929976722325,94.00810882308784,70.28162828391899,45.656148986816405,46.06500849821686,43.78300189971924,44.41790534463525,1.304199698929601,51.29794556649795,0.5708847549910772,0.7505353081596927,0.7642490994396928,50.531497955322266
2018-08-16,50.1595927463888,50.64756742689704,50.09326630134032,50.531497955322266,114001600,85.2730812001067,78.17002409360984,166.791789735368,104.77632767587313,45.750985870361326,46.24016494751511,43.882053985595704,44.53896658445083,1.3572145775326518,51.65938835292679,0.845645582414619,0.7641224901961108,0.7700631339379018,51.54063415527344
2018-08-17,50.55994570895837,51.6282790804215,50.49361923351846,51.54063415527344,141708000,89.60634604650781,81.63072504635554,164.65891875477155,162.42193497244767,45.86846061706543,46.448026485074266,44.00161441802979,44.677613467041375,1.4637845117330528,52.144476281603225,1.1346598469030411,0.8170563982971009,0.7961057562925546,51.03844451904297
2018-08-20,51.66381098233199,51.91963959568152,50.95553462143338,51.03844451904297,121150800,76.53222681485174,75.2384792173184,107.71486641333401,166.64362278193454,45.98420059204101,46.628042878563235,44.12052661895752,44.80357051757606,1.4905374577265746,52.435577668012584,0.9641049742481371,0.8380633377186774,0.8081057004322391,50.9389533996582
2018-08-21,51.35586680290047,51.44825036575132,50.69970458676799,50.9389533996582,104639200,74.03546650770645,74.00211843259879,61.74486613957656,119.7554574461416,46.10016975402832,46.79709819311598,44.23538696289062,44.92506324791432,1.4865749476825272,52.66222745306252,0.7485457789833276,0.8252751150421987,0.8038514203287453,50.94133377075195
2018-08-22,50.716297216765234,51.251647753194135,50.65470575400589,50.94133377075195,76072400,74.05908895377348,74.01312126168102,38.46490712832056,90.2859101771403,46.21122924804688,46.959617235376214,44.35285774230957,45.044197317673486,1.4667192791291939,52.86018689791782,0.5969419991882461,0.7926560984916341,0.7890721759615669,51.04556274414063
2018-08-23,50.84657966570973,51.415097066976905,50.83473848998287,51.04556274414063,75532800,75.21119008092603,74.52159338252298,43.295159043669464,85.26181501674999,46.3318327331543,47.11985039258266,44.46734977722168,45.16303623700947,1.4427626560129525,52.995805141580306,0.5803585769940369,0.7623278811348345,0.7741640617496005,51.20427322387695
2018-08-24,51.30850159567212,51.37956310869379,50.955547084733496,51.20427322387695,73905600,77.02396697785792,75.31367740588718,51.150360804131715,78.29299441868214,46.45513847351074,47.28002383694715,44.57585723876953,45.28266469219497,1.4202121473280442,52.95624690008222,0.4240160239602915,0.7139976158241855,0.7491534876217927,51.62590026855469
2018-08-27,51.43876205668646,51.81540599169834,51.24452131099196,51.62590026855469,82100400,81.26930454313269,77.3299916087679,168.7993689963874,94.60518197450621,46.59612976074219,47.45045036367686,44.6857829284668,45.408273317469416,1.419993682294752,52.76444816895243,0.6111327678213883,0.6993026375380716,0.7392948647789066,52.04282379150391
2018-08-28,51.87937510705867,52.24180322712333,51.85805665635416,52.04282379150391,91107200,84.56044669740318,79.144023662352,173.9314682245864,119.25394935512492,46.74593193054199,47.63054343927792,44.81027111053467,45.539650554579005,1.4368991125775068,52.38202953897577,0.6159029585686397,0.6873883976852957,0.730481157192459,52.819786071777344
2018-08-29,52.14941162490679,52.94059783620013,51.974121793425,52.819786071777344,109019200,88.82824913229842,82.02986720610014,148.06764663417803,146.80712384058862,46.92567230224609,47.83404315035633,44.9386019897461,45.68381165392947,1.495749086153296,52.64697535647416,0.9664760427751347,0.7272580612695584,0.7473379347340786,53.305397033691406
2018-08-30,52.88374862163696,54.07052259742774,52.68239807693291,53.305397033691406,195175200,90.70229664562163,83.56092912364521,142.3145634168393,192.0406280297525,47.11130088806152,48.04860604774202,45.06426433563232,45.83473413669703,1.5635492380687523,53.11375141553029,1.3881245204948272,0.8216675554445968,0.7931084051455607,53.921295166015625
2018-08-31,53.65598563398304,54.21502568482457,53.53517746394279,53.921295166015625,173360400,92.55119540763796,85.2745513704467,124.36143308972713,182.50615372136963,47.314157257080076,48.27890758179197,45.197990341186525,45.99486405806968,1.6479822652184666,53.6563564382635,0.9096286511331613,0.834233426257249,0.8014312798589608,54.09422302246094
2018-09-04,54.10606781238194,54.28846384198032,53.68441931575539,54.09422302246094,109560400,93.00672925214465,85.72450700379547,96.78258264498926,148.08123366211362,47.523021926879885,48.50695916770056,45.329448204040524,46.15524740389921,1.7091478874001353,54.15411609945675,0.604044526224925,0.8013492976812027,0.7873322260279583,53.74126815795898
2018-09-05,54.24345905391312,54.40453662926959,53.32199079088694,53.74126815795898,133332000,81.18429055419199,80.32923101928101,62.35724122328038,111.1540140455275,47.73781021118164,48.71222618692638,45.45598915100098,46.30546563665287,1.7094362587514311,54.4516358012531,1.08254583838265,0.8415202320671238,0.808418912624722,52.84821319580078
2018-09-06,53.58964911882037,53.85495860116818,52.421826183564434,52.84821319580078,137160000,59.0332104707458,68.56982444934906,-23.404629679374285,51.87123443191042,47.92406761169433,48.87442175590185,45.57103633880615,46.435024994259756,1.618940583954199,54.53016826802435,1.433132417603744,0.9260362585723553,0.8530413058375093,52.421836853027344
2018-09-07,52.55212230196686,53.3859419461356,52.282077741675,52.421836853027344,150479200,51.24502448468003,63.76997476300468,-88.05950048195565,24.24897922552479,48.1030721282959,49.013536073436185,45.676129264831545,46.553575724136344,1.49557702126841,54.547726801918806,1.1038642044605993,0.9514402508421044,0.8709572271677299,51.71828842163086
2018-09-10,52.33891619608954,52.55211150907524,51.27768911221937,51.71828842163086,158066000,40.86612970321171,56.715250606890436,-152.23245499219718,-35.20462978524703,48.26167991638184,49.119604792973234,45.775127258300785,46.65584726270059,1.3257575229699299,54.45224732887313,1.2744223968558686,0.9975805574154993,0.8997761678597398,53.02588272094727
2018-09-11,51.64249312268517,53.13247858760648,51.29901594588463,53.02588272094727,142996000,58.910913974291994,64.56210230911165,-61.514488272038484,1.2189700846036795,48.44828048706054,49.27279216269771,45.89905277252197,46.78198657870547,1.281909227405535,54.47514920404617,1.8334626417218445,1.1169922837449773,0.9664680588498902,52.36735153198242
2018-09-12,53.284081020445285,53.29829332034055,52.07598492604216,52.36735153198242,197114800,49.954395648204034,58.78251638689889,-38.62796752312184,-0.5057697438753742,48.61193794250488,49.39414743208143,46.03304122924805,46.892587864908975,1.1804140949814723,54.400682659046055,1.2223083942983877,1.1320374423954644,0.9847423685247829,53.63228988647461
2018-09-13,52.94770315209747,54.09184013440997,52.722666665655694,53.63228988647461,166825600,62.67227678169744,65.22262954474816,82.12783486621395,66.76023693358229,48.81628494262695,49.5603490969596,46.18080768585205,47.02604731088057,1.1883498674294444,54.44860546961742,1.7244886024275488,1.2166733224000479,1.0375813852321234,53.02351379394531
2018-09-14,53.475957982567735,53.73415775384655,52.71083233114026,53.02351379394531,127997200,54.846416373507964,60.33649924786615,66.12171417606275,26.89475202509822,49.001469192504885,49.69615947723355,46.32789478302002,47.14480902341651,1.1324615693173428,54.45134313626056,1.023325422706293,1.1890521938723686,1.036563102194564,51.6116943359375
2018-09-17,52.62317479698291,52.812680543493926,51.46719661085651,51.6116943359375,148780400,40.99591313700796,50.826818753141794,-97.41043806731221,-104.87633119052836,49.14628387451172,49.77127849130037,46.45919418334961,47.233262197921874,0.9631451217893812,54.44950486108508,1.556317183088801,1.2415186209032874,1.0736883936870094,51.69698333740234
2018-09-18,51.59038384609482,52.55212509282721,51.43167378696617,51.69698333740234,126286800,42.02771981798061,51.32591256501603,-78.86043391644998,-109.36774117104245,49.28048248291016,49.84679632840241,46.59000617980957,47.32165271553535,0.8263174536516757,54.417029775544506,1.1204513058610388,1.2242232901829662,1.0770286016994401,51.727760314941406
2018-09-19,51.75855603582004,52.0238618940937,51.00053671609443,51.727760314941406,108495200,42.45139281641836,51.517144180548286,-105.89450208506138,-121.09312847723913,49.41638244628906,49.92055962199218,46.72559368133545,47.40890237096914,0.7121547095451888,54.36946082246027,1.0233251779992685,1.1955235598710094,1.0731926428637135,52.12098693847656
2018-09-20,52.17073359689218,52.65396981018581,51.91253025867231,52.12098693847656,106435200,48.10469510135351,54.0036358560538,-21.63543203095839,-51.687672845733225,49.57180793762207,50.0068508893053,46.858200225830075,47.50221097626631,0.6459637465580599,54.309922007299214,0.9262094952444002,1.157050122067208,1.0626938466051912,51.55958938598633
2018-09-21,52.29865795357762,52.436049554005606,51.47194083901891,51.55958938598633,384986800,41.340481519630195,50.05658840673447,-55.417774460584,-81.9185843760036,49.70113388061523,50.067742595057496,46.976163139343264,47.58255510319146,0.5419594694144152,54.26554415258492,0.9641087149866934,1.129487063912849,1.0556520514895842,52.301025390625
2018-09-24,51.360609869503946,52.412359900906736,51.31560184008936,52.301025390625,110773600,51.786453782732494,54.75947811286124,-16.46806251540496,-54.612597495365286,49.84387229919434,50.155322312530735,47.08397487640381,47.67599015838816,0.5134443527127743,54.216398581155396,1.096758060817379,1.1248114920420675,1.058588195012998,52.63265228271485
2018-09-25,52.05466138008016,52.78188864604864,52.04281659315309,52.63265228271485,98217600,55.88577445479872,56.72243239200815,155.9040385063184,15.40754009811709,49.99522605895996,50.25247250743992,47.19435043334961,47.774141883622356,0.5117067985096782,54.20704255894713,0.7390720528955512,1.0697058578782794,1.0357656134331805,52.21338272094727
2018-09-26,52.350774327132186,53.00219798957387,52.05704017447591,52.21338272094727,95938800,49.65813317402344,53.55841700162644,88.74253572295864,14.267084482982723,50.135645065307614,50.32937094718531,47.284214134216306,47.862047642777306,0.47106804543450664,54.20456533841154,0.9451578150979643,1.0519132803382345,1.029293627837808,53.28644561767578
2018-09-27,53.018772217071486,53.63940004203078,52.95244213031854,53.28644561767578,120724800,62.22670256251909,59.747090186151226,170.15772402541978,130.57039180363455,50.30248229980469,50.44533465975357,47.38168098449707,47.96946146406242,0.519460728713689,54.25170196521439,1.4260173210835063,1.1053567147304162,1.057631034498215,53.47359848022461
2018-09-28,53.24855830093021,53.497284447055904,53.06616225969098,53.47359848022461,91717600,64.0528629716058,60.72998618516355,120.50836301167614,116.71585874214443,50.46607543945313,50.56409010369361,47.478926544189456,48.07845427626365,0.5663850168569482,54.27533914561358,0.43112218736492736,1.0090374965353464,1.012880402560123,53.833641052246094
2018-10-01,53.99708972184782,54.34530550981975,53.61808182382863,53.833641052246094,94403200,67.57157738429814,62.62093919473763,119.35694849807885,146.81804188491827,50.63894683837891,50.69230778795057,47.57669204711914,48.19241837083756,0.6254158749440464,54.25769421609045,0.871707029595143,0.9894188584010316,1.0027965902054816,54.31214141845703
2018-10-02,53.831272693023216,54.482696234962994,53.6844074511237,54.31214141845703,99152800,71.8447830837214,65.03093769279249,105.52570797646688,131.70820852259402,50.82058578491211,50.834262047970434,47.672940788269045,48.313601005443886,0.7027088456793251,54.30999279044954,0.7982887838392969,0.9621145620350695,0.9881888897507541,54.97304534912109
2018-10-03,54.4945441082422,55.30467772526183,54.430585144800126,54.97304534912109,114619200,76.77612869436786,68.09107750929046,131.59513147910852,163.85048193034785,51.00888053894043,50.99656727546654,47.77749801635742,48.445471190467195,0.8079796195484903,54.60388031054234,0.9925363068048014,0.9664605255736026,0.9884994195403289,54.00656509399414
2018-10-04,54.66746228417319,55.03936763401543,53.708092363669415,54.00656509399414,128168000,59.1122681384727,59.843713680162374,51.98382770917428,96.8674597522341,51.16925315856933,51.11460640560488,47.87342906951904,48.55559186182416,0.8041508366204937,54.74199205040179,1.331275270346012,1.0185769176839468,1.012983408883592,53.13010025024414
2018-10-05,53.99945772125052,54.106053573442246,52.25127273302901,53.13010025024414,134322000,47.540248336535,53.513550423534916,-91.39410543437108,14.703472057267724,51.31497657775879,51.19364537990446,47.9646321105957,48.64617618634733,0.7220695423849364,54.774586830267104,1.854780840413234,1.1380346209309877,1.073111796849995,53.00694274902344
2018-10-08,52.63740840707334,53.250930259785946,52.16127456188766,53.00694274902344,118655600,46.06199968859826,52.670459272205974,-111.44326374094207,-17.797489389694622,51.473485794067386,51.264755080654226,48.05049625396728,48.732527999469625,0.6397075933293834,54.7712291675384,1.0896556978982872,1.1311233462120305,1.0742935040677302,53.74126815795898
2018-10-09,52.97614244597104,53.836022862159,52.64687752973604,53.74126815795898,107564000,55.65410513101593,57.01860092336088,-45.36371455050197,22.39637859387379,51.651733016967775,51.361873240548526,48.146512565612795,48.83171097290506,0.6264675508410633,54.842455171315834,1.1891453324229602,1.1394122013850205,1.0824972060931037,51.25164031982422
2018-10-10,53.40726168426266,53.61808590534996,51.17820769212848,51.25164031982422,167962400,32.67207202924,42.696808713290494,-129.58932931186058,-99.32637382516694,51.778393783569335,51.35755038091228,48.219237899780275,48.87963036591336,0.4103522763241898,54.91060083811428,2.563060465830496,1.3427905248772312,1.1882517246457749,50.79919052124024
2018-10-11,50.815773946054776,51.99544172576231,50.29463584528402,50.79919052124024,212497600,30.041803992554094,40.69623000695069,-141.07204326888203,-166.89865069166757,51.843082122802734,51.3356539158271,48.28432277679443,48.917641458098046,0.20026195165812766,54.92721424169354,1.700805880478292,1.3939355756773826,1.224862735776669,52.613712310791016
2018-10-12,52.21338228507249,52.79611194681826,51.365346690576,52.613712310791016,161351600,49.18305954683721,50.677423087008265,-37.05720883057941,-70.43450633994748,51.9162540435791,51.38577385288451,48.36866230010986,48.99083097993355,0.17812725940063956,54.90321616752958,1.9969214255780159,1.4800764113774731,1.2800097850481937,51.4885139465332
2018-10-15,52.38866351212896,52.54737353222936,51.46719549932301,51.4885139465332,123164000,41.05617641471367,45.55698927205437,-53.284834838919465,-95.49183090963437,51.964089431762694,51.38980287616486,48.43891716003418,49.04029004857908,0.06899591009113948,54.91009208706086,1.146516811468004,1.4324250399618348,1.270474572649609,52.623172760009766
2018-10-16,51.86041478035634,52.82215577413078,51.34638285746318,52.623172760009766,116736000,50.64975753278473,50.94017217074259,4.23828324463161,-60.18047488309174,52.02951896667481,51.438170322590146,48.521014289855955,49.11123822108266,0.07322195589419067,54.90777752709254,1.4757729166675944,1.4386175937769432,1.285138740079465,52.39577865600586
2018-10-17,52.658717060301136,52.73925583993557,51.95754677733972,52.39577865600586,91541600,48.7929774586081,49.87581929747409,28.228481972623925,-45.734951455161074,52.099653778076174,51.475723590567235,48.599822540283206,49.176278625734604,0.05755882159262882,54.89667857632806,0.7817090625958514,1.3447735178939302,1.249179477402064,51.17110061645508
2018-10-18,51.60696135100703,52.05229936190943,50.45571806191486,51.17110061645508,130325200,39.658069329736385,44.484873092157926,-99.42683711827368,-109.41544545895951,52.14463424682617,51.46377759158244,48.6679891204834,49.21578005129342,-0.053063920078940896,54.947651310545396,1.9400605940910012,1.4298145287792259,1.2985281285941308,51.950443267822266
2018-10-19,51.65434160894815,52.41236113276145,51.50510521622849,51.950443267822266,132314800,47.02179211282875,48.31350189048226,17.41818351304414,-52.118613911866184,52.19750602722168,51.48286252006244,48.744893379211426,49.269931798155376,-0.07695965808773764,54.931649774496364,1.2412605163063688,1.4028782412831033,1.2944375848592906,52.267860412597656
2018-10-22,52.06414233827179,52.90981036299768,51.86279539037658,52.267860412597656,115168400,49.92544092531397,49.83108760696865,66.57039847710746,-17.267514434786303,52.25966369628906,51.513646751142254,48.82645896911621,49.32929672121364,-0.06948333121125216,54.93144184205201,1.047014972621099,1.3520406314742457,1.276764541127991,52.760555267333984
2018-10-23,51.12607622857414,52.88373451881651,50.85839928242578,52.760555267333984,155071200,54.44671621023039,52.17820249060251,32.13620431507074,-21.926707601632266,52.32532676696778,51.56254512432624,48.904996376037595,49.3972424349982,-0.023530684064539287,54.93706982482479,2.025335236390731,1.4482255750337436,1.330233876503901,50.950801849365234
2018-10-24,52.72978286182504,53.11589695250397,50.82051640148863,50.950801849365234,163702000,39.25701430151393,44.029800582850754,-72.73372456927723,-75.66404814574554,52.35062568664551,51.53855519197484,48.961683082580564,49.42800598775794,-0.13162753592072818,55.00389580835564,2.2953805510153344,1.569247714459685,1.399172924683289,52.06651306152344
2018-10-25,51.57143198729936,52.44078596794586,51.34402433755995,52.06651306152344,119423200,49.40859130541747,49.28771576699781,0.4048549903513397,-21.77541550804521,52.39591751098633,51.55925942215322,49.02603324890137,49.480253652584985,-0.12581616890175695,54.94235310404554,1.4899841185806224,1.557924343619819,1.4056594385330983,51.237422943115234
2018-10-26,51.142668259894265,52.15889100212485,50.37754271730806,51.237422943115234,189033600,43.15580820691272,45.841443158286616,-98.7636801361036,-113.3089883028889,52.41003601074219,51.54663838375957,49.08051094055176,49.51504908408063,-0.18596754414279815,54.87470080116561,1.7813482848167865,1.5898420495051,1.4324943561247903,50.27568435668945
2018-10-29,51.92200853594996,52.04044917639347,48.81886231052137,50.27568435668945,183742000,36.845414818944256,42.15895967314998,-172.8409745478265,-196.22945184996556,52.38473701477051,51.49679704936467,49.126598815917966,49.530111168686744,-0.30769528897081955,54.810944470757185,3.221586865872105,1.8229484518432437,1.5602866782495985,50.52679443359375
2018-10-30,50.01749734468333,50.97212892919276,49.57216284908432,50.52679443359375,146640000,39.53849938591556,43.43660346803158,-108.56558660535188,-150.66082403857965,52.374504013061525,51.45875773109915,49.17935230255127,49.54984747096213,-0.37952795711471055,54.570994288002346,1.3999660801084417,1.7625223987382719,1.5488352069538016,51.843841552734375
2018-10-31,51.37481758998487,52.2204819529041,51.313226138583815,51.843841552734375,153435600,52.05018907299276,49.71095616506995,48.030536221109806,12.000563827272297,52.392601776123044,51.473859057437785,49.246385765075686,49.59527309634376,-0.3264184202918372,54.0414943606903,1.6936875193103518,1.7526888445342834,1.5591818006935552,52.639766693115234
2018-11-01,51.88885334996772,52.672929933002685,51.35823789724641,52.639766693115234,233292800,58.15532013870254,53.096978815971106,94.13692801824163,67.7437999752724,52.426570434570316,51.51958092550357,49.31889984130859,49.655560098260025,-0.21759591249092125,53.7827442165289,1.3146920357562735,1.6901178718517105,1.541718246055178,49.14812850952149
2018-11-02,49.63847450952793,50.609685619388856,48.662521147330224,49.14812850952149,365314800,35.21051828080327,40.28308998141878,-124.5050173154826,-193.85241143307545,52.38862174987793,51.42658279154349,49.360227241516114,49.64551194798798,-0.40839162715020905,53.86374072440317,3.97724554578501,2.0168503966993248,1.715684481750166,47.75290298461914
2018-11-05,48.3948529327607,48.41617138342954,46.94276932850515,47.75290298461914,264654800,29.74032640892348,36.49322887253472,-164.25868225219432,-236.74981302727397,52.319594345092774,51.28251691676215,49.387366409301755,49.60803454277275,-0.6645214554122276,54.13926928150908,2.205359181016341,2.043780223030327,1.750661245983464,48.26929473876953
2018-11-06,47.83106296762171,48.49433120995849,47.77658129059139,48.26929473876953,127531600,34.157248977190676,38.788597377028374,-91.33310682746134,-150.87273458983455,52.252462234497074,51.1643513411546,49.42429599761963,49.581524843683574,-0.8164264349968278,53.99919441955705,0.741428225339348,1.8577299376459016,1.6785731730803128,49.73321533203125
2018-11-07,48.79042901426312,49.75927241286378,48.35456840262889,49.73321533203125,133697600,45.490853429738706,44.87175989142384,-28.053804702755258,-75.08442596681721,52.20627006530762,51.10822836040467,49.4761009979248,49.584528615730065,-0.8093563125878518,53.995217098891565,1.4899776740942485,1.8051938999956654,1.6651020660098796,49.5597038269043
2018-11-08,49.9138861511166,49.947165100246615,49.146090921602585,49.5597038269043,101450400,44.43324319809301,44.30968882704043,-9.937568402474628,-52.707511234753966,52.14106842041016,51.04750190811053,49.533370361328124,49.58403703575332,-0.8084349827608861,54.01125596168801,0.8010741786440292,1.66174822551686,1.6033857883408904,48.60411834716797
2018-11-09,48.86084322856062,48.97018679479443,48.07640669549421,48.60411834716797,137463200,38.65847759688324,41.245466364212405,-50.01362463227954,-89.96631605965163,52.04704284667969,50.951682944936316,49.579171867370604,49.564632705286286,-0.8747292499949566,53.90572367186885,1.4832971314100902,1.636255212073036,1.5948080271315475,46.155723571777344
2018-11-12,47.30385269299909,47.50590577595815,46.06539344615331,46.155723571777344,204542000,27.84200694325061,34.63626184072126,-149.53953549209962,-154.05690784642408,51.89173141479492,50.763606106773224,49.6029443359375,49.49712955412769,-1.1120143217907597,54.247135412387244,2.5387249010146604,1.765179453350411,1.6622306609803412,45.694583892822266
2018-11-13,45.55196134379957,46.87123715114756,45.50917204009873,45.694583892822266,187531600,26.229405252736413,33.545954688325,-125.43348586822154,-150.24940140672388,51.72373863220215,50.56482092191241,49.62338027954102,49.42183162024045,-1.322034972695107,54.3527379958147,1.3620651110488282,1.7075916901644705,1.6407902645566617,44.40382385253906
2018-11-14,46.09154728762127,46.22941826577733,44.19701557173812,44.40382385253906,243204000,22.057433489719543,30.63868285591549,-118.24194205677736,-156.64345900421478,51.53698974609375,50.32321319370169,49.637399978637696,49.32246512979091,-1.5744817539938083,54.55246118417284,2.032402694039213,1.7539932621465766,1.6687625809482725,45.49965286254883
2018-11-15,44.78177425949028,45.63276865604136,44.42758831620002,45.49965286254883,185915200,32.66546610764577,35.731147203329016,-77.93001839487553,-122.57986833962076,51.39001853942871,50.13405396502903,49.657043075561525,49.24676587697424,-1.6669083225433639,54.58930696361058,1.2289448035022943,1.6789863394831077,1.6373470254164169,46.00359344482422
2018-11-16,45.28333905087855,46.34589328098323,45.03612451761562,46.00359344482422,147713200,37.24765937905105,37.98601722769732,-42.27207231132474,-85.77441096272487,51.26165367126465,49.97207512109944,49.68236289978027,49.18254464069404,-1.6801258061822324,54.39541964081151,1.3097687633676145,1.6262409714666088,1.6139485781272167,44.18037414550781
2018-11-19,45.1644843434858,45.330879086693024,43.97356950945979,44.18037414550781,167701200,28.936108989698923,33.41783393381445,-101.0239934835863,-110.25198746712611,51.11089538574219,49.744949592644865,49.68628765106201,49.083491759601245,-1.8167766470848505,54.25061847929035,2.030023935364426,1.6839242520234399,1.643668246501303,42.06953811645508
2018-11-20,42.39995191302161,43.13684776612056,41.72010725489707,42.06953811645508,271300800,22.234574506047224,29.060480188051798,-188.24607993896566,-152.90683061167786,50.89176849365234,49.443953064166834,49.67002449035645,48.944601588449835,-2.071521044444843,54.16690182827019,2.4602668906107397,1.794830343250197,1.7019967210805487,42.0219841003418
2018-11-21,42.723221376680144,42.85158561836727,41.96731232258113,42.0219841003418,124496800,22.100048316763548,28.968838518867685,-117.44493913662632,-137.72297546130454,50.68486114501953,49.152895457742325,49.64839954376221,48.80752005403185,-2.251293516089831,54.19705096157827,0.8842732957861372,1.6647507650410456,1.6435879049880906,40.95467758178711
2018-11-23,41.58460546368542,41.97920130450926,40.90951614402539,40.95467758178711,94496000,19.077650322581206,26.917174160640087,-106.98696521074743,-144.75488995809044,50.43130889892578,48.83139671750879,49.623796920776364,48.652018222898285,-2.451626388333544,54.01616062469531,1.112467956316408,1.585853220937526,1.605650765797256,41.50854110717773
2018-11-26,41.41821459606718,41.58698512821086,40.47213479849216,41.50854110717773,179994000,25.265502646758335,29.699647555960254,-81.41837269074314,-121.85885522831849,50.20100944519043,48.54422590926051,49.601239318847654,48.51056323050778,-2.5364607347801282,53.73391917060573,1.1148503297187062,1.5185670936205518,1.5705935917916454,41.418216705322266
2018-11-27,40.76927166930937,41.54420157448215,40.619518191650464,41.418216705322266,165549600,24.903196526778686,29.502378154751923,-68.01418099524389,-103.82362591320428,49.997139892578126,48.2647745679296,49.57171188354492,48.370120725058555,-2.581226220779108,53.48718836732696,0.924683382831688,1.4337265635078569,1.5244571482945055,43.0108528137207
2018-11-28,42.0101013122745,43.094048373052914,41.58222651798475,43.0108528137207,184250000,42.00970261952065,37.39810406499196,30.209065676973136,-55.23700221279318,49.823417282104494,48.05873842070572,49.55194988250732,48.26399660800236,-2.4598353168800955,52.99219599441589,1.6758316677306482,1.4683130069682555,1.5352696139685158,42.68044662475586
2018-11-29,43.41971820814205,43.45299716317312,42.24068563664933,42.68044662475586,167080000,39.81457221963567,36.48514773237758,91.24018127144153,-38.380580384484375,49.64247100830078,47.847825016942984,49.52942672729492,48.153431261799454,-2.3630533609007998,52.136733114858565,1.2123115265237914,1.4317413669047607,1.5122011791510357,42.44986724853516
2018-11-30,42.85634563088431,42.86585597584638,42.08141936463273,42.44986724853516,158126000,38.18985493184409,35.827826216216565,52.14895945387732,-40.548096005210304,49.449048614501955,47.63614039857405,49.510428276062015,48.040489400150655,-2.278691455477059,50.89338762012616,0.7844366112136498,1.3392692589488877,1.4602179957269368,43.93315887451172
2018-12-03,43.8475839184316,43.96168265082732,43.07503354139538,43.93315887451172,163210000,52.68154860176526,42.94847791370678,123.39933725981643,16.219444787543274,49.29652000427246,47.49092543684611,49.49882694244385,47.95915612241523,-2.0683026938224245,50.3365627038315,1.5118154022921573,1.3639187079979262,1.4639035247673096,42.000606536865234
2018-12-04,43.01324081531094,43.35554074806286,41.90076966100167,42.000606536865234,165377200,38.839872392611134,37.1626089879744,9.621107482539966,-32.6925232564106,49.090511627197266,47.27561881331745,49.4671919631958,47.84116504151325,-2.034061512123813,50.00196325158839,2.0323892135100508,1.4594144944996583,1.504509645391791,41.532318115234375
2018-12-06,40.828701244786494,41.5465800066735,40.51017357886562,41.532318115234375,172393600,36.15440250473403,35.9005244511856,-116.54403040594377,-91.28574201110297,48.868504943847654,47.050391334961255,49.431865501403806,47.71623737960674,-2.0214105286196755,49.52561314870207,1.4904329579996158,1.463845703571081,1.5035041677209213,40.051387786865234
2018-12-07,41.23992676487869,41.47763456048138,40.00622272535943,40.051387786865234,169126400,28.805993134141374,32.1786942344669,-145.71128331720934,-126.11071150324749,48.62526504516602,46.77592060758494,49.380455055236816,47.56445817975047,-2.106599664278427,48.68093594112616,1.5260953898749463,1.4727385159002044,1.5051178264462088,40.31523895263672
2018-12-10,39.221781767655074,40.43171343773332,38.82481022986868,40.31523895263672,248104000,31.691856820898437,33.501442087468675,-116.91025746167412,-146.7838935918423,48.365840911865234,46.522560542685014,49.334161605834964,47.420909284164054,-2.1282884990574615,47.63612058788654,1.6069032078646401,1.4919049004665526,1.5123882108332398,40.08467483520508
2018-12-11,40.804929311290685,40.83582886451404,39.69720988937446,40.08467483520508,189126800,30.43416771703035,32.89764213366698,-71.7453279810999,-107.48090843653338,48.098062438964845,46.27009443650933,49.28206893920898,47.275637314877734,-2.139419755057716,46.661179651302554,1.138618975139579,1.4414354825626992,1.4856904082836926,40.19639205932617
2018-12-12,40.505409310138816,40.86672619637411,40.17737499929975,40.19639205932617,142510800,31.960544147924637,33.52283664016318,-47.929277965690396,-80.33818814257798,47.825317459106444,46.031910029560976,49.23213214874268,47.13545424051037,-2.1148480573495902,46.1971650130066,0.7820513611690316,1.3472377509350324,1.4354304763469312,40.63614654541016
2018-12-13,40.52680299166999,41.02123563706542,40.3033570855926,40.63614654541016,127594400,38.18884336322566,36.04865368706546,-10.761609751382583,-56.71886628628962,47.55179756164551,45.820311461555065,49.186191673278806,47.00675507823116,-2.0364157647299805,45.72093057178585,0.8248435777392515,1.2726100119070638,1.3918171264463826,39.33588790893555
2018-12-14,40.172620426916,40.19163748722616,39.28834707172682,39.33588790893555,162814800,29.023885909722324,32.15799985575404,-125.87069458205296,-112.12339010140742,47.239054412841796,45.56602034184449,49.123967475891114,46.85485671844312,-2.0554832812313393,45.540029421633996,1.3477994736833452,1.2833513635893896,1.38867300839188,38.969818115234375
2018-12-17,39.3287555948616,40.018110405344245,38.68219007536979,38.969818115234375,177151600,26.903188799242272,31.139038824237204,-129.90022845903312,-116.41875447988724,46.9383194732666,45.307345744722525,49.05378631591797,46.698717340161764,-2.076200056549233,45.0615563554329,1.3359203299744564,1.2908612159301136,1.3849049599334926,39.47613906860352
2018-12-18,39.31212009387407,39.82319045162126,39.07678804833182,39.47613906860352,135366000,34.61267527413267,34.2425969878981,-70.20245742059171,-87.04658449683828,46.66524024963379,45.078670973110015,48.99010841369629,46.55569598824972,-2.0283804733352397,44.221041814875434,0.853372336386883,1.228362804566795,1.3469383439658777,38.24481201171875
2018-12-19,39.45949914866977,39.804174771228425,37.81693719913778,38.24481201171875,196189200,26.64068558697562,30.62742100959302,-127.16959961091932,-118.11147936463767,46.369997634887696,44.81067650403585,48.92174171447754,46.39112402831841,-2.066025061128933,43.91614419110155,1.987237572090642,1.3367734856416302,1.3926740031176466,37.27971649169922
2018-12-20,38.12833149216453,38.53481344553812,36.91602383048075,37.27971649169922,259092000,22.006034748128982,28.121418338920776,-156.12560102642217,-158.10243076334774,46.0407666015625,44.51534473884618,48.84624980926514,46.210700116702185,-2.1489619157138264,44.06715389938397,1.6187896150573664,1.3770615041295926,1.408825118256198,35.82969284057617
2018-12-21,37.28684269984785,37.59586354079904,35.568216457565846,35.82969284057617,382978400,16.86355732694294,24.83365054919655,-149.8805290414671,-185.30391212019094,45.73232765197754,44.17473093891403,48.755360717773435,46.00513561618484,-2.3051227407264534,44.35710680777959,2.027647083233191,1.4700023011443923,1.4530266871831259,34.90264129638672
2018-12-24,35.216413747515475,36.0246225500154,34.84559011112074,34.90264129638672,148676800,14.360475707776402,22.983553263946973,-132.00422752613702,-194.49340474988261,45.41439666748047,43.81111958038355,48.6287393951416,45.78528424351557,-2.4751545901648413,44.7491370298259,1.1790324388946587,1.428435177965859,1.4334556694482354,37.360538482666016
2018-12-26,35.252071232061816,37.37480037184857,34.876492432675754,37.360538482666016,234330000,41.307680000828356,36.492552376434034,-52.60922776825186,-107.92801844038306,45.109333190917965,43.55815561576717,48.51279361724853,45.61845759478587,-2.3840919662875564,44.659403148849414,2.4983079391728182,1.5812741438525675,1.509516545857134,37.11807632446289
2018-12-27,37.04438747726442,37.26545764599348,35.672815905236284,37.11807632446289,212468400,39.86407555867222,35.824991722429814,-30.379620687566334,-84.23041186034199,44.821924438476564,43.30560348669642,48.39300693511963,45.450133213195315,-2.3049191771088857,44.555282044916936,1.6877225774297315,1.5964810629350195,1.5222455481123196,37.1370849609375
2018-12-28,37.438974853128165,37.68143780110752,36.73773763686122,37.1370849609375,169165600,40.055686007642855,35.92395495469614,25.677084140603444,-52.36872858036395,44.512202682495115,43.063700799411755,48.27086082458496,45.28551839631892,-2.215105970402732,44.149707575327064,0.9437001642463017,1.503226648836631,1.4809208778361753,37.49603271484375
2018-12-31,37.68382029611543,37.881118221352,37.19651854121869,37.49603271484375,140014000,43.98753599099613,37.87226651116969,88.39251188566898,-31.420397886655863,44.21420776367187,42.84536087452673,48.15693077087403,45.131271155101594,-2.090862116171458,43.723040812309485,0.744033260414497,1.3947704504906118,1.4282860480203412,37.538818359375
2019-01-02,36.81856395762742,37.759888517261295,36.66167592649953,37.538818359375,148158800,44.49383120852674,38.113817003869904,75.00410203199105,-33.693780750485004,43.94156211853027,42.637261168050195,48.04309818267822,44.98092555518622,-1.9662794767835337,43.27690828389804,1.0982125907617686,1.35240504195792,1.4047093725018718,33.7996711730957
2019-01-03,34.225166520409374,34.63877937995314,33.75450611274441,33.7996711730957,365248800,23.154627285039012,27.903482129049678,-157.4487425607446,-169.03113472610193,43.57854667663574,42.29068901138531,47.88802635192871,44.75951457732304,-2.144543800079852,42.70008384125263,3.7843122466305914,1.699820356911159,1.5746810063682088,35.242557525634766
2019-01-04,34.35590843708306,35.31149481961843,34.18238275669409,35.242557525634766,234428400,36.800424843107194,35.12575819651505,-89.64476895989571,-114.26081408980356,43.238040618896484,42.01429169821863,47.74885215759277,44.5710599822401,-2.1446682896384672,42.25706814121208,1.5118236465227284,1.672963683998526,1.5701911949506744,35.164119720458984
2019-01-07,35.347155776449505,35.37805895693896,34.68157308595714,35.164119720458984,219111200,36.390588583351324,34.920961016201744,-56.454483177627075,-91.34527717823063,42.886111907958984,41.74565750301237,47.60571933746338,44.384783937452355,-2.126582306775184,41.81973702447285,0.6964858709818174,1.5334668535675675,1.5077836718100417,35.8344612121582
2019-01-08,35.55158826801926,36.088810372731615,35.30437368047146,35.8344612121582,164101200,42.747806987240075,38.235278479685334,-13.200160109789582,-48.20564976958922,42.58378509521484,41.51384588376318,47.467205390930175,44.2154706161594,-2.0347032860285097,41.55823486305522,0.9246906522726306,1.4464988248111479,1.4661341704145123,36.4429817199707
2019-01-09,35.96281095519444,36.73298552202173,35.56821876942101,36.4429817199707,180396400,48.2276662444687,41.16452574720429,26.61129184665415,-7.762625241039406,42.27131446838379,41.31498846557524,47.33361598968506,44.061559944947746,-1.8909878499367778,41.1890672183667,1.1647667526007197,1.406251385923944,1.4446079262849558,36.55947113037109
2019-01-10,36.25045017395317,36.599881033013816,35.860609412249794,36.55947113037109,143122800,49.31121187107303,41.7341981550216,52.610670549041416,10.980353638223818,41.97775543212891,41.12849758968488,47.193895721435545,43.91300373079771,-1.7475479644205762,40.82057043051898,0.739271620764022,1.3109685623296694,1.3942267616048891,36.20052337646485
2019-01-11,36.34077375101084,36.5356922830337,36.015111561582835,36.20052337646485,108092800,45.86071331953728,40.435007376480726,68.1285679469211,12.373495311135052,41.69625221252441,40.935243698970375,47.04049461364746,43.7602813475436,-1.6438852200750986,40.37425552172985,0.5443595687882521,1.2014529918237524,1.3335219621179866,35.65616989135742
2019-01-14,35.85822297159505,35.95805981203487,35.470758098093015,35.65616989135742,129756800,40.80848257793015,38.47870597930833,-8.376250122207079,-30.333353328146824,41.398839721679686,40.72822119671105,46.88667186737061,43.59980389296565,-1.587358445168256,39.7324090233978,0.7297652783718362,1.134069032759193,1.290396484707547,36.38594055175781
2019-01-15,35.72035787905168,36.46200517390876,35.66806186445189,36.38594055175781,114843600,49.5083753113096,42.49541858827989,43.674375082691036,4.257387403254628,41.089681701660155,40.55793568122269,46.7411417388916,43.45695511393183,-1.466766207643289,39.34430356234957,0.8058352825513353,1.0871784970152132,1.2557849702678177,36.8304557800293
2019-01-16,36.3883190228914,37.053901744956434,36.36930195915994,36.8304557800293,122278800,54.283397621933375,44.85709226510891,149.49642926309156,54.67354602699145,40.773495483398435,40.41175999882295,46.60003295898437,43.3257373053397,-1.3201099212001566,39.020148050829604,0.6845997857964932,1.029667252555396,1.214986028519866,37.04914474487305
2019-01-17,36.65454885295936,37.477019589891874,36.4311028990532,37.04914474487305,119284800,56.63715062185692,46.03140418588711,142.9988577827934,72.26054046471123,40.53151580810547,40.27989273396217,46.4600687789917,43.2014483437463,-1.1727190110227,38.52024210663191,1.0459166908386734,1.0319886008815786,1.2029096472569236,37.27733612060547
2019-01-18,37.43897567136917,37.52930578922707,37.07765882707049,37.27733612060547,135004000,59.19469243727354,47.29271322507017,120.93762591868648,97.95893116714859,40.32200447082519,40.16214541579132,46.32079940795899,43.08413919081281,-1.0256741823520485,38.34155198186304,0.48016104435401985,0.9531560928062132,1.1512847470495733,36.44060516357422
2019-01-22,37.179876540248834,37.25594114742215,36.27896197923972,36.44060516357422,121576000,47.268317132318366,43.296872151683615,17.64879809726795,50.883271942439954,40.08543067932129,40.01620266080241,46.16894645690918,42.952584061560565,-0.9655272939846355,38.25465716763757,0.9983741413657512,0.9596158140290043,1.1403625609293002,36.587982177734375
2019-01-23,36.64265395320385,36.87798596834581,36.060270599876375,36.587982177734375,92522400,49.36469626857137,44.19129831647068,-12.309968369198323,44.981766643255085,39.82252601623535,39.881762641858565,46.01439804077148,42.826552341088764,-0.8956439325217787,38.28290473595843,0.817715368469436,0.9393443218062087,1.1173163328964528,36.29798126220703
2019-01-24,36.6331501392846,36.72110086684965,36.06978379956978,36.29798126220703,101766000,45.23612315381037,42.76191431488218,-72.89682391828995,20.002615007354823,39.55729156494141,39.74122219559772,45.84917999267578,42.69727370586338,-0.8538192188533742,38.23559951571244,0.6513170672798765,0.8981975711595899,1.0840306710666974,37.50079345703125
2019-01-25,36.9588197863806,37.58874783817731,36.68308140504096,37.50079345703125,134142000,61.01371216550513,49.98751165490683,95.25242759261617,129.07318377856754,39.33522506713867,39.6533622450657,45.69113395690918,42.59437310687661,-0.7153696046388447,38.25809990990588,1.2907665759702809,0.9542788575611171,1.0987975214169532,37.15372085571289
2019-01-28,37.03248758574652,37.160851797813,36.52617256097761,37.15372085571289,104768400,55.6193323337993,48.100621848759964,19.509537489751725,71.86116781058792,39.155185012817384,39.55533709254206,45.52345821380615,42.48663741873475,-0.6264320277424389,38.26263409442158,0.9746208960536435,0.9571848630600494,1.089927762462431,36.76863479614258
2019-01-29,37.141837722602936,37.58872947476373,36.63314325823947,36.76863479614258,166348800,49.907633415765034,46.02475883528315,30.137959727031504,68.83222250272931,38.97666603088379,39.44605464954601,45.35020233154297,42.373409644029955,-0.5803318793392762,38.22268472426128,0.9555862165242601,0.956956484983508,1.0803319377525618,39.28120803833008
2019-01-30,38.80579250987827,39.49514357528034,38.08791404631892,39.28120803833008,244439200,71.88527532398061,58.58396380205026,214.8741612039827,275.93727442340156,38.87421371459961,39.439590076557145,45.20560173034668,42.3121779290656,-0.3371668676313604,38.65953773868524,2.7265087791377596,1.2097496698626868,1.1979159978515044,39.5640869140625
2019-01-31,39.48564290460484,40.17261830328575,39.1171950882309,39.5640869140625,162958400,73.41720477371453,59.72033413271278,138.57907953644147,241.53892471169146,38.75550239562988,39.444472305478925,45.0727604675293,42.25776028520415,-0.12024477586295035,39.108136087244596,1.0554232150548515,1.1877030334615675,1.1877379419374579,39.58309173583984
2019-02-01,39.68768371611436,40.167850713364345,39.442841420217896,39.58309173583984,130672400,73.53025326993227,59.800137990196,93.64921719372954,176.6028045177488,38.627092361450195,39.44990836157152,44.944373016357424,42.20479655155337,0.05259479493342667,39.37174867686737,0.7250092931464494,1.121603927702265,1.154685895595243,40.70746994018555
2019-02-04,39.794672652622886,40.80493103070049,39.76376947096352,40.70746994018555,125982000,79.53688809697934,64.30589551054891,97.00538217057557,158.67840192646685,38.55763427734375,39.499224501909325,44.83426483154297,42.1751465196451,0.27710503000736253,40.03216960784962,1.2218392948606507,1.1359232658677487,1.1594825669713436,41.40394592285156
2019-02-05,41.09017348977209,41.61788513494221,40.9689438085808,41.40394592285156,144406400,82.41988212459857,66.78904586339706,112.6071186574538,154.10860940972142,38.54432243347168,39.573919459593334,44.718045463562014,42.159875220698694,0.5054048078989624,40.73667192898976,0.9104151947566663,1.1037078271375942,1.141692040384581,41.418216705322266
2019-02-06,41.51567416629587,41.7343685781438,41.08780294197454,41.418216705322266,112958400,82.47889164298104,66.83994940920515,99.56201295467551,124.96386616564628,38.53224708557129,39.64624484177878,44.60855411529541,42.145188913463514,0.6796509662971744,41.345314514954055,0.6465656361692638,1.0384017998564041,1.1063258686549153,40.6337776184082
2019-02-07,40.9808290239489,41.34690111854977,40.491151467526414,40.6337776184082,126966800,67.86947136880275,61.27987415472485,43.15881089464735,85.73248268097609,38.52582908630371,39.68497161733288,44.47856899261475,42.11525997692776,0.7458469641909815,41.709837852037765,0.9270652377958513,1.0224965767048966,1.093521537879268,40.68151473999024
2019-02-08,40.3425224555041,40.74119655717488,40.20644616383237,40.68151473999024,95280000,68.26851860488742,61.48981735935492,-1.4711659640043235,65.50983921135816,38.50928855895996,39.72405173979003,44.355149002075194,42.08686898213692,0.7930183344711281,42.03563929299146,0.5347503933425131,0.9528185505102703,1.0536093132694997,40.44755554199219
2019-02-11,40.834296157547215,40.87249339115317,40.40458638620201,40.44755554199219,83973600,63.74201462320815,59.77908180801479,-18.272336583731118,59.03079378772903,38.48987533569336,39.75242443791561,44.243507614135744,42.05440732985683,0.8022753029759926,42.258249191962356,0.467907004951158,0.8835454725732542,1.011773434103904,40.79610824584961
2019-02-12,40.60751528119588,40.82236839461806,40.51202217536083,40.79610824584961,89134000,67.4887360465543,61.49769985646158,-26.22120910212022,57.87464651152787,38.44558044433594,39.79335321469734,44.134498863220216,42.02949051631213,0.8281899492293903,42.43865464169689,0.3748128526258725,0.8108693840093426,0.9662762497126159,40.62661361694336
2019-02-13,40.91547527726699,41.17568718212781,40.56454582503861,40.62661361694336,89960800,63.751322083677,60.15169258032615,-22.596324271160185,56.30557650521581,38.40450378417969,39.826030093216794,44.023487396240235,42.001710775730565,0.8255344458487386,42.59666321367915,0.6111413570892026,0.7823368087350369,0.9409094716680864,40.77462387084961
2019-02-14,40.51441198616583,40.88443638975765,40.43563153945899,40.77462387084961,87342800,65.68720318687762,60.95534937820452,-34.0575985829361,44.85797026927967,38.37099891662598,39.8632298492024,43.91002376556396,41.97741202513886,0.8258532090860626,42.762436923751096,0.44880485029866435,0.7346893861012693,0.9057591415702705,40.68390655517578
2019-02-15,40.88205065386177,40.98947721171357,40.5239596992294,40.68390655517578,98507200,63.27098428830789,60.15457080028314,31.08162128017451,40.754422742276304,38.306013870239255,39.89541324943665,43.80126693725586,41.95179805543662,0.8094548108383464,42.89011959373874,0.46551751248416906,0.6962362612988263,0.8743133109212632,40.805660247802734
2019-02-19,40.51441626019325,40.92741351587097,40.46189595684812,40.805660247802734,75891200,65.27123130751414,60.89705417234909,46.06972701106311,32.06085591603365,38.28211494445801,39.93110921015689,43.68631328582764,41.92910225726565,0.7970950519553881,43.012484728554,0.4655175590228495,0.6632764466879725,0.8451136143570908,41.06826400756836
2019-02-20,40.86773391621993,41.37622431606571,40.81998917675937,41.06826400756836,104457600,69.45679992965657,62.51930978054977,214.77047113316428,83.78843854499937,38.27283386230469,39.97570351593773,43.570669403076174,41.91205595529144,0.7992762239576763,43.04065465518044,0.5705640682629749,0.6500318211986871,0.8255029324932253,40.836700439453125
2019-02-21,41.01335999211996,41.14943268919132,40.65526896246121,40.836700439453125,68998800,61.79494203375011,60.149592823421166,49.36534371034916,33.643938889531995,38.28854011535645,40.00946810117363,43.45690258026123,41.89076178666098,0.7734042510162809,42.98437653458971,0.49416372673011466,0.6277649505603196,0.8018358463672888,41.29265213012695
2019-02-22,40.96082140310622,41.29981365610887,40.91307668233055,41.29265213012695,75652800,69.51897724508405,63.11424823500577,132.06464787052306,91.13735854003046,38.30808837890625,40.05978904348552,43.33696464538574,41.87891803108605,0.7806926777282968,42.83157964225485,0.4631132166557421,0.6042432742882371,0.7776413728164641,41.593448638916016
2019-02-25,41.57673962525608,41.98496119159878,41.52660529889863,41.593448638916016,87493600,73.62332524482576,64.9659476009218,170.88749779440252,177.93021595969816,38.33826385498047,40.119932557031824,43.21816314697266,41.87326517183516,0.8015013639989093,42.831688667802396,0.6923090614718248,0.6168241010287497,0.7715462077204184,41.61732864379883
2019-02-26,41.469318890580624,41.84889440507273,41.34040411487695,41.61732864379883,68280800,73.94823311736383,65.1156706009968,101.74848171457614,137.98492702203893,38.366682586669924,40.17865397219916,43.096000022888184,41.86819712177503,0.8105755047543042,42.65902883559603,0.5084902901957804,0.6013478423383256,0.7527564993258015,41.74624252319336
2019-02-27,41.34995796663316,41.77727823840255,41.23536623787133,41.74624252319336,111341600,75.82383098202396,65.96137787696894,68.79148404359465,125.47006079724433,38.38888450622559,40.24012803302246,42.97034103393555,41.86578217922886,0.8187312748732865,42.103270160060234,0.5419120005312195,0.5928570077944533,0.7376961779833314,41.33562850952149
2019-02-28,41.61494264238189,41.75579086822477,41.28072225316888,41.33562850952149,112861600,59.819829116285824,60.89723408359107,25.76059649367776,82.15062945164802,38.42887931823731,40.28308883602242,42.83396686553955,41.855284086759404,0.7830353184642007,42.033155927132825,0.47506861505588915,0.5760300945460869,0.718937066345657,41.770111083984375
2019-03-01,41.60538868343181,41.81308024446465,41.273557920974135,41.770111083984375,103544800,68.12514983178662,64.04297759636117,54.02400683999138,95.34907946479174,38.484885177612306,40.34140343398171,42.71160232543945,41.853597492645044,0.7808045002266155,42.035438788951666,0.539522323490516,0.5708146986810053,0.7061217275702898,41.98019790649414
2019-03-04,41.94200066357132,42.4337783274615,41.53138940887495,41.98019790649414,109744800,71.4537863890812,65.48871077438707,166.36677473156072,132.29917987764887,38.53496635437012,40.405669883884165,42.600103302001955,41.85610443153315,0.7869177139418042,42.02325743844638,0.9023889185865528,0.6181824443817978,0.72014081264288,41.903804779052734
2019-03-05,42.00168385120684,42.016006907094805,41.66746342883204,41.903804779052734,78949600,68.42255037909074,64.47356992162962,84.42680461351038,95.24017370195541,38.6081462097168,40.464420271929995,42.489071922302244,41.85704899287017,0.7766455069547717,42.12530230897065,0.3485434782627621,0.5796625920790783,0.693598145901443,41.662689208984375
2019-03-06,41.69849684673069,41.89425498024918,41.52422693854948,41.662689208984375,83241600,59.178243936948434,61.24658177967514,3.706192592058619,59.29266222060629,38.6958056640625,40.51141121063801,42.3682861328125,41.85320028427837,0.7405125299998829,42.15735094127913,0.37957784050325216,0.5510790561396746,0.6711681240872865,41.18046188354492
2019-03-07,41.50751713979989,41.64359345799312,41.06587379216992,41.18046188354492,99185600,44.99407852401125,55.28657713505999,-132.15203872980013,-17.226566855876694,38.80282104492188,40.53764849192847,42.267574348449706,41.8398787317886,0.6652960516668287,42.13950937522515,0.5968154168144579,0.5576128219503579,0.6658572164249417,41.27834701538086
2019-03-08,40.66004405233811,41.31654426567523,40.46428587659716,41.27834701538086,95997600,47.948591509312465,56.21792239090597,-138.7990212122445,-80.08401375018558,38.930335159301755,40.566695492848176,42.17236591339111,41.82875929185974,0.6065925415333524,42.140331246779205,0.8522583890780737,0.5997050458257459,0.6791715859001654,42.70830535888672
2019-03-11,41.89424817069288,42.76082564750424,41.8608264999989,42.70830535888672,128044000,72.8253521977275,67.02388795518794,146.46169374038328,188.7783322367108,39.037290496826174,40.65068019347714,42.07331184387207,41.846176045662254,0.6677577784715965,42.41600743551719,1.4824786321233816,0.7258155581539796,0.7365506606303951,43.18815612792969
2019-03-12,42.97091341364855,43.608314858828265,42.82051405104015,43.18815612792969,129870400,77.10851770701858,69.72429350315907,161.5701122821196,253.46553005646518,39.15869209289551,40.75018905365176,41.99030826568603,41.872749908677456,0.7463481789768238,42.75395284237363,0.9000094999415467,0.7507004069807748,0.7482262920097631,43.37913513183594
2019-03-13,43.50804625870813,43.758710628242646,43.19053854298965,43.37913513183594,124130000,78.66960118189627,70.7509049156969,113.68609196743378,203.56244325203772,39.28353309631348,40.85328497828643,41.897867889404296,41.902579319037024,0.8146512545677211,43.09472645576692,0.5705545003129586,0.7249652774568011,0.7355354497457057,43.861366271972656
2019-03-14,43.90194947627824,43.9496978509338,43.58205576514747,43.861366271972656,94318000,82.23791178855154,73.2202023424509,99.86207589381362,173.95617516842796,39.41083976745605,40.97124895058785,41.81252376556397,41.941367179491195,0.8973498662288435,43.48983201980382,0.5705627190978646,0.7029077691198101,0.72375168327086,44.431915283203125
2019-03-15,44.1287342938068,44.72077686289961,43.86374689655058,44.431915283203125,156171600,85.56998760486437,75.8210817993354,99.79019990302301,162.42323917755792,39.548701705932615,41.10696135578845,41.74513191223144,41.99068496372311,0.9974298977284093,43.97147361220543,0.8594105909269558,0.7252653150922594,0.7334416052462955,44.88551712036133
2019-03-18,44.35554211485768,44.97384507371518,44.35315251004904,44.88551712036133,104879200,87.70867869872964,77.67728879457566,106.60237768226244,147.27046576930852,39.77041862487793,41.25514001322268,41.674482650756836,42.04800837276545,1.1006582182751217,44.47303489423782,0.6206925636661396,0.7103263506028138,0.7253881022762844,44.52980041503906
2019-03-19,44.9642858245268,45.11707114202692,44.38417662471166,44.52980041503906,126585600,77.23558385201768,72.94778285333683,87.02837316637758,114.88276951748306,39.956163482666014,41.383558068195875,41.59710205078125,42.09715276964215,1.1406157326005442,44.79746607200098,0.7328945173152661,0.7135503744188785,0.7259242747790687,44.9189338684082
2019-03-20,44.45818824186077,45.23644164440341,44.10009725817005,44.9189338684082,124140800,80.2460125069484,74.75836482788213,73.26616124319372,100.412908760393,40.151259765625,41.5222002564395,41.518685836791995,42.15302962308306,1.1899649924393572,45.16508054966137,1.136344386233361,0.7739495189638045,0.7552399970258039,46.57331085205078
2019-03-21,45.36296526328095,46.86933403302084,45.312830924516525,46.57331085205078,204136800,88.07072701329335,80.6789710092423,183.78443790537597,151.48816577239919,40.36603675842285,41.72028302489484,41.47491092681885,42.240559944448755,1.347041180553056,45.87411435976462,1.9504001646126383,0.9420138969136379,0.8406085804248635,45.60884475708008
2019-03-22,46.63298312227623,47.19399365272044,45.54438737550608,45.60884475708008,169630800,69.37928453840252,70.32315751757024,110.21738373433527,121.7409523371001,40.54935401916504,41.872775641843276,41.410334243774415,42.307258653609765,1.3778182071908773,46.240554046537746,1.6496062772143532,1.0430985226708829,0.8983941301955414,45.05738830566406
2019-03-25,45.718660250980165,45.83086236441141,44.54651207027704,45.05738830566406,175381200,60.77513038260529,65.1721206010303,-0.05136000369372219,66.51975075162765,40.7193123626709,41.997662412973504,41.3485338973999,42.36171666652173,1.3422388022250331,46.4629099044521,1.28435029413437,1.077563061451381,0.9259624276197435,44.59187316894531
2019-03-26,45.75447765967055,46.04572527279197,44.06428784740008,44.59187316894531,199202000,54.16016304923592,61.103302699355716,-39.57400332190545,47.03737033770557,40.88713935852051,42.09939616810965,41.291695785522464,42.4058781814212,1.2619319207360533,46.584217813124994,1.9814374253918885,1.2066879705857392,1.0013534988891823,44.9929313659668
2019-03-27,45.05977471386228,45.300887958578926,44.53457541924519,44.9929313659668,119393600,58.68056035542417,63.23302312632972,-39.21052425783528,42.25936575428151,41.07387458801269,42.21286813665307,41.23635715484619,42.45710695735279,1.2166256797793196,46.73832556880587,0.7663125393337324,1.1437771946925952,0.9845648589209359,45.05261993408203
2019-03-28,45.10752619750009,45.25315000780088,44.768533841635445,45.05261993408203,83121600,59.376137510301604,63.552869665544264,-37.14107888626295,39.477948513809416,41.24720817565918,42.32423095223852,41.16844493865967,42.50850325392169,1.17202613825512,46.83343123922371,0.4846161661654378,1.0496113334744297,0.9488542380098289,45.34625244140625
2019-03-29,45.31760632946552,45.37728815780185,45.00964605534381,45.34625244140625,94256000,62.955264799177016,65.15861546686332,-18.841513695297547,52.61186187841387,41.41752410888672,42.44274159887255,41.09550979614258,42.5646963071392,1.1471507300867572,46.96450573028422,0.3676421024580421,0.9521871576149457,0.9073390854704156,45.65421295166016
2019-04-01,45.74970242041629,45.759249910216006,44.97145268625358,45.65421295166016,111448000,66.56019869490211,66.81017414859829,44.20421531683366,67.46918587501352,41.58962547302246,42.56868165192304,41.06057064056397,42.625874854555455,1.1391551577803796,47.11702158172746,0.7877972239624285,0.9287028813788718,0.898800381076988,46.317867279052734
2019-04-02,45.618394463613456,46.42290786370757,45.608846975321725,46.317867279052734,91062800,73.13340336774365,70.09951187536959,189.17832278269884,127.61561441964756,41.7704360961914,42.71570853926146,41.0462202835083,42.69898361543659,1.172850081289262,47.32628098380263,0.8140608883858462,0.9123254538084397,0.8927475601704778,46.6353759765625
2019-04-03,46.13404722749335,46.9099108936737,46.11017304222749,46.6353759765625,93087200,75.78968650682368,71.5521305338233,145.82011515993239,146.42025866397825,41.97433151245117,42.86942098778307,41.02988109588623,42.77693197902324,1.2112117541384322,47.49727010521331,0.7997378514462099,0.8962415106138354,0.8861040095473159,46.71654510498047
2019-04-04,46.50168835311438,46.87887791765802,46.107789772060734,46.71654510498047,76457200,76.48314891822494,71.92759846250507,94.81911064282171,120.22690795102628,42.176902770996094,43.02028860022219,40.999714393615726,42.85494412013131,1.2339392430634106,47.50248494707183,0.7710881455972896,0.8783624584686145,0.8778885906937426,47.02927780151367
2019-04-05,46.89797705880911,47.05315198843795,46.77383784364394,47.02927780151367,74106400,79.16560490392598,73.38511911564025,100.62948841946366,128.6581829687988,42.39152870178223,43.17750386301793,40.974410133361815,42.93760419302996,1.262631032194605,47.43849585761022,0.3366068834574847,0.800968804895596,0.8392256116054384,47.76933670043945
2019-04-08,46.890818296018026,47.80036877404332,46.87171967389042,47.76933670043945,103526800,84.15532825391364,76.49518548846663,121.30712737111864,146.51449843188433,42.59689956665039,43.35757573899525,40.96606231689453,43.03328206446381,1.3297574340527802,47.70789237066183,0.9286491001529029,0.8192088470752112,0.845613003644543,47.626094818115234
2019-04-09,47.82185294630968,48.42583270446762,47.56163742923543,47.626094818115234,143072800,79.83761638335612,74.67625509919155,124.93618968220312,153.59116458507063,42.806347045898434,43.52496864405878,40.98076602935791,43.12422885166483,1.3557687106046643,47.91825820671197,0.8641952752321842,0.8256354796690645,0.8469403087579458,47.893463134765625
2019-04-10,47.43033165400483,47.92211288383109,47.31096802051758,47.893463134765625,86781200,81.86391015658327,75.8314548611592,80.40626683342809,116.68330333082275,43.0288436126709,43.69628215349827,41.002754821777344,43.21866913449851,1.3820260868883096,48.13424165975766,0.6111448633135126,0.7949939630468428,0.8300977769404863,47.49480438232422
2019-04-11,47.94838852174903,47.98419616628959,47.37305474819613,47.49480438232422,83603200,69.68190682208802,70.65593639883905,51.08726621554073,91.31316981279502,43.19311553955078,43.84524380953066,41.0336646270752,43.303345080000014,1.3550466825068028,48.257477063025185,0.6111414180934602,0.7687293137677881,0.8144580370228416,47.4757194519043
2019-04-12,47.55449993530772,47.77890428633116,46.84070730184648,47.4757194519043,111042800,69.10754211784342,70.40819326040977,-0.1930619436229794,65.25259445216412,43.35134819030762,43.98761540334923,41.05342529296875,43.385966354691185,1.316944400493412,48.38878026775174,0.9381969844846836,0.7929389810130588,0.823296533270116,47.56163787841797
2019-04-15,47.40646659401936,47.70965127808389,47.27039028762013,47.56163787841797,70146400,70.38944970940895,70.90282750981268,4.167881359188417,67.60107290608961,43.51091911315918,44.127773147469576,41.069005737304686,43.46865291951746,1.2789381634185588,48.533863912393585,0.4392609904637581,0.7424135537917301,0.7958654230696619,47.56641387939453
2019-04-16,47.616548214497456,48.07251458286473,47.40169146179994,47.56641387939453,102785600,70.46892066920806,70.93191403983425,38.29694078146535,70.89930642413127,43.64809799194336,44.262621803623496,41.102866134643556,43.54979670090117,1.2349673946951611,48.61295011984405,0.6708231210647853,0.7321863491164523,0.7869338300693135,48.49267578125
2019-04-17,47.63564203820869,48.55235760399355,47.41362740609359,48.49267578125,115627200,81.62650118477399,75.9526026100935,167.53768418291486,101.10646275481507,43.789872589111326,44.42850627333434,41.1670975112915,43.64767549457144,1.2603334980405663,48.86213249042816,1.1387301978999602,0.7902640417998106,0.8120621420572168,48.666954040527344
2019-04-18,48.490294503503264,48.73618336401421,48.34706028993698,48.666954040527344,96783200,83.0336359481064,76.76575059439298,161.11140636295832,133.10170664121324,43.93484733581543,44.59471991126348,41.23354721069336,43.7470671489468,1.279746990028002,49.14208969092992,0.3891230740772329,0.7329581892680138,0.7818522086300751,48.826904296875
2019-04-22,48.421068532966494,48.924783384004826,48.304090820834,48.826904296875,77758000,84.31949232429288,77.51716412314849,108.728760643833,143.1142529972607,44.09870986938476,44.76068792638551,41.31226947784424,43.84765798355924,1.293132544199409,49.42030363639886,0.6206925631708273,0.7169202426827015,0.770340805382986,49.53113555908203
2019-04-23,48.80301661883193,49.59559294531774,48.67649145050692,49.53113555908203,93292000,88.71334929489966,80.50638371148774,127.01033075711088,181.71825661866083,44.2757022857666,44.94776430413832,41.39249542236328,43.960202093965634,1.3450612409576408,49.76057203664587,0.9191014948108176,0.7458032787010038,0.7809665689135453,49.45475387573242
2019-04-24,49.50249861253667,49.769872052792415,49.42849372408659,49.45475387573242,70162400,85.67552071555201,79.27525632389161,116.4418635006931,164.67351041565763,44.455846252441404,45.12450899322044,41.47286079406738,44.06900509954517,1.3643246583675932,49.945285653778,0.3413783287058223,0.6880282858445492,0.7495674088987079,49.00594711303711
2019-04-25,49.37597521139635,49.597989884797855,48.96774986513253,49.00594711303711,74172800,69.38737329359489,72.28085121661377,59.062972359440025,105.8979262874881,44.62004302978516,45.27672225282109,41.53281173706055,44.166766327535115,1.3280669711846755,50.0194357700893,0.6302400196653224,0.6797728192475169,0.7410440239534661,48.7719955444336
2019-04-26,48.91522976062835,48.93910395133918,48.25156805699613,48.7719955444336,74596400,62.196312883856294,68.86976287024814,-35.80971847932178,43.15568150345443,44.78295066833496,45.413791793668636,41.59372722625732,44.25795898529548,1.265862481780296,49.993261448846226,0.7543790560409818,0.6904308530751547,0.7419965262454316,48.84599304199219
2019-04-29,48.79585870616437,49.17066231598747,48.66694756683353,48.84599304199219,88818800,63.58878195778593,69.36225831116174,-17.381056064829647,58.21838006271211,44.94437805175781,45.54838792105387,41.657688484191894,44.34881114483403,1.2086039217185132,49.950109138610905,0.5037147491539429,0.663757123943553,0.7249763993103252,47.9054069519043
2019-04-30,48.475965054364224,48.55713146228483,47.53299294597256,47.9054069519043,186139600,41.12490824724627,57.014892905477595,-155.8677438995097,-37.0454775785536,45.08880805969238,45.64082003991075,41.69741096496582,44.41923878457799,1.0749374538372436,49.7988675657439,1.3130000960196284,0.7565061199544209,0.7669780919324183,50.256874084472656
2019-05-01,50.10408875249977,51.400376291203976,49.94891381611676,50.256874084472656,259309200,71.00271216750957,70.9415864857784,167.57015398957935,186.5703643178157,45.27783233642578,45.82184176714848,41.779973640441895,44.53483552318977,1.1455444373962678,50.08436573877372,3.4949693392996792,1.1477151512894577,0.9618346096015084,49.9298095703125
2019-05-02,50.09453197771317,50.765355057263776,49.68631036542296,49.9298095703125,127985200,65.60057019614766,67.65814493069288,83.2706487733797,125.63480132048706,45.45506324768066,45.982938543743145,41.863948554992675,44.64166669243972,1.1617180451816225,50.25731146230284,1.0790446918408136,1.137905085653937,0.9702067583328873,50.55050659179688
2019-05-03,50.34520096477196,50.57199117489854,50.1876400699806,50.55050659179688,83569600,70.55990361515055,70.45307885480955,83.46616373480025,128.16328567793425,45.64933937072754,46.162058859353095,41.96893974304199,44.758673423120065,1.2106650154431904,50.52612475643159,0.6421816045860425,1.0670874455013806,0.9467763902081127,49.769866943359375
2019-05-06,48.76959896429785,49.85580891786009,48.58100599834077,49.769866943359375,129772400,58.23990978563419,63.0707978800385,-2.783050023898137,30.22659796519932,45.818883666992186,46.303541529314124,42.06348602294922,44.85790497797629,1.1729437806964924,50.60689018921926,1.969500593456111,1.1960036094949136,1.019828119011541,48.42821502685547
2019-05-07,49.14917241544229,49.51681081520747,47.943598951274986,48.42821502685547,155054800,43.13757022916453,52.82582494818961,-66.79539598569399,-54.57220740288165,45.95557899475098,46.386862058629475,42.146921424865724,44.92860418686499,1.0229968623482364,50.59944578227979,1.8262679920843894,1.2860413784362674,1.077430967088173,48.43776321411133
2019-05-08,48.19903593628389,49.02025835484054,48.16322830168545,48.43776321411133,105358000,43.25973409451854,52.88448091885115,-65.94353421963677,-69.84116044444826,46.091987686157225,46.467289554922885,42.229335136413575,44.99809248443422,0.8946206778696038,50.57992519063139,0.8570300531550927,1.2247540462532425,1.0616880446643815,47.91733551025391
2019-05-09,47.84094103921428,48.14651163799503,46.94810342574412,47.91733551025391,139634400,38.06009195605524,49.28726278073239,-122.74216521252667,-142.65393327381952,46.21540954589844,46.52415410219077,42.30214702606201,45.0558992770247,0.7423303384077471,50.57893760418018,1.4896597883672058,1.2625977236980945,1.092257454928869,47.25352096557617
2019-05-10,47.311037473459045,47.653734057428736,46.19668210151915,47.25352096557617,164834800,32.28539882106469,45.07562222452988,-121.28274126700403,-165.02855853054083,46.33376739501953,46.552756724284315,42.38132335662842,45.09941653818414,0.5616010735740815,50.60242005064389,1.720653408734762,1.328034250131904,1.1371428802007186,44.50717544555664
2019-05-13,44.98407358813538,45.408245519270494,43.81939074079154,44.50717544555664,229722400,18.636844359418603,32.64637847169888,-166.91239688760962,-253.4615321284754,46.38850868225098,46.472537850608724,42.43669692993164,45.087688991795474,0.1945223650723733,51.16538603718285,3.4341302247846315,1.628905103653722,1.3012134048138553,45.21171951293945
2019-05-14,44.672514769329325,45.46095031880856,44.432868216613706,45.21171951293945,146118800,27.7751732956972,37.414163915799044,-101.01870117326622,-164.45743621341708,46.45313911437988,46.42309399422954,42.494052734375,45.09014504171912,-0.03908874721122402,51.41163850928902,1.0280821021948512,1.543073246302455,1.281704026055355,45.75334548950195
2019-05-15,44.63898984677007,45.95225268045824,44.57907817443571,45.75334548950195,106178800,34.38486414705886,40.878930929724355,-58.6925296093264,-115.51431519267564,46.53012992858887,46.39682934698532,42.569138069152835,45.10327772385343,-0.1784653100186233,51.530404308046414,1.3731745060225293,1.518801997691037,1.288237631767296,45.552040100097656
2019-05-16,45.51130060444244,46.12479550302131,45.254876908784375,45.552040100097656,132125600,33.07247089638365,39.99275509750165,-33.378202187591114,-87.90333767838457,46.60791694641113,46.363700356911295,42.651861305236814,45.11216410754143,-0.30168822863764433,51.61361715434689,0.8699185942369354,1.4261043686261652,1.2583577005151274,45.293212890625
2019-05-17,44.79714261326525,45.748540023134815,44.75640312513268,45.293212890625,131516400,31.281511566985046,38.827296797687275,-40.94664275095545,-86.3698204506569,46.69017196655273,46.32172045627262,42.746496505737305,45.11574923195893,-0.4154395436544931,51.66960293467009,0.992136898002137,1.3641090156798756,1.2393419289070569,43.87689971923828
2019-05-20,43.979949669541405,44.178856807213535,43.20349328767014,43.87689971923828,154449200,23.245313365337083,33.13668989624628,-146.67488703573076,-115.46282983463983,46.74214302062988,46.22584513325167,42.83623908996582,45.09121755843971,-0.6128088378249856,51.83328806500127,2.089719602954858,1.467767671004873,1.3000831913390427,44.71806335449219
2019-05-21,44.38734982951576,45.05356717931072,44.26273255598997,44.71806335449219,113459200,34.84346708363209,38.867300307855444,-31.594511385412535,-74.61071633416817,46.78233818054199,46.16671643604542,42.90981433868408,45.08382836628233,-0.6933579510969992,51.72634173935352,1.1766674600724372,1.4261819265859537,1.2912677819628566,43.80260848999024
2019-05-22,44.25314530140876,44.5047749813333,43.7474907918009,43.80260848999024,118994400,29.234500284125502,35.319429310296115,-92.77903180612367,-86.19964075441719,46.7946272277832,46.074006320513845,42.97665966033936,45.05845767566269,-0.8215924540926451,51.65652652974802,0.970572562691288,1.3610948746010014,1.268360980586316,43.05491256713867
2019-05-23,43.08846294762348,43.26579910587868,42.61156485806626,43.05491256713867,146118800,25.34659250688037,32.69442563582392,-127.09515399554715,-116.1590031528662,46.78814277648926,45.955610487048155,43.035837936401364,45.01878351509786,-0.9723434636290449,51.65173672572804,1.191043631923982,1.3368018399328558,1.262838312824721,42.88956069946289
2019-05-24,43.18432505134615,43.64924013152873,42.80568291033888,42.88956069946289,94858800,24.505741572303393,32.12578388012551,-85.9532696066882,-106.5956613892822,46.76870666503906,45.83537324047619,43.08977321624756,44.976620687065484,-1.092562854121681,51.60695666507761,0.8435572211898474,1.2663383229695688,1.23288966342223,42.71222305297852
2019-05-28,42.87757983293096,43.27778931506044,42.63553802351406,42.71222305297852,111792800,23.529082375439927,31.493142561182523,-86.49203039815383,-108.58242891162564,46.73431282043457,45.7128967625351,43.14150726318359,44.93178112995485,-1.1884475694224008,51.48791838419656,0.6422512915463798,1.1771830327662562,1.1907012082882407,42.508522033691406
2019-05-29,42.278459651091545,42.98062620547776,42.17780850142833,42.508522033691406,113924800,22.33613242938867,30.74420766012716,-93.20360154784595,-113.91576441192731,46.68677291870117,45.587235008462805,43.22859577178955,44.88379580131597,-1.2662770137815045,51.43561642215427,0.8028177040494313,1.1237022715209954,1.1629952436997542,42.7289924621582
2019-05-30,42.64511468367893,42.9518620603252,42.33836730703267,42.7289924621582,84873600,27.009070843881815,32.6120999139451,-64.65190487962887,-94.32417320759951,46.650756759643556,45.47514706547047,43.303460121154785,44.84112642826334,-1.29523660679164,50.898155298116095,0.6134947532925281,1.0508154832026428,1.1237452086706665,41.95492935180664
2019-05-31,42.23291661104111,42.65469694054403,41.93575718621863,41.95492935180664,108174400,21.668647731203777,29.5941483002493,-124.7280901156454,-111.2900124930439,46.591476669311525,45.33709931199346,43.37136821746826,44.78397401090776,-1.3649138396704572,50.375060836197285,0.7932352759395727,1.01401831073649,1.1001373563327312,41.53076553344727
2019-06-03,42.08195356453021,42.637931895817616,40.80463647024104,41.53076553344727,161584400,19.236966461941037,28.06168799976031,-160.6565821278456,-120.98342865840058,46.49062576293945,45.18783132067792,43.428331260681155,44.71955404105706,-1.4377861205737403,49.58243519462166,1.8332954255765728,1.1310578985707875,1.1525057898501483,43.05011367797852
2019-06-04,42.04359872204823,43.09564711557272,41.82312429602288,43.05011367797852,123872000,45.02064792417211,40.03902883705661,23.994679648072676,-54.03778443012838,46.439451141357424,45.10399925625834,43.49440258026123,44.6864958160456,-1.3572931995459214,48.736151650520945,1.5648815821254445,1.193032710507167,1.181961203584098,43.74509048461914
2019-06-05,44.16207690152386,44.332227603206654,43.4095866940409,43.74509048461914,119093600,53.023940427226364,44.58401840211188,185.74177218791564,28.618826359939618,46.41320518493652,45.050708716194066,43.56625877380371,44.66785412631438,-1.2233214711505553,48.11531995041342,1.2821139252281313,1.2057585983244477,1.1891149694158147,44.38733673095703
2019-06-06,43.87449323194862,44.44724837176043,43.65162002666748,44.38733673095703,90105200,59.39645805097716,48.47116152968544,133.14745123256031,67.968830379059,46.40911445617676,45.02469412853771,43.64812690734863,44.66229932640631,-1.053183562059992,47.41189221510577,0.7956283450929504,1.1471685621485197,1.1610087819641817,45.56880187988281
2019-06-07,44.69648835711677,45.99297740766236,44.51915220426031,45.56880187988281,122737600,68.55215617297335,54.758114629515426,135.15960888131553,161.98519660654995,46.420631866455075,45.04603168741399,43.747253227233884,44.68024987201971,-0.8136346064529647,46.88658984070825,1.6056406767053275,1.212664578513778,1.1927682030171205,46.151153564453125
2019-06-10,45.96662461499967,46.8197661273768,45.921091165173166,46.151153564453125,104883600,72.16191444814487,57.50997240772207,126.96987600280136,177.94425368374277,46.4426025390625,45.089369800239055,43.84490535736084,44.70937667781047,-0.5702262064936647,46.61484413234645,1.2509642474939895,1.2181359597966654,1.1969250633368969,46.68556213378906
2019-06-11,46.69754519733289,46.97074222523136,46.39559174230331,46.68556213378906,107731600,75.20857209381958,59.91928688642557,103.32306067390059,167.27877389023624,46.469388732910154,45.15196557802533,43.943456420898436,44.74850906307737,-0.3303924322595151,46.97243251863375,0.819588660778237,1.1612006313654615,1.1699724631541355,46.53697967529297
2019-06-12,46.47946316766171,46.963550384252,46.34526163990616,46.53697967529297,73012800,72.63021803671666,58.91896358328374,77.36002404503186,130.41037955805226,46.48704406738281,45.20627985634955,44.03833477020264,44.783924322725206,-0.15057605389615958,47.1965647737651,0.6182887443458398,1.0836417903626585,1.1305664832392572,46.52738952636719
2019-06-13,46.65919589790624,47.16005645303748,46.39558681154533,46.52738952636719,86698400,72.44320260107028,58.850671923129745,66.13314650840238,107.9198709243469,46.4912345123291,45.25808807870319,44.13083530426025,44.818448386163666,-0.008743335675120534,47.33427088621322,0.7644696414921484,1.0380457690954428,1.1044167088287495,46.189491271972656
2019-06-14,45.9043112065248,46.39318870678023,45.60475292882197,46.189491271972656,75046000,65.50940519773181,56.37144095445411,7.6651308848315525,69.00431322028798,46.48231681823731,45.29461369412552,44.22832416534424,44.84559775023909,0.07552395700420078,47.43342952611712,0.922636597545214,1.0215587445882672,1.0914324151656398,46.46508407592773
2019-06-17,46.22783260024407,46.72150772045912,46.052891587494855,46.46508407592773,58676400,68.38844750355281,57.92820645171994,21.411140800433976,70.84653617573919,46.47728759765625,45.34051449341188,44.32709518432617,44.87766678639133,0.16266927942453435,47.609631070209815,0.6686161329642673,0.9711383714991244,1.0612312521512561,47.55787658691406
2019-06-18,46.98272609412711,47.99882554183191,46.78142378732344,47.55787658691406,106204000,77.19482646324441,63.49115387586523,190.8041173897244,96.26140054215652,46.48785957336426,45.42746986962766,44.43969413757324,44.93074024778782,0.3162660795826824,48.08211834607112,1.5337414659041855,1.0515102421284188,1.0949819817050368,47.41887283325195
2019-06-19,47.8526326057158,47.90056485236439,47.284671318756736,47.41887283325195,84496800,74.13016762863703,62.36160580077484,123.93252974626891,90.112574664651,46.480850296020506,45.505564103495274,44.53887493133545,44.980010199975226,0.4219126625531189,48.441879593597506,0.6158935336076539,0.9892792837683094,1.0607613782695096,47.79991912841797
2019-06-20,48.0179947858048,48.07551129426495,47.457222541008775,47.79991912841797,86056000,77.04473593237176,64.23974593885498,100.64063873666386,93.23399257479824,46.48432678222656,45.59553881035499,44.6453369140625,45.03584998073647,0.5302729358616816,48.86822706874381,0.6566384610129958,0.941759166231836,1.03189545560833,47.63694381713867
2019-06-21,47.6417377723111,48.133013961068784,47.48596531129622,47.63694381713867,191202400,72.94400661977818,62.796432553955,72.015873326334,92.36000260816779,46.47919639587403,45.67559390866023,44.75402000427246,45.0873567893781,0.5961267099374297,49.19861356677481,0.6470486497725645,0.8996576638805115,1.0044063980486324,47.58903121948242
2019-06-24,47.57944330591722,47.967673357520425,47.49077521738597,47.58903121948242,72881600,71.63625373831496,62.352899430158544,51.790379948823734,87.35360603689348,46.48108093261719,45.750630665947384,44.83709823608398,45.13689489690492,0.637105992834023,49.46027426944792,0.47689814013445186,0.839263446202503,0.9667272367690481,46.86769485473633
2019-06-25,47.55308073051549,47.751987879310825,46.80059043176467,46.86769485473633,84281200,54.48043235906822,55.94619836339594,-47.79079921407332,40.5107251151025,46.46892044067383,45.79443710472342,44.91013431549072,45.17116816339663,0.6044092994218815,49.55814466196629,0.9513974475461566,0.8552825892515964,0.9656322518245559,47.88139724731445
2019-06-26,47.39491488255744,48.16657732114802,47.29426373709572,47.88139724731445,104270000,67.31426431787548,61.87474088908284,70.16283967008731,86.72023916318919,46.47531562805176,45.87627867894268,44.99311737060547,45.22483606604847,0.6527695247955592,49.72510759281573,1.2988824664116905,0.918654000274467,0.9894358385807799,47.86701965332031
2019-06-27,47.99882237571496,48.30557342924731,47.8262801646343,47.86701965332031,83598800,67.00168053006907,61.747816063110456,117.92086548943301,99.98153320065957,46.48132774353027,45.954346952447686,45.064712867736816,45.277156533123154,0.6820726907406893,49.840113738774974,0.4792932646130126,0.8558881808942592,0.952997083297368,47.43087387084961
2019-06-28,47.613004044302336,47.80951609123047,47.22238241443623,47.43087387084961,124442400,57.54461710281617,57.869752246328936,-58.109125946024925,33.781382556774645,46.46009170532226,46.012249968855606,45.1249821472168,45.31980440119694,0.6624658473297771,49.69036845806095,0.64463723888408,0.825709474892805,0.9309713801249904,48.30077362060547
2019-07-01,48.68899994775499,49.00533521929681,48.08508948363142,48.30077362060547,109012000,68.04115357503682,62.87760498475786,169.75609295756027,136.97193655784986,46.452768096923826,46.10199599441442,45.193807716369626,45.37883349465057,0.7089486042125301,49.37906808734278,1.5744613484472012,0.9326740282577187,0.9769349492908626,48.58356094360352
2019-07-02,48.26722928914985,48.67942179095116,48.25524622614172,48.58356094360352,67740800,70.78094177774842,64.36067751177936,108.88548780461379,130.9550070638488,46.447901229858395,46.19931226693164,45.27330554962158,45.44229344413479,0.759846065095303,49.271390594141955,0.4241755648094383,0.8600313906222501,0.9374521361136179,48.98617172241211
2019-07-03,48.715369842636605,48.9933608292453,48.57397919929373,48.98617172241211,45448000,74.4230063610278,66.41773545535972,110.84833339057444,152.1266063100208,46.437001953125,46.308600873028915,45.3563521194458,45.51246925162543,0.823180877884532,49.24453546479536,0.419381629951566,0.7970814248121523,0.9004470999591856,48.94303894042969
2019-07-05,48.73215235502716,49.14674007490686,48.6243084269404,48.94303894042969,69062000,73.281328382315,65.97837048675694,91.17256958015155,140.8427117737704,46.426767654418946,46.41191216978973,45.44130695343018,45.580401324671065,0.8599803995654156,49.21153636432723,0.5224316479664566,0.7578457424056244,0.8734459962454192,47.93412399291992
2019-07-08,48.12344323760648,48.26483388360054,47.54829273986113,47.93412399291992,101354400,51.656408813845275,56.55429557583406,-60.036060614947516,-4.692355662097451,46.405331192016604,46.471606751088956,45.51268711090088,45.62700969433936,0.7985283435361055,49.154646368547404,1.3947462005685551,0.8488315221431859,0.9106817251256432,48.22648239135742
2019-07-09,47.73760128678383,48.291184339569945,47.644139260426655,48.22648239135742,82312000,56.0418049231958,58.408213161832926,-40.70972758750903,10.608655555383411,46.39442092895508,46.540425403648506,45.58868579864502,45.678484401211,0.7646041451715604,49.174981736740534,0.6470450791432896,0.820004887428915,0.8918505361269036,48.7033805847168
2019-07-10,48.37267074229826,48.82320389232049,48.30317117612652,48.7033805847168,71588400,62.51329233114742,61.30858065445154,32.6898171729795,84.45065068074835,46.39156867980957,46.62524717545511,45.667973365783695,45.73838333553785,0.767355080451118,49.29404357227867,0.5967215009630706,0.7881072607909372,0.8707698907580583,48.34870147705078
2019-07-11,48.722549587412,48.98136835382753,48.33911722202069,48.34870147705078,80767200,55.43244815032439,58.06549657616247,16.541801348224087,64.1584976926753,46.4004345703125,46.692833618654944,45.74462131500244,45.79007280368662,0.7324720943127332,49.32203255418182,0.6422511318068373,0.7672706709360657,0.8544471222615425,48.72016525268555
2019-07-12,48.51646413508877,48.88791717832645,48.45655247188003,48.72016525268555,70380800,60.85075621907117,60.42655302980959,39.16352950857852,71.51904217956238,46.36970039367676,46.77233681998948,45.82376636505127,45.84809443634006,0.7264272970263121,49.376132582755616,0.5392157012756655,0.7346913895560085,0.8319305921911228,49.17789077758789
2019-07-15,48.90948404235328,49.33605478787525,48.88791672141196,49.17789077758789,67789600,66.67512536212365,63.17773143566498,119.7782607174285,116.34780738742417,46.354662017822264,46.86667226930707,45.90486263275147,45.914030997552885,0.7499266880673261,49.416863823719304,0.6158895351897016,0.7177196960751075,0.8164990881195927,49.00774002075195
2019-07-16,49.02930734168184,49.3935712742745,48.76809337028373,49.00774002075195,67467200,62.633922351534885,61.46704410240991,94.34104929035321,100.66241575896719,46.32380668640137,46.9506357105402,45.98657302856445,45.97529256236871,0.7462184390434032,49.41032166553499,0.6254779039907703,0.7045422972059165,0.8028547178246769,48.73214340209961
2019-07-17,48.89989531082296,49.14912619568089,48.712971233000175,48.73214340209961,56430000,56.19741917961992,58.694803326880844,39.14212177693436,63.96864937973579,46.30305221557617,47.020498757268015,46.06096794128418,46.02988366810595,0.7128242864507612,49.4627946887645,0.4361549626807175,0.6662012494166023,0.776661878171537,49.28572463989258
2019-07-18,48.887910373943456,49.338447188715584,48.81601565675598,49.28572463989258,74162400,64.69871548956456,62.366412140536916,88.58488197758757,102.24769062945371,46.320202407836916,47.109331144821915,46.13789070129395,46.09435576655717,0.7226977495545199,49.584912804081284,0.6063037866159746,0.6576444690165127,0.7644934430604254,48.55001068115234
2019-07-19,49.31687917824089,49.48702989725492,48.49489297923967,48.55001068115234,83717200,49.732813248700424,55.32750677562755,-19.89086924200558,36.87596277130654,46.32244735717774,47.165828381540756,46.20721752166748,46.14298259654915,0.6635080643995082,49.605368487899774,0.9921369180152482,0.7054291045877606,0.7807536912714842,49.659576416015625
2019-07-22,48.804036166626496,49.66197156596754,48.79445191010135,49.659576416015625,89111600,64.27358636189027,62.247811559056366,128.38843952445276,133.6128843338939,46.35729217529297,47.263622422108405,46.286350860595704,46.212618117726706,0.6980854002996324,49.78668940422747,1.111960884815204,0.7635050731916811,0.8044113479531785,50.04780197143555
2019-07-23,49.956738737439146,50.064578990974375,49.67634895884314,50.04780197143555,73420800,68.04667375362993,64.32992695650722,187.6369014109928,205.72885423677826,46.41317779541016,47.37280593384673,46.37347259521484,46.28856235245362,0.7481900764338079,50.02083560495998,0.40500257495875047,0.7122904305869768,0.7758821498821479,50.00707626342773
2019-07-24,49.76742956432276,50.12210565511696,49.64760621477028,50.00707626342773,59966400,67.17837683213448,63.931592939595504,110.39933827887964,155.48263844511922,46.52317581176758,47.47611065265383,46.45584224700928,46.36219629128479,0.7756707197584376,50.08722849536392,0.47449944034668334,0.6783202891240777,0.7543548134867575,49.61164474487305
2019-07-25,50.05978275817563,50.14366053862095,49.54214517668298,49.61164474487305,55638400,58.69426374747951,60.04391179170943,59.806313650138755,106.49827133437606,46.61117431640625,47.559857087642825,46.532156715393064,46.42654180521723,0.7568171913131607,50.169580090497924,0.6015153619379703,0.6673481566689194,0.7434377098047013,49.78419494628906
2019-07-26,49.72188447879348,50.26108942568483,49.640405497764334,49.78419494628906,70475600,61.18952961788679,61.15398210967908,61.237247153259766,109.72803220589302,46.69179130554199,47.64708602327602,46.61096061706543,46.49302998622855,0.7471858994383638,50.25739503276356,0.6494446808117829,0.6647905172607571,0.7367239220194929,50.24910354614258
2019-07-29,49.95673802217077,50.47916591954553,49.95194406569725,50.24910354614258,86693600,67.3831834503641,64.05186409175445,100.71191753749743,129.2341931019017,46.78573257446289,47.74912592613353,46.69682476043701,46.56740768048427,0.768211802380165,50.34202654413953,0.6949709732564671,0.66910201097443,0.7337415685364197,50.03343200683594
2019-07-30,50.02863804950347,50.36414558513368,49.68115110561913,50.03343200683594,135742800,62.02591681055442,61.750503697120095,56.33809566546451,86.55279533629825,46.88053695678711,47.838706556749315,46.785354461669925,46.63604182556054,0.758725970468177,50.450042923175374,0.682994479514548,0.671086649337304,0.7301167764634288,51.05432891845703
2019-07-31,51.86433589588559,53.05058627283472,50.63734602069017,51.05432891845703,277125600,73.61195202423455,67.67170005778982,227.7720130056927,223.7988040910235,47.02408554077149,47.964809394463344,46.88311428070068,46.72353265908324,0.8240866709460164,50.79060647934069,3.0171542659987836,1.0062391660032297,0.8934765971445255,49.94954681396485
2019-08-01,51.260414211398206,52.25015599273981,49.54454706892121,49.94954681396485,216071600,53.14165471473329,57.32892729839678,43.35061463658767,97.82651892615881,47.12871520996094,48.0426422344438,46.955526695251464,46.78741412749673,0.7777731296976924,50.86248314409756,2.705608923818602,1.2490062742625685,1.022914620478388,48.8927116394043
2019-08-02,49.25457677249791,49.47025729958617,48.31995627949175,48.8927116394043,163448400,40.555280415491694,49.530331017139275,-147.1608253332952,-92.98677874509819,47.23051727294922,48.07597828954029,47.01257225036621,46.829103187138465,0.6483181403820879,50.86242883396151,1.6295905344731025,1.3033754542926448,1.0662486143351535,46.33326721191406
2019-08-05,47.44762596235388,47.60578992028819,46.15113713416607,46.33326721191406,209572000,24.29635298669963,36.55953974665742,-183.97024737319686,-242.2710083927933,47.29608436584473,48.007636678652986,47.04211357116699,46.819284652975604,0.3353328452452047,51.16957775780369,2.7415745052382263,1.5088324615705848,1.185914749399659,47.21038818359375
2019-08-06,47.04503141655611,47.46681184418083,46.5010325186815,47.21038818359375,143299200,34.754518375529614,42.15058122415885,-99.65171688967095,-168.91264333416055,47.382500915527345,47.97637203178792,47.0756037902832,46.82702927734428,0.15626475311816534,51.266798839083634,1.1335446322667693,1.4552199145271827,1.1821740267473098,47.69926834106445
2019-08-07,46.829353474745794,47.82388562486308,46.448316172994446,47.69926834106445,133457600,40.13250247337387,45.05705190817815,-65.30935157029211,-120.15057159073488,47.482241821289065,47.965505220387,47.108277320861816,46.84430133801201,0.05318743135683235,51.30482447818093,1.3755694518686354,1.4438412770045332,1.1959879856845472,48.75130844116211
2019-08-08,47.97725090959715,48.77527456500826,47.78313773928146,48.75130844116211,108038000,50.39731321684894,50.78712605151848,-9.92163918267376,-48.857537711716866,47.60709754943848,47.99632103296642,47.14693523406982,46.88206385490607,0.055746148145836116,51.30357780806551,1.076006223943807,1.3912934122815723,1.1874178598459229,48.34959030151367
2019-08-09,48.424162442131816,48.77537387935495,47.94064014742092,48.34959030151367,98478800,46.820992980785185,48.6986060210328,10.85478192227143,-46.58170974848741,47.719509506225585,48.010174729772196,47.18513313293457,46.911123784541864,0.02506966556531154,51.305273058898834,0.8347337319340298,1.3117848865176376,1.1622261364236448,48.22689056396485
2019-08-12,48.02001129319344,48.60456700562151,47.90694915273637,48.22689056396485,89927600,45.66622921280637,48.048666094398314,36.19151601010956,-45.3927666802667,47.84494873046875,48.018673389936616,47.21821269989014,46.93717857225321,-0.009038323104981316,51.2916696588591,0.6976178528851449,1.224046738855853,1.1290398304566092,50.26923370361328
2019-08-13,48.35680487555332,51.03179951623649,48.226901944089214,50.26923370361328,188874000,63.26177014488627,58.07793199678039,148.5530138896552,42.84703691670098,48.01971809387207,48.10693065713962,47.25517192840576,47.003159861983114,0.12726385443988164,51.41475652829217,2.8049089522716386,1.449884197915251,1.2487447677291112,48.77296447753906
2019-08-14,48.87159379466716,49.66062099046996,48.73447445076552,48.77296447753906,146189600,49.54726144451626,50.4011592481971,71.49661883247161,2.317522556761082,48.13417510986328,48.13304963048862,47.28681312561035,47.03820549793472,0.11324250138289216,51.41542448300148,1.5347592528477634,1.4620092057627527,1.269174373809015,48.52999877929688
2019-08-15,48.94375735403797,49.3478915876303,48.03204373725205,48.52999877929688,108909600,47.59264837966838,49.262474079327916,9.998655342219212,-17.39886843323954,48.22987327575684,48.14861626377522,47.32153923034668,47.06774595895179,0.08158471891285046,51.39153594571681,1.3158478503782476,1.4411290121363949,1.2725081935639602,49.675052642822266
2019-08-16,49.141015463618594,49.83382124650139,49.03516972783252,49.675052642822266,110481600,56.933888643159214,54.48179392359841,83.41190664192425,40.497550034486345,48.33562759399414,48.20847651393393,47.37237102508545,47.11937579427596,0.14719520074703496,51.446343628270675,1.3038224672045047,1.421513791431839,1.2747449273954277,50.6011962890625
2019-08-19,50.66614407456424,51.17371979101989,50.52421624172767,50.6011962890625,97654400,63.13446542626998,58.22495621959094,145.02429011956457,110.35545949715093,48.436275482177734,48.302308661978195,47.42845367431641,47.18832273476678,0.27080239104942905,51.57034706801576,1.498667148197626,1.432535699541237,1.2907393717384417,50.60360336303711
2019-08-20,50.72869411163165,51.32287057919213,50.59398269188871,50.60360336303711,107537200,63.15055280489141,58.23456938140217,107.78631131171232,124.42330844789583,48.525324478149415,48.39255551300011,47.48396350860596,47.25595205413847,0.3647515814774849,51.649655191536354,0.728887887303415,1.3320145835072625,1.2506071228502254,51.15208053588867
2019-08-21,51.23627702030587,51.39504197542389,50.90190267433042,51.15208053588867,86141600,66.98096122404368,60.46692674603112,96.75665469013934,135.82263349832937,48.61465484619141,48.50077218056437,47.54202178955078,47.33310311318303,0.47795494866167587,51.828840012770506,0.7914386123867772,1.2547894447757646,1.2178093721028362,51.10877227783203
2019-08-22,51.28437796466057,51.58507439376936,50.697417947742494,51.10877227783203,89014800,66.34565147847415,60.193341890188144,69.69165584623033,109.08143981275585,48.706090698242186,48.60304669418271,47.5965673828125,47.40786883921568,0.5577454756001927,52.02288099361016,0.8876564460268668,1.2023418735259221,1.1942270202402672,48.74649429321289
2019-08-23,50.37987551099005,51.01013765679237,48.35198076612465,48.74649429321289,187272000,41.373230384987366,47.55442030231386,-62.94692377362052,6.220456880609855,48.7504727935791,48.60867209022311,47.6208536529541,47.4343762739483,0.42545951957841766,51.97653333333155,2.756791511707384,1.4244061075518453,1.3058387696307754,49.672645568847656
2019-08-26,49.5210933948049,49.84103483411144,49.32864694709885,49.672645568847656,104174400,49.984218028888435,51.8252896507318,-67.17647699549278,11.490785385455,48.8201358795166,48.65039654036525,47.65122634887695,47.47869843820373,0.39084914844870866,51.91880406511483,1.0945405408985494,1.3772824551728031,1.2907460390070449,49.11214828491211
2019-08-27,50.00220899962749,50.168194019276,48.96059610686594,49.11214828491211,103493200,45.28770347663513,49.21333027961393,-82.4885115795565,-14.946826739928387,48.87307716369629,48.66850445191611,47.67518238067627,47.5110439797227,0.31456660541547876,51.85069598271661,1.2075979124100584,1.3530418062066967,1.2848068871072602,49.44171142578125
2019-08-28,49.09771645844376,49.48741787220754,48.910082172512254,49.44171142578125,63755200,48.600634819717314,50.78398572067697,-70.04975130516685,-32.47801727889569,48.91075386047363,48.69882629402847,47.69930671691895,47.54927501825851,0.2775062127902288,51.636834031697276,0.5773356996952828,1.2422266481336375,1.2342732308635473,50.27885437011719
2019-08-29,50.15617153095791,50.35343017848864,49.71354720510862,50.27885437011719,83962000,56.42077856335717,54.6229422301303,10.355755278478181,30.07758125987644,48.967953491210935,48.760788179365285,47.72440189361572,47.60332609453294,0.3120884624150193,51.67840955737561,0.9117187527073867,1.1950112345013157,1.2112336252809646,50.213905334472656
2019-08-30,50.55549607776158,50.62525604247512,49.84344523456853,50.213905334472656,84573600,55.65434253284897,54.26925580801141,44.310356205179744,30.142794764610812,49.01623321533203,48.81777316584008,47.7502799987793,47.65502073294759,0.3304451342073591,51.780974440355706,0.7818108079065951,1.1359826021306414,1.1805605668970809,49.48260498046875
2019-09-03,49.65821067205432,49.790517838568434,49.126581426530514,49.48260498046875,80092000,47.22689433919503,50.31851216903007,-38.34294695911333,-41.67439685305002,49.05314643859863,48.84384500170787,47.76617141723633,47.69121052002721,0.28272403532973556,51.56181796426646,1.0873239079421424,1.129031360103713,1.1739008055431568,50.32215118408203
2019-09-04,50.12970472847496,50.39191114305154,49.87231048470653,50.32215118408203,76752400,56.12520805401261,54.42079180807418,80.74339790464792,22.026979672880348,49.10780883789062,48.90181779317352,47.79444488525391,47.74330835495899,0.3090861303967074,51.50399367367368,0.9093061625827872,1.097642046172152,1.1550011881888447,51.3060302734375
2019-09-05,50.99811740539344,51.47201529946035,50.88024307676292,51.3060302734375,95654800,64.34497837146756,58.722364725984235,159.1785620125556,112.45823397405641,49.19657554626465,48.99610063553681,47.83274799346924,47.813857303839754,0.4047039256211562,51.63267380551632,1.1498641153783211,1.1051023417730335,1.1546342544166646,51.30121994018555
2019-09-06,51.491262157017566,51.5802671339122,51.12080206554331,51.30121994018555,77449200,64.27629119792192,58.69319942823959,123.26206198137741,103.81302182732985,49.26497200012207,49.08649747101324,47.870143814086916,47.88291398970799,0.47462241181256815,51.82130626627585,0.45946506836889256,1.012868445572442,1.1049793125561094,51.52012634277344
2019-09-09,51.681299198955934,52.06619212190076,50.774401351657886,51.52012634277344,109237600,66.19233841806255,59.674739517987994,89.80027091066822,102.25046967682736,49.33803413391113,49.18193389735678,47.909680938720705,47.95493799669938,0.5414556691568677,51.97894047001048,1.2917907702428764,1.0527144919539324,1.1183229881051642,52.12873077392578
2019-09-10,51.44554938683884,52.14797578532957,50.92835301132534,52.12873077392578,127111600,71.2022657110485,62.35314609459529,86.01977445855971,111.07624913580469,49.431991271972656,49.297494559183015,47.94604148864746,48.037587358624656,0.6361971140723028,52.19908087198695,1.219622774004229,1.0765585322468318,1.1255586870979546,53.78617858886719
2019-09-11,52.45830560814016,53.81504794626473,52.37651337789359,53.78617858886719,177158400,80.42081300393465,68.49108080487002,169.5960858895725,189.03134165717495,49.54169937133789,49.47352138387651,47.99723373413086,48.15142084833243,0.8353926916045396,52.913536177192306,1.6863171723389456,1.163666909402848,1.1656128646151682,53.665897369384766
2019-09-12,54.07725173898349,54.46695317394256,53.61057024888576,53.665897369384766,128906800,78.29872397051957,67.62935036552011,136.42503786443353,174.90070641462097,49.64334609985352,49.63792828526899,48.04562366485596,48.26061840320475,0.9723423751072104,53.41947863949254,0.8563829250567991,1.1197691973534123,1.1435250117895706,52.62188720703125
2019-09-13,52.92258370535714,53.11262227723002,52.20572428111945,52.62188720703125,159053200,61.788394327230215,60.51270142893404,30.292353739874855,88.97980800645647,49.7160604095459,49.75494628220085,48.07653118133545,48.346980161696365,0.985275448944563,53.57703897216361,1.4601730882653143,1.168398324626541,1.1661427315378379,52.89851760864258
2019-09-16,52.37650901593333,52.95384839785664,52.335614739521375,52.89851760864258,84632400,64.12676610054217,61.6638430736581,23.21853350472265,81.87870711222106,49.79516998291015,49.87822358912013,48.11096881866455,48.437109616091334,1.0062473713223667,53.82373173312519,0.6182336583352637,1.0898033722992158,1.1270063691662255,53.09096908569336
2019-09-17,52.91295912103472,53.11983844341441,52.71088829943247,53.09096908569336,73274800,65.82424550929187,62.483255438572826,30.705517450554133,82.52364624812282,49.898306884765624,50.004213608593595,48.15181903839111,48.52926524915276,1.0265634127070697,54.08343627607813,0.4089501439819401,0.9925386253967478,1.0757166387959194,53.58892059326172
2019-09-18,53.17756622666892,53.60816560690575,52.78786479455756,53.58892059326172,101360000,70.09573817175887,64.59210011640825,50.647087777683964,87.57236587118943,50.005555648803714,50.144790353090386,48.199988288879396,48.629456444085605,1.0705044381825033,54.408743249537956,0.8203008123481936,0.9679332235326685,1.0574726511925105,53.15351104736328
2019-09-19,53.40609312582707,53.82706815074794,53.01157953501138,53.15351104736328,88242400,62.16902256089278,61.34501052879687,29.96366037562579,75.21692813051757,50.094558258056644,50.26277939992462,48.24306346893311,48.71904168375447,1.0579981617376575,54.613097005048616,0.8154886157365624,0.9461554224189391,1.0401880772313714,52.37650680541992
2019-09-20,53.25454259797216,53.53839827071438,52.313963268360816,52.37650680541992,221652400,50.32150153410396,55.94055708854926,-63.81846386920398,35.0035884582055,50.17511436462402,50.34567067072836,48.28777446746826,48.791466735668635,0.9741595935220033,54.70288704152426,1.224435002353566,0.9859096481238858,1.0533485718829567,52.61465835571289
2019-09-23,52.66998547056386,52.88408117997222,52.357260452056735,52.61465835571289,76662000,53.49084092794193,57.18557989541001,-75.33108048318198,17.16692828234611,50.25300422668457,50.43465057994344,48.311352310180666,48.86717350042199,0.9163704162422448,54.68802912202912,0.5268207279154851,0.920325516665543,1.0157394401709945,52.36448287963867
2019-09-24,53.170350865473765,53.52156594791052,52.24661221580906,52.36448287963867,124763200,49.61180810239639,55.41410645464277,-55.55313521698874,13.798351534053582,50.31673606872559,50.5103302779707,48.33569904327393,48.936427151495586,0.8406940095556976,54.70095602740792,1.2749537321014586,0.9709866902992452,1.034254746737456,53.17035675048828
2019-09-25,52.573775932041976,53.28341892628327,52.23458940465702,53.17035675048828,87613600,60.40311767936501,59.74047745859793,-13.633526316445002,25.333671664889373,50.399988403320314,50.61464504159884,48.36189754486084,49.02026734157465,0.8361090537345248,54.69660711486808,1.0488295216262458,0.9821070947745311,1.0352958020866554,52.89611053466797
2019-09-26,52.92257196747614,53.14869627136216,52.641120547940574,52.89611053466797,75334000,55.66960167917152,57.68895074314633,-10.721492392200224,13.630684731942557,50.48326774597168,50.70411427662116,48.39315998077392,49.097016711734916,0.8011113525700466,54.63568480385211,0.5292362025477075,0.917411253027842,0.9991486878338733,52.63872146606445
2019-09-27,53.05247641965326,53.153513660739534,52.26826137037772,52.63872146606445,101408000,51.27027338520384,55.753790106659636,-59.49835898043307,-40.59611462917665,50.550327682495116,50.779981225226784,48.43526504516601,49.167149479147376,0.7440295658138822,54.6097707484881,0.8852522903618123,0.9128171155041235,0.9910132308715832,53.87759399414063
2019-09-30,53.13908166091836,54.02433402647341,53.11262022326453,53.87759399414063,103909600,66.24812385486399,62.3076712280839,229.33803115020203,123.89332352825456,50.656879348754885,50.90145623577243,48.48966335296631,49.26042560815714,0.7896558369390547,54.69664151772416,1.3856125604089584,0.9803593219190999,1.01919889726711,54.02672576904297
2019-10-01,54.14219583604213,54.899949338845005,53.93290863373775,54.02672576904297,139223200,67.64478225030314,63.01781021273529,157.92142767211251,182.9910226581012,50.74422233581543,51.02401582531245,48.5507572555542,49.35480778956082,0.828300540383303,54.57497759809642,1.0223553447043727,0.9863587537455675,1.019424357798343,52.67240524291992
2019-10-02,53.658687543997424,53.78377831366892,52.42462795411642,52.67240524291992,138449200,47.02714299925339,53.21290670283711,-28.1341249326622,-13.899271503829855,50.79671440124512,51.08865854757157,48.60494609832764,49.42050278863724,0.7411014422470927,54.36081816049577,1.6020978149265517,1.0743214767714224,1.061043890450358,53.11983871459961
2019-10-03,52.54490352557878,53.15351657327003,51.751067761117135,53.11983871459961,114426000,52.59608440229459,55.66704155143211,-67.5517601448864,-68.20252908823869,50.858969650268556,51.16831267176875,48.69107273101807,49.493756965388975,0.7000301586305184,54.30232281070232,1.4024488121528975,1.1211968103973473,1.0854299562862537,54.60887908935547
2019-10-04,54.27931695765273,54.72434916797866,53.85834193135936,54.60887908935547,138478800,66.33657738258393,62.68238482356274,106.6528198161555,178.9945184019178,50.958914337158205,51.30323684500745,48.78504432678223,49.59504651239821,0.7786580984142333,54.46617015161327,1.6045104533790493,1.1902416165375906,1.1225071346500248,54.620906829833984
2019-10-07,54.430868293138765,55.31130468759633,54.3274268081445,54.620906829833984,122306000,66.42828091050033,62.73368288419955,101.4448044062176,168.51335867115,51.0556485748291,51.43334155029476,48.873719940185545,49.69456849888209,0.8323470664491737,54.600142316907636,0.9838778794518319,1.1607610826681964,1.112605044993011,53.98102569580078
2019-10-08,54.32262009604962,54.86146578985083,53.96418860317499,53.98102569580078,111820000,56.821033978907046,58.15369509463392,42.13858088305919,92.67058954375585,51.13028701782227,51.53325073247147,48.958009796142576,49.77944883941513,0.8138809872209265,54.64237629565933,0.8972771866758436,1.1231205260978603,1.0972244836846419,54.61368942260742
2019-10-09,54.61368942260742,54.79651153502603,54.27931513122723,54.61368942260742,74770400,62.9945435330326,61.17202424797949,57.58438306629347,98.82884094201863,51.22189216613769,51.654052249731706,49.0512145614624,49.87517637571597,0.8406071656081977,54.78857257912344,0.8154858392252464,1.079172713687487,1.077100294794685,55.34980392456055
2019-10-10,54.830199504216615,55.43400041076301,54.67865096790825,55.34980392456055,113013600,69.00921246086108,64.3903792912287,94.21294420849928,123.70405232525081,51.30780166625976,51.79898368796029,49.16594360351562,49.98358484202972,0.9106882950918234,55.114906808544234,0.8203109881555903,1.0421924671829303,1.0587582014633212,56.822025299072266
2019-10-11,56.03780637475735,57.1660203784135,55.8838498933368,56.822025299072266,166795600,77.53062354193767,69.78461335998456,176.5525411803525,187.89076215478426,51.44525123596191,51.995965711925464,49.286983222961425,50.118999504545414,1.0726591096615081,55.84074605464499,1.8162164538529524,1.152767322421505,1.112862362348295,56.74021530151367
2019-10-14,56.506874566173074,57.28387682413072,56.45154744797599,56.74021530151367,96427600,76.17275226362818,69.15768082980446,124.50318323097284,167.23834530290782,51.602201309204105,52.182014715438726,49.41635929107666,50.250112688643796,1.1808091314175684,56.38572232774909,0.8323293761547319,1.106990472954823,1.0928242919058975,56.60791015625
2019-10-15,56.86530439737924,57.16840508419023,56.50206442322086,56.60791015625,87360000,73.73615932005016,68.09227755651565,79.32026675153872,135.75683324563744,51.80769416809082,52.355579242529366,49.55188926696778,50.37600966820035,1.2415312835254397,56.80845267207855,0.6663406609693752,1.0440404998140447,1.0623611754104316,56.379390716552734
2019-10-16,56.13883351259682,56.588677980010296,56.097939228397706,56.379390716552734,73903200,69.2710865578351,66.19542879440823,38.68567280688601,93.54106666509986,51.99107421875,52.51337577092244,49.68678756713867,50.49488850084099,1.2567276435939263,57.125151300476354,0.5099709278522937,0.9677448466766517,1.022904729156279,56.59829711914063
2019-10-17,56.5525906643299,56.807580706314425,56.17491777307306,56.59829711914063,67585200,71.21885866765123,67.13976260270742,38.196136522338605,86.34381782406754,52.16905479431152,52.67356876497021,49.82564830780029,50.61574807744099,1.2717745601663495,57.44519601112961,0.6326629332413631,0.9198760019001819,0.9950303151623564,56.8701171875
2019-10-18,56.4323014089496,57.15156861487775,56.3601335292246,56.8701171875,97433600,73.63941822372391,68.3230787960171,61.784559570827405,85.70383063279658,52.33143096923828,52.83813929134393,49.96926425933838,50.739596970709485,1.2907539497128226,57.72855095697419,0.7914350856531556,0.9015272995791782,0.9804877987688421,57.85639572143555
2019-10-21,57.13713223071058,57.97186579008106,57.08902153741359,57.85639572143555,87247200,80.56030871446787,72.23058431113151,222.62475477506473,108.97072960483534,52.52156707763672,53.03493366115144,50.120538291931155,50.88052367864465,1.3695918849738575,58.17403410377014,1.1017486025810612,0.9301303428651615,0.9891492847554292,57.7241096496582
2019-10-22,58.01277756715074,58.26295545014781,57.64231740870242,57.7241096496582,82293600,77.38121127554265,70.96611901803564,134.20004605314278,107.70061652470422,52.71151145935059,53.218822915602686,50.27823009490967,51.0160402325261,1.405198878270511,58.47968615605243,0.6206380414453889,0.8859171569480512,0.9628270530904263,58.49868774414063
2019-10-23,58.238889244421685,58.51312425689027,58.02719777142456,58.49868774414063,75828800,82.18397664755959,73.85248848625895,117.48365979924591,126.54581228939641,52.87610054016113,53.42587643829045,50.4479093170166,51.164211470379854,1.4788721383531467,58.94073891494269,0.789014607232069,0.8720739355600537,0.9504118783862578,58.59491729736328
2019-10-24,58.81863370887046,58.8883973453656,58.169130068603984,58.59491729736328,69275200,82.71591163089427,74.195703903785,97.78355859759793,128.8429819458812,53.07253959655762,53.628583922959976,50.60335735321045,51.311354160023086,1.5274165413717995,59.31224702713137,0.7192672767616131,0.8502444128745622,0.9339015496987833,59.31658935546875
2019-10-25,58.4938842476848,59.352671463902205,58.426528531534856,59.31658935546875,73477200,86.29586662760104,76.66905031592847,112.28082737136181,139.84819960219158,53.28827140808105,53.85164295952895,50.759072341918944,51.469873668843796,1.605612730236743,59.7178232051192,0.9261429323673482,0.8610870585163888,0.933347362746538,59.9107551574707
2019-10-28,59.5186458531421,59.95886585030972,59.35025659290026,59.9107551574707,96572800,88.56989491727894,78.49653529325191,133.9555475728873,148.39996597138048,53.49298545837402,54.0892552025855,50.914306526184085,51.637019836935416,1.6959778113563004,60.26695379720037,0.6422764948409707,0.8298284065627577,0.9125565864675689,58.5251579284668
2019-10-29,59.89152469479208,60.07915901187092,58.35196012629603,58.5251579284668,142839600,61.0211936694022,65.59339185354999,46.15453871737438,90.70521178652555,53.65146469116211,54.2632121722279,51.04387008666992,51.77341861102514,1.6369173089356295,60.4734531357354,1.727198885574893,0.958024189278777,0.9707453221180921,58.5179328918457
2019-10-30,58.87876862858786,59.00867154935717,58.024793654786826,58.5179328918457,124522000,60.90594801889431,65.53290065933598,-29.867331517484466,52.58682642031789,53.80975128173828,54.43006396515409,51.16753787994385,51.90697334925921,1.5714141510244701,60.455344332191665,0.983877894570341,0.9617175757490004,0.9716833630075384,59.84099578857422
2019-10-31,59.47535156050555,59.93962510180534,57.07458854156934,59.84099578857422,139162000,72.14508399216463,70.83676996650604,14.843496886581413,72.04938994269935,53.983529586791995,54.64225736999409,51.2990922164917,52.06408270449317,1.6077296384282675,60.623609056552915,2.8650365602359997,1.2336202878185716,1.1069228770952857,61.53934097290039
2019-11-01,60.02863847059543,61.56579873952554,59.93722923609678,61.53934097290039,151125200,80.52840411367858,75.95231108996425,182.96031423207583,176.82402037899084,54.19214096069336,54.91273123677473,51.44911582946777,52.25171158109529,1.7533407656176223,61.27252966716532,1.7248029509513216,1.3037892396946786,1.1510571680850024,61.943477630615234
2019-11-04,61.90257967738118,62.027674116998526,61.433497552485065,61.943477630615234,103272000,82.02986686511132,76.98678653714785,143.05050997307873,186.94163044219607,54.45608062744141,55.18844678163122,51.60327671051025,52.44362774049172,1.8796812879270703,61.88113256464578,0.5941765645134609,1.2024160003830762,1.1112799821156065,61.85446166992188
2019-11-05,61.83521298667724,62.1094516637506,61.65961096409468,61.85446166992188,79897600,80.43600768070007,76.20914712231351,94.61634590318101,157.3832556634487,54.69971694946289,55.44985913019164,51.75992641448975,52.62998088760915,1.950144169932706,62.23958203857367,0.44984069965591544,1.0949052431363389,1.0640343190827715,61.88092041015625
2019-11-06,61.7678582532789,61.94105969910756,61.43107970339588,61.88092041015625,75864400,80.56694609191428,76.28582253121469,65.19298063934887,118.78071816075834,54.955092391967774,55.70205761175888,51.91408477783203,52.8131678088477,1.9852369351702492,62.552336854544436,0.5099799957116815,1.011344493504245,1.0244590102705506,62.595096588134766
2019-11-07,62.42861325665717,62.81707681785857,62.27660609632884,62.595096588134766,94940400,83.9497342253919,78.31716451541746,87.26048169129857,128.1902801428365,55.21816009521484,55.97237286573441,52.06445697784424,53.006869368833584,2.047078803213111,62.994814702672315,0.9361564077023203,1.0006033383896844,1.018151681515677,62.76642227172852
2019-11-08,62.41656422082973,62.83880314137399,61.97261103939182,62.76642227172852,69986400,84.69535975848414,78.78661178325252,79.23345654703188,103.70939162535691,55.46791145324707,56.23880617577339,52.217932472229,53.20012784215823,2.085868881958298,63.496016121552074,0.8661921019821648,0.9814017331886102,1.0072974258347118,63.263458251953125
2019-11-11,62.322462751518806,63.32860103570491,62.31763981455063,63.263458251953125,81821200,86.77482686121948,80.13062919244129,113.65922183108712,104.14221402410779,55.72890251159668,56.51428272778044,52.372567863464354,53.39940171165912,2.132138977608953,64.00494534473427,1.0109612211542753,0.9856245171837053,1.0075591255003948,63.20553970336914
2019-11-12,63.10661428120815,63.40580569755852,62.95461446805824,63.20553970336914,87388800,85.20102384266956,79.49855419736878,109.4748515879886,99.29663044128546,56.003361206054684,56.77668496211726,52.52825382232666,53.59358266199001,2.1394723138857117,64.39009119673406,0.45119122950028157,0.9092769046575019,0.9678185615003868,63.81114959716797
2019-11-13,63.00527745670818,63.885945606147736,62.99080128485799,63.81114959716797,102734400,87.8820843954176,81.17101851346249,119.08523301039033,102.88022517167003,56.27314117431641,57.052546320354544,52.69047500610352,53.795910720112346,2.1691471151590207,64.77004095109665,0.8951443212897487,0.9072579641763943,0.9626275443424841,63.36961364746094
2019-11-14,63.63743019848044,63.91007704911143,63.23932073339819,63.36961364746094,89182800,76.14790299390951,76.28484980953819,84.77000331727955,91.28448404554277,56.514412841796876,57.300274450829306,52.85549419403076,53.98548899590143,2.13245473708988,64.97430758176478,0.6707563157132412,0.8734720143959438,0.9417795994403954,64.1224136352539
2019-11-15,63.62054837598867,64.12723657232394,63.45889530662177,64.1224136352539,100206400,81.15338706439496,78.64512535139284,116.15505005556732,100.9394957673859,56.770836715698245,57.567809320806745,53.017904357910155,54.1862201768787,2.1394580896278512,65.24343449236868,0.757622924863,0.8569221444626661,0.9286255512562958,64.44572448730469
2019-11-18,64.13205687234594,64.5253434436311,63.75325383820071,64.44572448730469,86703200,82.94654807125974,79.58487926174689,123.97451279664918,106.19195938993458,57.02934867858887,57.83753148419882,53.18369140625,54.38937867807525,2.146354937054774,65.5819470918936,0.7720896054303878,0.8448032103151978,0.9174444122687309,64.25031280517578
2019-11-19,64.63876922160266,64.66289864150998,64.03316275254016,64.25031280517578,76167200,77.73148043932522,77.36873744155712,103.86387325246562,106.3097680746274,57.27178031921387,58.08901310462929,53.35188579559326,54.58464470039407,2.1117101683783517,65.76541575080158,0.6297358889698188,0.8140793072658579,0.8968938034616657,63.50231552124024
2019-11-20,64.06932349144424,64.19960904465235,62.82914404328477,63.50231552124024,106234400,60.69098855587617,69.40212094297223,-45.251149541938595,47.35740297307241,57.466103057861325,58.301299473908145,53.50390121459961,54.761232241400926,2.000832458948942,65.8339671514639,1.4211687618910105,0.9008063722123083,0.9343420147780475,63.21763610839844
2019-11-21,63.62298384964434,63.700195047005,63.01737002544828,63.21763610839844,121395200,55.307406786200985,66.59171332264741,-90.5429247778901,22.468400623335413,57.6571378326416,58.4940969889862,53.650241966247556,54.92868578332166,1.868451480349357,65.8071161845471,0.6828250215567238,0.8696661792615105,0.9163765152622386,63.16211700439453
2019-11-22,63.35755271685439,63.49990667017315,62.9353137938155,63.16211700439453,65325200,54.213234777042864,66.03013565132147,-90.58444870629566,2.9076132982084197,57.86794242858887,58.67715659743359,53.79200141906738,55.0917240253231,1.7390124206673363,65.7969444652795,0.5645928763576435,0.8260842788466723,0.891249112483339,64.26958465576172
2019-11-25,63.38650127732471,64.28647597885696,63.34065760793023,64.26958465576172,84020400,68.6478457158102,71.24025790702075,33.319763345545404,80.08589118242891,58.09536376953125,58.89646750168175,53.9452668762207,55.27346383978723,1.7061272444367148,65.93830340985292,1.1243589744624245,0.8686949496489227,0.9078998169104165,63.76771926879883
2019-11-26,64.40710805154323,64.46018980123868,63.3358271855159,63.76771926879883,105207600,58.84063599021694,66.27922188430657,15.057988312616768,57.905107621161704,58.30889877319336,59.087496982745165,54.10360282897949,55.441666917589444,1.6208846140203974,65.71098649776334,1.1243626157227808,0.9052189019451882,0.923361445397014,64.624267578125
2019-11-27,64.0789738287976,64.65805022533677,64.01383104765496,64.624267578125,65235600,67.95604353879088,70.1055855996773,107.60330670298613,125.34124844667848,58.52960571289063,59.30462524138751,54.26758068084717,55.6235005940357,1.6039560978966492,65.39087230728897,0.8903309565379374,0.9030920526012951,0.9210021247642228,64.48191833496094
2019-11-29,64.3250882008119,64.66287788127046,64.15618967895124,64.48191833496094,46617600,65.15818036141047,68.71018859549359,101.27560251821959,109.40162123756168,58.756173858642576,59.50765634309627,54.42536605834961,55.79891480672729,1.5610588183120058,65.16751380758117,0.506688202319225,0.846462931132428,0.8914082731610087,63.73637390136719
2019-12-02,64.48674938004301,64.7232058677252,63.56506757103598,63.73637390136719,94487200,52.06104232390037,61.77496129166584,21.965438036271234,34.11535120986614,58.98337120056152,59.67348840420493,54.57924278259277,55.95609221454194,1.4501863644668376,65.09890403111022,1.1581382966892164,0.8909879833548263,0.9104604176987378,62.59993743896485
2019-12-03,62.32487541424332,62.61923654932985,61.83749372245772,62.59993743896485,114430400,38.35184247828347,52.99433806798102,-167.40412469353495,-211.53168499524625,59.183076782226564,59.78825111145042,54.718040504455566,56.08765350611467,1.2561382413541509,65.03894638831605,1.8988801789094651,1.0349725827197747,0.9810618292137897,63.15247344970703
2019-12-04,62.99082036067195,63.53128390878051,62.896717851886834,63.15247344970703,67181600,46.363492310811885,56.25036093380488,-66.36964620338237,-75.71696343758256,59.39883659362793,59.92018139922519,54.857786331176754,56.22755093074026,1.13386821707887,64.93601956546318,0.9313464698156579,1.0201688523049008,0.9775107321139231,64.07898712158203
2019-12-05,63.64710224786673,64.15379051831667,63.391346643754005,64.07898712158203,74424400,57.23577024736342,61.114449288279765,16.862713124303664,17.10054709407447,59.617009201049804,60.08327181970977,55.00849880218506,56.38302491471732,1.0990609614335156,64.85181326178014,1.0013170686096373,1.0174757403484347,0.9792111847207599,65.3167495727539
2019-12-06,64.53742176047683,65.38672266610301,64.49398586889878,65.3167495727539,106075600,67.50268209669389,66.47666576362673,117.12633598240465,157.49444244515965,59.86542198181152,60.28850624139778,55.174344863891605,56.559930353490316,1.1580042932984966,65.10070201149067,1.3077355445209804,1.0589414266587984,1.0026772104207757,64.40228271484375
2019-12-09,65.14541981961794,65.33844034044579,63.91730889994311,64.40228271484375,128042400,55.928952736129844,59.904194833049985,62.053868706708485,85.90837278913688,60.100693206787106,60.4498308089839,55.32551044464111,56.71522445965573,1.118039413150889,65.12938379074816,1.421131440502677,1.110682857207924,1.0325667982837687,64.7786865234375
2019-12-10,64.80763886909658,65.16231982994417,64.14652840241263,64.7786865234375,90420400,59.28151414804136,61.58764810540691,69.21898015136425,95.80303365153986,60.31871505737305,60.61958985660953,55.48779720306396,56.87489697577022,1.1040132221179206,65.23856961501605,1.0157914275315392,1.097126938682726,1.0313685575157523,65.33120727539062
2019-12-11,64.85830180873923,65.41083358471516,64.78350579892616,65.33120727539062,78756800,63.97474397223759,63.97845103648088,82.12600217163781,126.47175125039082,60.5448046875,60.80435916714997,55.64451351165771,57.04234866487161,1.124518423349123,65.43805895506661,0.6321470612776636,1.0307012419105743,1.0028527363558888,65.49769592285156
2019-12-12,64.60978960566402,65.76310470333209,64.49880315683109,65.49769592285156,137310400,65.3776220084535,64.69158612198828,81.84690782996277,112.71888714182995,60.801310501098634,60.98841158894219,55.799012451171876,57.20978128384151,1.1410498728479581,65.65674620938333,1.2643015465010023,1.064072713994921,1.021527651366254,66.38801574707031
2019-12-13,65.49769430196437,66.42420617913521,65.36981653316047,66.38801574707031,133587600,72.14504734055907,68.30521338373697,148.50402091222415,164.17765717279286,61.066674041748044,61.20016077161389,55.9628218460083,57.391528500935145,1.2120211098819027,66.05891755573397,1.0543896459747373,1.062689418563466,1.0238749366954312,67.52445983886719
2019-12-16,66.83440418204032,67.74885531180456,66.82958124406578,67.52445983886719,128186000,78.42511015154615,72.21428350039714,177.11853211997777,213.82821536851142,61.32498565673828,61.44817249974147,56.14194999694824,57.59218060663677,1.344469657788217,66.72123816853755,1.360839564734249,1.1052822965878637,1.0479438386982038,67.65715026855469
2019-12-17,67.45447647762181,67.98528668341874,67.26868664682006,67.65715026855469,114158400,79.06796271107136,72.63860984464574,117.60702872279425,175.49254969147347,61.585710525512695,61.691661824008655,56.3206795501709,57.79148693657573,1.4435032876296248,67.27966753338718,0.7166000365986775,1.0497562594465515,1.0242764242625235,67.49549865722656
2019-12-18,67.50997483252102,68.01666305761623,67.34590660367515,67.49549865722656,116028400,75.85550711386807,71.2118341963004,82.50734627004086,137.77183822180166,61.85599998474121,61.919263268448574,56.493143501281736,57.98364558450941,1.4917482732099216,67.71815663492549,0.6707564539410811,0.9956134300886271,0.9990249978109919,67.56307220458984
2019-12-19,67.4376095352995,67.84295726371273,67.30490877668981,67.56307220458984,98369200,76.32461962963391,71.46415915001329,59.77435691720455,108.73626656464371,62.11498764038086,62.14058910908157,56.66843990325928,58.17333720074863,1.5179375531754715,68.10221708191011,0.5380484870229196,0.930247009650669,0.9660981041832724,67.4231185913086
2019-12-20,68.09629020364594,68.19762343192532,67.21079153341988,67.4231185913086,275978000,72.90204573263034,70.09385110004635,50.91639779976648,91.18906291814979,62.35645393371582,62.347747127992434,56.832127799987795,58.356501188680504,1.5099933953576539,68.38193846727768,0.986831898505443,0.9383305652013509,0.9675790894919988,68.52333068847656
2019-12-23,67.68609110701298,68.5836505218291,67.64748553007605,68.52333068847656,98572000,80.7988904816867,74.27058507756723,128.64509612610627,103.7222082541246,62.59048004150391,62.5899268754624,57.01786563873291,58.55782454511211,1.5743276453273864,68.82702506110726,1.1605319305205057,0.9700736173898016,0.9813614352797492,68.5885009765625
2019-12-24,68.68984157708908,68.7381004084377,68.26277963638277,68.5885009765625,48478800,81.17794711275121,74.49778705148825,144.0609380353216,100.97390506542415,62.82744575500488,62.82516507550555,57.21482353210449,58.75645180118043,1.6119896858595126,69.2623465663179,0.4753207720549284,0.8993946394848197,0.9452156736208334,69.94930267333984
2019-12-26,68.72119157007391,69.96619399633411,68.69223922394772,69.94930267333984,93121200,87.2902681113724,78.72278787223759,167.12808792818845,130.16695254112204,63.09427360534668,63.10454302051866,57.45098388671875,58.97809241251032,1.7316807112517125,69.9165079173773,1.3776930197716126,0.9677229795257901,0.9761069126316032,69.92276000976562
2019-12-27,70.24125055231326,70.92889824450315,69.51741242648437,69.92276000976562,146266000,86.6499380792709,78.44978010442095,138.34309725971772,139.54380780273226,63.365140991210936,63.37192407892051,57.67810760498047,59.19481850354508,1.8036041145501969,70.48680592481453,1.4114858180187753,1.0311176707390737,1.007205405873544,70.33777618408203
2019-12-30,69.84074115157411,70.62007635461508,68.8177187333269,70.33777618408203,144114400,88.2255395221417,79.63878445412645,82.42056117626805,123.41621458106998,63.63993057250977,63.645094749711156,57.904492683410645,59.415471130882445,1.8725071696206896,71.05687945863008,1.8023576212881807,1.1412948065318032,1.064001992688875,70.85169982910156
2019-12-31,69.95414009700069,70.85893791713207,69.85521465174138,70.85169982910156,100805600,89.94072178229108,81.03425269645989,93.90113277381772,130.34961516957597,63.9195622253418,63.92770671360882,58.12549659729004,59.641931105104604,1.9461486896390596,71.59767536787848,1.0037232653906898,1.1216417292259298,1.0596963693104333,72.46824645996094
2020-01-02,71.47658460909824,72.52856629098083,71.2232442641189,72.46824645996094,135480400,93.44489380874775,84.60774483394759,160.13645843320177,168.08118158819076,64.2117992401123,64.26262984091674,58.36668315887451,59.89591754777502,2.110621991378551,72.26255637158967,1.6768664618792712,1.200959548176407,1.1037799473510645,71.76371002197266
2020-01-03,71.69615210347494,72.5237384458872,71.5393220101689,71.76371002197266,146322800,79.38398183046385,77.73341269214762,107.25901610777561,132.7862326913454,64.4925912475586,64.55678984801698,58.60205135345459,60.13092333934329,2.159227831119793,72.65084987105764,0.9844164357183018,1.1700248178252493,1.0952539822344387,72.3355484008789
2020-01-06,70.88546446996966,72.37415398165305,70.6345318765685,72.3355484008789,118387200,81.95513620543065,79.20990563865547,66.99865257154255,107.74057953565918,64.76932846069336,64.86183920303118,58.822714500427246,60.37259908313607,2.2183194813013785,73.13379034244943,1.7396221050845497,1.2513958588622922,1.1412802767237324,71.99535369873047
2020-01-07,72.34520436217124,72.60095990158051,71.77578859164102,71.99535369873047,108872000,75.42614183510764,75.98195339443205,69.26432075620974,105.7832367126746,65.0373371887207,65.1415848695292,59.05493839263916,60.602752639880514,2.2121983252175283,73.54388028380383,0.825171309939492,1.1905066375876066,1.1187010648105724,73.15348815917969
2020-01-08,71.6985739444987,73.45508735263148,71.6985739444987,73.15348815917969,132079200,81.33265214086154,79.10392184898087,100.50356115370307,114.80402179493319,65.31407516479493,65.45577715539784,59.30117328643799,60.85128205610425,2.2745791049002975,73.98816363560775,1.7565134081327756,1.2713647476654877,1.164259089333587,74.70732879638672
2020-01-09,74.13066759639553,74.90034933748393,73.8797423656215,74.70732879638672,170108400,86.43586772725445,82.40792254469125,189.21348917302387,153.65189061961584,65.61000663757324,65.81858310210329,59.551496047973636,61.12565921927816,2.4214849049999003,74.6855918582032,1.7468611783042434,1.3392928091853098,1.2058735242600622,74.87623596191406
2020-01-10,74.94138611501243,75.4408362602049,74.37437802964394,74.87623596191406,140644800,86.8903741052934,82.72763057622004,129.47765322535406,140.65211801405093,65.93702819824219,66.17378517503705,59.79424644470215,61.39794786764719,2.522460848139943,75.30423022048723,1.0664582305609684,1.300316440810404,1.1959152889958413,76.47589111328125
2020-01-13,75.19229072850685,76.5024356673447,75.07405885483226,76.47589111328125,121532000,90.43254481156409,85.42850036022784,117.96629828727656,157.49715712890585,66.29618736267089,66.57778932947801,60.05296932220459,61.696521001224106,2.700434880075065,76.15675425146301,1.6261997054306363,1.3468711928990087,1.2266498901697551,75.44322967529297
2020-01-14,76.41317742986432,76.62308929816353,75.32018220682278,75.44322967529297,161954400,75.1414921491976,77.05218602289075,80.18883698760548,129.05462765355904,66.60823204040527,66.92545365676487,60.295880813598636,61.968733054175964,2.7267214869075076,76.66977348337818,1.3029070913407566,1.3405906069621154,1.232096833110541,75.11991882324219
2020-01-15,75.2429736592525,76.12364189473249,74.6880266854858,75.11991882324219,121923600,70.77055705194442,74.58639203515247,47.08058026593469,92.85829266887811,66.8798435974121,67.24680523192085,60.535992279052735,62.229152574355496,2.6904514785709637,77.09704970480072,1.4356152092466914,1.3541655501456265,1.246633859977409,76.06089782714844
2020-01-16,75.66278838334783,76.1718916266167,75.30086936839069,76.06089782714844,108829200,75.59159346386814,76.90309302593059,66.60170570909072,93.18013688304647,67.16219200134277,67.59245592192977,60.80913631439209,62.50304851995536,2.7064382418260635,77.60875509448809,1.051972803374511,1.3109951577497527,1.2327294987914876,76.90299224853516
2020-01-17,76.30943957331336,76.90540003571786,76.00301736044453,76.90299224853516,137816400,79.17736916064409,78.76840635025054,121.29011184195396,101.46103762468896,67.46316261291504,67.95757499356135,61.08143978118896,62.7881959205213,2.755296506004626,78.14663412134325,0.9023826752733299,1.2526219459674066,1.209133297111619,76.38182067871094
2020-01-21,76.53141272712692,76.97295078497612,76.2442896548719,76.38182067871094,110843200,71.58412874244563,74.74508064563517,99.64493083519085,88.4813366197284,67.75318061828614,68.28793756944958,61.35413650512695,63.05737660880228,2.7206014423864247,78.4455853384115,0.7286611301042143,1.1777704008440932,1.1748138566110902,76.65446472167969
2020-01-22,76.8667843985574,77.20698922015548,76.56036222573736,76.65446472167969,101832400,73.1553792890742,75.45149285944022,101.70036017226549,91.16864060664888,68.03436798095703,68.61603667345861,61.626264038085935,63.326625878364204,2.6841640775390516,78.6269944803966,0.8251685414445404,1.127398706644157,1.1498391912420511,77.02361297607422
2020-01-23,76.70753760258107,77.1032319252794,76.15982874124028,77.02361297607422,104472000,75.31176343907404,76.41347213650265,69.69082384122052,81.33296684739564,68.31951179504395,68.94574554807099,61.89371162414551,63.59785334564559,2.654475244148344,78.87465622643332,0.943403184039127,1.1011136319862957,1.1350937621561281,76.8016357421875
2020-01-24,77.26971830945405,78.01285552986269,76.61102297800898,76.8016357421875,146537600,71.29407107746776,74.5223504557272,97.66422991015547,90.68099938959575,68.59027534484864,69.25381967333047,62.159588928222654,63.859314383200875,2.583256746405141,78.94725973361302,1.4018325518537154,1.1440734776816412,1.154146532848813,74.54327392578125
2020-01-27,74.81109052667422,75.22367624090043,73.56126499598109,74.54327392578125,161940000,43.65280643710205,58.62565028259302,-187.07411328192046,-53.362377992914205,68.81703002929687,69.46124925185795,62.41019561767578,64.07087793849949,2.317865735794385,78.82751383526241,3.240370746206409,1.4435445160423224,1.3031625480886413,76.65204620361328
2020-01-28,75.42393505290065,76.82335250031947,75.32500962430629,76.65204620361328,162234000,60.384843587227884,65.93321171663987,-11.380528521833307,40.98770124613139,69.07384796142578,69.7432412891817,62.673494567871096,64.32000998335323,2.25174503185751,78.84165275248823,2.280078574538223,1.5630493815417366,1.3729422642636115,78.25656127929688
2020-01-29,78.28310584272509,79.1034543464979,77.54237630271076,78.25656127929688,216229200,68.64885403823055,70.24016893061138,153.0601228603104,177.9286622459656,69.3715869140625,70.07709697506857,62.94299987792969,64.59598129614419,2.3022756541055713,79.07740234646842,2.451408142884617,1.689957776019291,1.4499755413079691,78.14315795898438
2020-01-30,77.33970079826872,78.19623972141919,76.9078086113338,78.14315795898438,126743200,67.48798112639574,69.57069700107024,78.58361073892799,117.83504002742028,69.6520018005371,70.39341309208488,63.21141925811767,64.86424222016082,2.3065819946555735,79.22265319526315,1.348752667963069,1.6412141891541163,1.4427453360690479,74.67839050292969
2020-01-31,77.43379716634335,77.85603612229534,74.38402933624978,74.67839050292969,199588400,42.10727746952971,52.96174834474053,-65.10603870449306,-64.65895331711738,69.85665512084961,70.56145142192193,63.443001899719235,65.05858179011663,2.0072783675988575,79.1290311551534,3.7591286227345933,1.9437733939513273,1.608201285116587,74.4732894897461
2020-02-03,73.42130763220082,75.63866557981345,72.91944979414838,74.4732894897461,173788400,41.04132198834889,52.16779196801244,-102.47699944317124,-145.07712785872965,70.06111465454102,70.71485683634641,63.666447486877445,65.24501164555484,1.7335449223563302,78.90627010463581,2.719215785665071,2.0545508784818622,1.6875594637271931,76.93193054199219
2020-02-04,76.07779948888638,77.12254331082424,75.67245190422207,76.93193054199219,136616400,56.457307622135104,59.9237194891228,21.834365391850927,20.748887703668863,70.32970695495605,70.95866364833252,63.89790500640869,65.47643578211796,1.6954568093414224,78.84697754367228,2.6492538210781476,2.139508441709903,1.75625191782369,77.55924987792969
2020-02-05,78.05869253554688,78.35788393608293,76.95605150390088,77.55924987792969,118826800,59.60163450484919,61.633135809899144,61.14376554788463,92.04920980575329,70.61653923034667,71.21751016714025,64.13683853149413,65.71569942757958,1.696336818144232,78.68793117577728,1.4259533940907403,2.0375720063357368,1.7326591661284794,78.46646118164062
2020-02-06,77.82948747921107,78.4688763315637,77.27213272836197,78.46646118164062,105425600,63.98909315088504,64.02308578728459,65.84257632230607,111.2533944924538,70.9226261138916,71.50178275594418,64.39528427124023,65.96818975934318,1.7500649425091837,78.80277350539201,1.196743603201739,1.91745366303088,1.6943794830622836,77.39990234375
2020-02-07,77.96583518982163,78.21494247737544,76.90894303407646,77.39990234375,117684000,55.693010136068544,59.34290771089442,44.23688867290424,59.25407274980338,71.18523246765136,71.73308156330911,64.6402981185913,66.19456030556906,1.6871342501142692,78.86706246124997,1.557518147564167,1.8660343036784925,1.6846036733838468,77.76751708984375
2020-02-10,75.98506881434587,77.76751708984375,75.90526089218041,77.76751708984375,109348800,57.888458214048185,60.41696549950339,29.345856646596534,29.392441212732287,71.46522842407227,71.96972609376145,64.8870635986328,66.42372776664381,1.647928368295382,78.96523985754882,1.862256197663342,1.8654945742477567,1.6972931394038109,77.2983169555664
2020-02-11,78.26331148915241,78.33586413946524,77.08065162389036,77.2983169555664,94323200,53.91070419752697,58.30001883881638,45.716268543765715,53.674369923548284,71.71870941162109,72.17869044128321,65.12415756225586,66.63906616642444,1.5610026283149239,79.02562850661194,1.2552125155748826,1.7783114230087746,1.6657159519874587,79.13397216796875
2020-02-12,77.74815764169257,79.13880655058661,77.74815764169257,79.13397216796875,113730400,64.91470949225528,63.66419961481766,159.16377495643533,109.90361123997641,72.01175048828125,72.45144658742774,65.38396217346191,66.88649004764314,1.6215432463758503,79.37919360761697,1.8404895950202018,1.787194019010407,1.6781997836326548,78.57044982910156
2020-02-13,78.40599225770488,78.89695147104912,78.20283748467311,78.57044982910156,94747600,59.80110926507067,61.06715194821298,95.10721939813622,89.9952826235744,72.30843200683594,72.69140749886593,65.64590160369873,67.11785558787004,1.6055428802589518,79.53728185392384,0.9311346832956389,1.6648998281940115,1.6248379907514394,78.58982849121094
2020-02-14,78.53903424535652,78.83893581347662,78.08193769783979,78.58982849121094,80113600,59.92775389631735,61.12587958833468,65.22873932349678,82.87009337150748,72.62822982788086,72.9227181260167,65.9056533050537,67.3450233681342,1.5762560720990564,79.71807121651219,0.7569981156368328,1.5351995835429861,1.562849428243253,77.1507797241211
2020-02-18,76.2704349958008,77.3321687046637,76.08904601525819,77.1507797241211,152531200,47.07812969135362,54.545895331696364,-101.40081270882287,-37.86488326957223,72.90819595336914,73.08852446319727,66.15351627349854,67.53919676132206,1.420551621925597,79.72873462383524,2.5007824759527466,1.6731399967443805,1.6298446459367883,78.26814270019531
2020-02-19,77.39263964512776,78.49790505143669,77.39263964512776,78.26814270019531,93984000,55.68555554074469,58.29946759476748,15.615359540650681,53.25410005384025,73.1919790649414,73.29164674700112,66.40449413299561,67.75165113634925,1.3715067018249698,79.84525830768328,1.3471253273155952,1.6265664725402684,1.6096504088924173,77.46520233154297
2020-02-20,78.02872169520079,78.517260139207,76.95973247404322,77.46520233154297,100566000,49.003622797153696,54.797545509811954,-41.66883503810995,23.304731435090243,73.43494812011718,73.45531559345375,66.65018505096435,67.94399868476893,1.253399265479544,79.87474959765524,1.557527665163775,1.616703785772198,1.6059273557689429,75.71177673339844
2020-02-21,77.05889434201991,77.50148770003717,75.09505699539346,75.71177673339844,129554000,37.53023513604212,48.01479692210406,-143.90247859616045,-101.51909562620902,73.66113800048828,73.54380426560844,66.88091560363769,68.09781607187051,1.006706790251755,79.8938558285504,2.406430704643711,1.729521917039557,1.6631061664028548,72.11542510986328
2020-02-24,71.89292541072396,73.56653705998549,69.95085421270655,72.11542510986328,222195200,24.053924419704842,37.70587733648849,-204.3911728934695,-334.22348018359577,73.8078727722168,73.48778939675569,67.06329391479493,68.17737268648422,0.5150683192898242,80.45169142431948,5.760922520691892,2.3054362889898905,1.9558073345663574,69.6727066040039
2020-02-25,72.78534740458967,73.16747023858986,69.20109972929876,69.6727066040039,230673600,18.725668020802388,32.587981163815414,-132.55441840931442,-243.79856829639598,73.89470275878907,73.33817830684386,67.21975372314454,68.20698325910837,-0.07084897688038438,81.34274132509499,3.966370509291096,2.542712606175777,2.0994189899038385,70.7779769897461
2020-02-26,69.29784412586203,72.0428654399997,69.29058886204834,70.7779769897461,198054800,27.234441132406502,36.7699946938884,-86.36548500109295,-165.13613408307478,74.00030838012695,73.23777825519296,67.40080944061279,68.25789402605169,-0.4409238764202996,81.72419607557708,2.7522765779513634,2.5726503164294323,2.146051674764376,66.15135955810547
2020-02-27,67.98460193931137,69.16967532004576,66.01592302206369,66.15135955810547,320605600,18.020825908505714,28.73422722328239,-114.89436642417121,-181.00320081321087,73.99557525634765,72.95987948275817,67.53112464904785,68.21618047223096,-1.0949187195933376,82.67738461250299,4.762053967682405,2.885422266608429,2.332908981401378,66.1126480102539
2020-02-28,62.2188373725417,67.33400483239866,62.00358558614566,66.1126480102539,426510000,17.96150904735819,28.67775426179041,-123.64125617431482,-160.29749538665416,73.9673390197754,72.6913606014835,67.64616233825683,68.17452636407299,-1.5979182362145679,83.17570483294342,5.330419246253001,3.234707549414796,2.5470168574622085,72.267822265625
2020-03-02,68.27000752182956,72.90389444186317,67.16716258428185,72.267822265625,341397200,49.06309915942719,46.636309576601796,12.06990123341931,-55.05970179417506,74.0595524597168,72.67475125497924,67.82263149261475,68.25558172846016,-1.4827852304470213,83.15635857538777,6.791246431609267,3.7427845325854348,2.850176112758427,69.97261810302734
2020-03-03,73.44319556548463,73.52300347304629,69.12129439177312,69.97261810302734,319475600,42.11687450634632,42.35374555392349,42.94826025168839,-45.85751289189776,74.10909484863281,72.56878524902035,67.98254741668701,68.28958244874862,-1.5587766807173011,83.23367154848395,4.401709081273168,3.8369166109693964,2.9609998962237656,73.21827697753906
2020-03-04,71.6946122287109,73.37790019382146,70.89408264604006,73.21827697753906,219178400,53.07684514520173,49.42621926950775,92.30352852086084,-13.247765826972671,74.2221989440918,72.59425551288383,68.16859329223632,68.38718036020981,-1.3416373462874702,83.02141970591872,3.405282090794117,3.7752545366586423,2.9927343386930763,70.8432846069336
2020-03-05,71.47209384482164,72.44675702043206,70.47808575850526,70.8432846069336,187572800,45.69108757021293,45.068883048128214,47.768330765585276,-29.01656497024871,74.2906022644043,72.52558998716029,68.32352809906006,68.4358160878677,-1.345682702480076,82.73610962237657,2.740191219033804,3.627388348426522,2.9746955444317,69.9024887084961
2020-03-06,68.20226931131931,70.3354058888164,68.01604591388242,69.9024887084961,226176800,42.930294825507396,43.435361016587514,-5.465265352119403,-59.55175524652371,74.31818542480468,72.42272327034993,68.4543327331543,68.46485911005836,-1.4085659711390406,82.29752150836092,2.8272386930511715,3.5130812548014725,2.9641629121902335,64.3737564086914
2020-03-09,63.78847126369504,67.2566283985615,63.60708224588359,64.3737564086914,286744800,30.355177976855984,35.33099723464541,-117.65678375520062,-143.18033954065888,74.23389053344727,72.1070775110692,68.53066814422607,68.38384717537782,-1.8828199295184902,82.44948958800147,6.295406462612505,3.910556284488763,3.202108880077539,69.01004791259766
2020-03-10,67.02686596637837,69.27608658534605,65.14767122671621,69.01004791259766,285290000,45.868093929957915,44.65649472375439,-64.73582125454416,-69.97733625561469,74.21510543823243,71.98562536995269,68.65468952178955,68.39624718997624,-1.8630831680566757,81.94661996226579,4.902330176654644,4.0522382690838885,3.3235532584044747,66.61328887939453
2020-03-11,67.08732407289723,68.01361390598325,65.74987554201819,66.61328887939453,255598800,40.435934370836065,41.33784086775615,-70.70087674026009,-80.56975103283297,74.148916015625,71.77494550757785,68.75702850341797,68.36094108481619,-2.017582629183323,81.55366180313356,3.2601723705794683,3.9390859978689714,3.31902605213126,60.03493118286133
2020-03-12,61.8996120451793,65.30005115563984,59.97930624666177,60.03493118286133,418474000,29.31777799789255,33.89286347317163,-144.09517949497018,-174.9284934064882,73.94285911560058,71.31455278896152,68.79139484405518,68.19606960160917,-2.640406095838671,81.47873150718335,6.63398263273276,4.324071231420941,3.555808665031367,67.22760772705078
2020-03-13,64.06418648557232,67.69922212839465,61.17646902441562,67.22760772705078,370732000,47.67147707028649,45.45917810326437,-40.6435429352545,-72.08981982304509,73.87037727355957,71.15428043359248,68.89496974945068,68.17689213874662,-2.5245083343274644,80.49077762812345,7.664290945533324,4.801245476294139,3.8492716850672215,58.5789794921875
2020-03-16,58.51609560503949,62.65901820555978,58.044484903274174,58.5789794921875,322423600,34.94298614352279,37.06225969814906,-142.42545854682223,-169.75568469882745,73.59259193420411,70.6611313770668,68.9021955871582,67.98683446257714,-3.0948549805476233,80.16276369887969,9.183122823776607,5.427227954505921,4.230261052117892,61.15470886230469
2020-03-17,59.86079893237385,62.30350239725674,57.65752663261629,61.15470886230469,324056000,40.46608180958055,40.58233243439503,-84.13388059059292,-129.86379836806637,73.38041191101074,70.28833049413495,68.93650157928467,67.85154484673015,-3.3009674746361526,79.43073383838573,4.645975764640454,5.315620498810854,4.259954960155218,59.65763854980469
2020-03-18,57.98886105384675,60.46300623570861,57.347950973526814,59.65763854980469,300233600,38.26335688094576,39.20968043903676,-81.94606513258753,-123.68003171492761,73.12685371398926,69.87144061396513,68.94809108734131,67.689289276494,-3.544258171860662,78.33716220307014,3.8067578887778737,5.100068697377571,4.227583740771122,59.20053482055664
2020-03-19,59.83176871542281,61.14986143425335,58.67571640074359,59.20053482055664,271857200,37.53552518543929,38.77838937669723,-59.654810000371626,-97.4684962898996,72.87095733642577,69.45297372010599,68.95414726257324,67.52119512885166,-3.7309442501177514,77.15557904968482,2.474145033509764,4.724936745396456,4.102338118823882,55.44215774536133
2020-03-20,59.780979833542105,60.90559392761973,55.14225991553352,55.44215774536133,401693200,31.743447671317384,35.33668741304123,-124.20336243855229,-115.4374315659008,72.51673072814941,68.90352995639051,68.91540294647217,67.28200626977265,-4.134503944208063,76.55656049026132,5.763334012086204,4.873279212066421,4.220980682628333,54.26433181762695
2020-03-23,55.16160435739665,55.26318175410043,51.42015363881515,54.26433181762695,336752800,30.04818254903809,34.30900928580344,-166.030310949264,-138.66738917092601,72.10787078857422,68.32944375487037,68.85893871307373,67.024230538047,-4.497523961514524,76.4802698444496,4.022004106546177,4.7516684827063855,4.206768070051036,59.708438873291016
2020-03-24,57.164154121080514,59.90433845510513,56.66593945859779,59.708438873291016,287531200,45.68911803663488,42.61614371607603,15.677150702146832,-58.778880846375635,71.80451484680175,67.99136513206334,68.87077152252198,66.87936337636866,-4.296399777339666,76.0322560073822,5.64000663747818,4.87857393338807,4.309142253438689,59.37950897216797
2020-03-25,60.644394003218935,62.45828415286656,59.08444921259577,59.37950897216797,303602000,44.98017980657993,42.2683497046485,71.78758864806447,-27.152685188513047,71.4625872039795,67.65364528265569,68.8793872833252,66.73085140796864,-4.116101451054767,75.33294356095766,3.3738349402707897,4.663611220085601,4.242334588212411,62.504241943359375
2020-03-26,59.62136606316325,62.56228407124869,59.582668850990856,62.504241943359375,252087200,53.05354773936407,46.71702450161787,107.14460527878276,7.114526611358393,71.20380744934081,67.45170789680094,68.90601974487305,66.64715617104568,-3.6786684917216377,75.1333943372785,3.1827750990807218,4.45206320279919,4.166651767560148,59.916412353515625
2020-03-27,61.128089475112816,61.88266649068296,59.74953389267951,59.916412353515625,204216800,46.465778866592444,43.7127975589733,58.4706694387208,-9.633433794762974,70.89973731994628,67.15620611078975,68.8897904586792,66.513874115253,-3.500464761613742,74.91249937297862,2.7547080506798665,4.209583895353572,4.0657986449258425,61.62630844116211
2020-03-30,60.6419727055928,61.79802498746447,60.31788821611853,61.62630844116211,167976400,51.14244617581027,46.175740517962225,68.96517892344471,25.90765383906532,70.61104553222657,66.9393473786475,68.88661876678466,66.41709063655813,-3.1845531511287746,73.68750695170996,1.8816126339488477,3.8770165722957546,3.9097853584274858,61.50054550170898
2020-03-31,61.8173747321562,63.48373122959482,60.94670602705082,61.50054550170898,197002000,50.761930225697995,46.01625413930579,75.16001812451131,71.08764686990116,70.30299659729003,66.72606103053226,68.88307960510254,66.31973330715518,-2.9107852218319294,72.8016217395515,2.537025202543994,3.6855892337597886,3.811731061578665,58.26457214355469
2020-04-01,59.6165240756465,60.15343586559381,57.83407583491139,58.26457214355469,176218400,41.49412274166837,41.99683554877795,-112.42699271649606,-42.974356137033695,69.94065162658691,66.39423793692531,68.84691612243653,66.1602251653017,-2.9212636622431987,70.98806140673766,3.666469666797589,3.682857867050903,3.801355247665731,59.236812591552734
2020-04-02,58.12671272222617,59.29002033037774,57.294741195546685,59.236812591552734,165934000,45.01307859461771,43.591073844279194,-117.59586066440494,-35.683356240788804,69.59229858398437,66.11355459004795,68.81333328247071,66.0231278866136,-2.818624869993009,69.49508919541621,1.9952791348310583,3.4417751910194965,3.672349811034683,58.385498046875
2020-04-03,58.721672212892855,59.423041606914005,57.795378517377415,58.385498046875,129880000,42.407409710594145,42.48981986425193,-82.64236480465757,-34.185843050885964,69.2195362854004,65.81049354913921,68.76952404022217,65.87188769176728,-2.773999912449419,68.00100640120368,1.6276630895365898,3.1826163193790813,3.526300759499105,63.47890090942383
2020-04-06,60.68067122588063,63.63368236649505,60.31305880719071,63.47890090942383,201820400,58.98137357261525,50.540655137134664,101.23061187545544,121.88618106747641,68.95308158874512,65.71905854366017,68.77167846679687,65.82450181488919,-2.301113464797993,67.87763369165741,5.2481843196200515,3.4776974622706485,3.6492924423648865,62.74365234375
2020-04-07,65.49350795383168,65.71118062287962,62.63965777210733,62.74365234375,202887200,56.25494917198598,49.46419488419261,107.70015659809145,137.34100611165053,68.7170891571045,65.60237594758526,68.76705959320068,65.76349489466861,-1.9630471766940971,66.56566538136408,3.071522850772297,3.419672517770884,3.608023185822559,64.34957885742188
2020-04-08,63.54420737089297,64.66398358059458,63.179015782136176,64.34957885742188,168895200,60.86477659344473,51.875221690999346,89.43293533527603,122.79566099987858,68.47103981018067,65.5532466499318,68.77244388580323,65.73549655729738,-1.5477014208019,66.0633947305714,1.920331236844575,3.2054809062099827,3.4874737608955604,64.81392669677734
2020-04-09,64.98564696158498,65.31698307985819,64.0182387887634,64.81392669677734,161834800,62.20821481252046,52.57970314183149,84.3927550560035,124.55436606918497,68.20218711853028,65.5242537105924,68.78688701629639,65.71724764916826,-1.1676084633787909,66.6223466660171,1.298744291094792,2.933089961193527,3.3311359416240767,66.08606719970703
2020-04-13,64.89131758100808,66.19490356550595,64.29152188952229,66.08606719970703,131022800,65.94477573147472,54.5429651323034,88.43056095652378,138.3351987488258,67.96104530334473,65.54628561212631,68.80652355194091,65.72455100660467,-0.7550274627323361,66.33000957038603,1.9033816759836668,2.785988777592118,3.229153494078333,69.42362213134766
2020-04-14,67.71856827528313,69.71384751910844,67.24695386535642,69.42362213134766,194994800,73.85660317410279,59.30343450244095,156.0720349430005,191.3643981996709,67.85594993591309,65.6983380246448,68.85630252838135,65.7977999397679,-0.15693224018350094,67.96824645038576,3.6277803194014098,2.9062447121363024,3.2576268387442675,68.78997802734375
2020-04-15,68.29901865238591,69.24949545432703,67.8709431733772,68.78997802734375,131154400,70.24205484974152,58.0602678107032,112.03233415979534,146.00336069596108,67.74228370666503,65.81957880906437,68.90169918060303,65.85705099100703,0.2629021764818873,69.12904464050948,1.552678957970457,2.7128781758268956,3.1358448472604237,69.3365478515625
2020-04-16,69.50342631571836,69.70174671960459,68.28691109689659,69.3365478515625,157125200,71.63885878654682,58.86136341733569,85.9749296656224,127.04477487240702,67.59037605285644,65.95749916367214,68.96004150390625,65.92595191893882,0.6324372504282678,70.29196514273015,1.4148356227079972,2.5274435253813388,3.01291561693525,68.395751953125
2020-04-17,68.85285583806908,69.39944379426973,66.95915028721262,68.395751953125,215250000,65.46783728155455,56.848509633152915,42.8706764442697,93.03735223151067,67.40710609436036,66.05311692012127,69.01182266235351,65.97485885030883,0.839702524437655,71.10584743296242,2.440293507057106,2.5149935227635916,2.97201403765824,66.97606658935547
2020-04-20,67.22276033093017,68.12486348645393,66.95672167861267,66.97606658935547,130015200,56.84682792987668,53.855596419061555,-6.290759781266422,63.90617323450505,67.17729820251465,66.08931102479713,69.04996215820313,65.99468474613154,0.87926933375185,71.28709017007208,1.4390302745123336,2.3612844872991263,2.862515197433532,64.90581512451172
2020-04-21,66.81886518475746,67.05346190215134,64.19476970811112,64.90581512451172,180991600,46.44231475223025,49.742942271296904,-114.40015194122671,18.013064420058736,66.92741645812988,66.04289942086436,69.05632446289063,65.973122971446,0.7351005423295476,70.83021601944316,2.8586921940402164,2.432342731119282,2.862242125762581,66.77534484863281
2020-04-22,66.1731282940646,67.21067553657838,65.8321234375921,66.77534484863281,116862400,55.10026974841641,53.21727063747762,-68.20279992728274,37.03853222279657,66.70757301330566,66.07162277097292,69.08640071868896,65.98900855317248,0.7629068456484589,71.10107835209818,2.3048604120666596,2.4141309712546217,2.822429146212872,66.51657104492188
2020-04-23,66.71972588742912,68.14181716571889,66.47787383005301,66.51657104492188,124814400,53.69845683806502,52.67446227231697,-28.83620696656077,39.15948233395188,66.49193809509278,66.0890717228925,69.10532375335693,65.99945533518732,0.7553553913071482,71.24333121664662,1.663943335665877,2.3069613090276584,2.73968015974523,68.4368667602539
2020-04-24,67.04138325446418,68.44654290771221,66.99300989791057,68.4368667602539,126161200,62.05592756512278,56.24135681238681,42.261240937780705,57.94348025565596,66.27799598693848,66.18114211651452,69.14487323760986,66.04772090796091,0.8940169540427831,71.72636300492786,1.9299718627903388,2.2531056738508988,2.6818438528198807,68.4852523803711
2020-04-27,68.15390885204779,68.81658852795512,67.7064884371288,68.4852523803711,117087600,62.25619946373846,56.33066764658105,88.52211861076893,64.7645301214782,66.07629203796387,66.2714993817638,69.1923620223999,66.09598885790963,0.9963265246963857,72.03254092130416,1.1101000908263217,2.089819161990245,2.569576441248912,67.3751449584961
2020-04-28,68.94718337955696,69.12857242814091,67.28324737370122,67.3751449584961,112004800,54.54959469453013,53.62638430602648,61.39829758110604,40.096818942767996,65.85199836730958,66.31477960045919,69.24011409759521,66.12131868168362,0.976573869478301,72.22725304470158,1.845325054439698,2.054891432340167,2.517844199333968,69.58808135986328
2020-04-29,68.86252533126566,70.05727484881541,68.65937052894684,69.58808135986328,137280800,64.70948818353409,57.95916979033807,125.43814428064452,107.1177163778201,65.70074440002442,66.44314437533778,69.30447017669678,66.18996744758816,1.126499634650358,72.66115734118335,2.6821298903193167,2.144496926337188,2.529578891547207,71.05611419677734
2020-04-30,70.1274034083595,71.23266881272234,69.73802523358442,71.05611419677734,183064000,69.91450546944981,60.589780611117966,155.22369895448662,165.3274799965247,65.55650382995606,66.62404515264913,69.37424144744872,66.28632678915626,1.3482332708820053,72.82024695128739,1.6445874528590565,2.0730812872688835,2.466365217355196,69.91215515136719
2020-05-01,69.23013078154854,72.31374359365245,69.13339146359068,69.91215515136719,240616800,61.64828951964929,57.566922771382345,93.00654700133683,135.80162136230825,65.40544288635255,66.75299064279494,69.42019550323486,66.35812537058618,1.4153357313056318,72.68547957554756,3.180352130061763,2.2312628362392948,2.5173642825485225,70.90132904052734
2020-05-04,69.9363419790523,71.02951029776773,69.24706234339718,70.90132904052734,133568000,65.73521252563184,59.45077880946345,67.99087676672006,111.95520953487103,65.30923393249512,66.91567057996093,69.4851859664917,66.44808979969392,1.5306881603305982,72.15207319281929,1.7824479543705536,2.1671464245437604,2.464870259107239,71.9654769897461
2020-05-05,71.36084701948627,72.79744841928256,71.21573435047652,71.9654769897461,147751200,69.77742665835551,61.434393870312725,123.93903839146095,153.01561345101265,65.30623497009277,67.11370220387407,69.55705387115478,66.55734499157613,1.688509550412249,72.60951251097993,1.8961193787552162,2.1284282751453967,2.424245196224952,72.70797729492188
2020-05-06,72.66685920210755,73.33920755337681,72.28231535832381,72.70797729492188,142333600,72.42544617347055,62.80173498051448,135.6191681027578,146.74532611529568,65.36694038391113,67.33308554077792,69.6308215713501,66.67913969065228,1.8521473071522223,72.95266080955254,1.3737305636307156,2.020614316357585,2.3492084367539348,73.46013641357422
2020-05-07,73.33437600959047,73.80599044082199,73.0320609589904,73.46013641357422,115215200,75.0128614838863,64.18694569773913,115.89416805395012,136.12590563307114,65.4205835723877,67.57336204559347,69.71044597625732,66.81341685348242,2.0192477322153337,73.53952182448164,1.0980131459001115,1.8888141491493744,2.2598373445500903,75.20860290527344
2020-05-08,74.11975020715006,75.26195467448645,73.79236468701193,75.20860290527344,133838400,80.0816613117166,67.2408669278586,131.70308287122555,145.54538820087618,65.60172843933105,67.87278325577701,69.79865184783935,66.97965816143868,2.266634306947722,74.46115843294363,1.8018182609122277,1.8763861651154963,2.2271216957188145,76.39203643798828
2020-05-11,74.71631428574544,76.88674476777591,74.50775467946016,76.39203643798828,145946400,82.831757053568,69.15790850316058,128.22096619355307,154.40022786361632,65.80731620788575,68.20687161586373,69.88732761383056,67.16604188968718,2.5290300611916905,75.6054251684983,2.3789900883157458,1.9481867255726748,2.2379694380471666,75.51900482177734
2020-05-12,77.07589353648245,77.52695980197926,75.39775148384071,75.51900482177734,162301200,74.03423825538911,66.08551935195288,98.91410570527437,130.05539379168198,65.87233985900879,68.49362193766426,69.96594615936279,67.33144709626322,2.636146377198571,76.41356604307526,2.129208318138552,1.9740469530820859,2.2302007866251228,74.607177734375
2020-05-13,75.6984577813938,76.61998759486177,73.53044749592581,74.607177734375,200622400,65.55082196228966,62.940441788549585,32.23604044913357,83.85299208250808,65.96503105163575,68.73336922380979,70.03706295013427,67.47552097028523,2.617289519494392,76.96190358519861,3.089540098935956,2.133403116775496,2.291582166075897,75.06551361083984
2020-05-14,73.84570540703209,75.12614027584165,73.12303289595279,75.06551361083984,158929200,67.71997494869146,63.87119532120391,-13.69584432655197,61.322169599691726,66.00197578430176,68.98168861153646,70.11208736419678,67.62581785425661,2.6092513730396547,77.52841010087585,2.00310737988886,2.114789440077405,2.2709768242053943,74.62174987792969
2020-05-15,72.83690375248399,74.66782675243014,72.80294925518106,74.62174987792969,166348400,63.223186637150995,62.24127793344412,-70.40823705885926,42.189555843824614,66.07754508972168,69.20286748472836,70.18407367706298,67.76435116165608,2.53781866566446,77.95575021626495,2.262564355658782,2.135900142303316,2.270375933594922,76.37989807128906
2020-05-18,75.94581646414036,76.75336041216173,75.25467098028571,76.37989807128906,135178400,71.86010157383522,65.94878138337535,83.16019215671707,97.51094610974678,66.20709327697755,69.48431966459349,70.2626393508911,67.93495605095575,2.593182996784762,78.53872490275128,2.1316105342320384,2.1352873411502764,2.2604641193547157,75.93856048583984
2020-05-19,76.39689435415646,77.24324046806854,75.90703342703199,75.93856048583984,101729600,67.23578804554688,64.24350941591649,76.21898999520792,95.81673080974818,66.43838935852051,69.73742714777961,70.33613994598389,68.09344326748811,2.571801249429683,78.65478668762154,1.3362070410365448,2.0211330125626006,2.1944457566177036,77.41542053222656
2020-05-20,76.79702397462873,77.48574215036817,76.75822201252429,77.41542053222656,111504800,73.81443536319429,67.29141651025536,109.64486620848136,115.03927186402105,66.60649681091309,70.03852492756185,70.41080112457276,68.27803687669085,2.643553089254368,79.11678528006097,1.547181664528324,1.9534256771291325,2.148212607182748,76.8382568359375
2020-05-21,77.27719341349972,77.81798607126746,76.60059758260323,76.8382568359375,102688800,67.6236997191893,64.96094644368256,81.83528088305967,101.26738060929453,66.81099617004395,70.30518108083149,70.47995609283447,68.44754618281455,2.623601408623813,79.25637330501185,1.217388488664227,1.8482775073484317,2.081725170145711,77.33296966552734
2020-05-22,76.57634250040586,77.41542106029263,76.4744938248148,77.33296966552734,81803200,70.1289568301593,66.0463934397257,65.95287803052753,90.95663200265176,67.15695693969727,70.58078063317251,70.54990802764893,68.62349516267025,2.6175354297651836,79.57539624074673,0.9409272354778295,1.7186560399383457,2.0002396033837195,76.80916595458984
2020-05-26,78.4509339955865,78.63038662320422,76.75338673756762,76.80916595458984,125522000,64.010543838194,63.79303840941723,74.74029621220821,96.37390434579966,67.34858810424805,70.82503103793397,70.60948268890381,68.78558765359935,2.5411685072254784,79.68037991855823,1.876999885636593,1.7412765893238098,1.9914367664017818,77.14380645751953
2020-05-27,76.66607534046294,77.28931196459057,75.92642542981746,77.14380645751953,112945200,66.20796108723857,64.62344478274542,-13.936667095194064,58.29917496219564,67.71988464355469,71.07282615242752,70.6562382888794,68.9510969368453,2.4790726563842043,79.46358213689165,1.3628865347731107,1.6872208672451383,1.9465403212854482,77.1777572631836
2020-05-28,76.81884468298037,78.43636762804827,76.54239089339562,77.1777572631836,133560800,66.45042252175065,64.71187149590347,84.638233872269,90.65081499041773,68.04034561157226,71.31223521559443,70.71037876129151,69.11400110172329,2.404878847129794,79.44971723896803,1.8939767346526537,1.7167574197319264,1.9427857793831058,77.10256958007812
2020-05-29,77.42025271883264,77.88101390169892,76.74608448687897,77.10256958007812,153532400,65.24096106993741,64.32838340665751,30.103135819105276,71.44704682619782,68.38924423217773,71.53930715145653,70.75804897308349,69.2721905765422,2.3133458896926697,79.51204324605295,1.1349294148199505,1.6336391333159297,1.8850817533428805,78.05078125
2020-06-01,77.05650232055906,78.1720345974753,76.92554663308496,78.05078125,80791200,72.58303889316727,66.98553006585263,142.5234325257946,92.53317644529774,68.7662491607666,71.7946590768896,70.81860324859619,69.44602405522453,2.2909099350027304,79.3869486743702,1.2464879643903402,1.578331823469417,1.8394679112748418,78.4121322631836
2020-06-02,77.78404066391353,78.43638441851485,77.3426765993285,78.4121322631836,87642800,74.93678083315612,67.96485780148612,153.3256082613557,101.28512470341745,69.22564865112305,72.05416782929329,70.87118968963622,69.62357075241184,2.276050393946875,79.32327850678045,1.0937078191863492,1.50909982285755,1.7861993332685209,78.84378051757812
2020-06-03,78.73222950297175,79.10569190926654,78.15990981793529,78.84378051757812,104491200,77.61498907601658,69.14238638432879,154.82178151519435,136.31965851530148,69.71723762512207,72.32042715040251,70.91255420684814,69.80614916360325,2.272903886131772,79.38367292852011,0.9457820913312531,1.4286258612109362,1.7261695302730016,78.16474914550781
2020-06-04,78.66673971249166,78.96501817057388,77.79128681347618,78.16474914550781,87560400,64.88915516770987,65.08918511273089,71.32861607436081,108.14849269428956,70.08636383056641,72.54961624824978,70.94543933868408,69.97166599492809,2.1903688900872,79.30533252752006,1.173731357097708,1.3922123606233323,1.6867096607604808,80.39094543457031
2020-06-05,78.41451793947422,80.4515720902525,78.38541832886114,80.39094543457031,137250400,78.4216771471617,71.07571021204002,163.14634635969807,209.7527537044496,70.50659255981445,72.85711935359568,70.98458988189697,70.17798836006952,2.2783315585234902,79.76331283855376,2.286822944744685,1.5200138726406682,1.7295748953307812,80.86627960205078
2020-06-08,80.08783519139197,80.90023409134206,79.37729235859877,80.86627960205078,95654400,80.31194220082885,72.17295171142985,136.94638172832916,195.951632644394,70.87383331298828,73.17120406922137,71.03882038116456,70.38963769159389,2.359202681815063,80.42275307908979,1.5229417327432913,1.5204321383696144,1.714815383717389,83.41987609863281
2020-06-09,80.54617766782322,83.81273576255528,80.51465061318699,83.41987609863281,147712400,87.29016635254894,77.18105244199448,162.34027121256324,239.9687063092967,71.34390258789062,73.57311277625712,71.12181995391846,70.64766221450556,2.599383451280076,81.73945529146495,3.2980851493682906,1.7743825685122825,1.8279060812638819,85.56605529785156
2020-06-10,84.36807171758845,86.0340914097843,83.92913522287401,85.56605529785156,166651600,90.56810877352075,80.37744341089515,160.43727200451264,235.81885067880674,71.82269752502441,74.0434242476922,71.21687152862549,70.94307593892825,2.9291418426643645,83.40442886667867,2.614215311151483,1.8943586746035967,1.8840710262558533,81.45801544189453
2020-06-11,84.7100318313935,85.13441864179411,81.35616675180083,81.45801544189453,201662400,57.46927801939962,62.368670506231794,51.11685613865451,110.95003022671861,72.22184692382812,74.33419252981778,71.26242176055908,71.15129256274936,2.826412139796062,83.70976519617079,4.209888546050735,2.2251486562389022,2.0502008490983448,82.16127014160156
2020-06-12,83.59691311681682,84.34383052506377,81.05059266944424,82.16127014160156,200146000,60.36241703233868,63.861409313402866,32.480637632123276,88.22374354301321,72.69978088378906,74.64113674988774,71.32021625518799,71.36931192074643,2.7698161704052495,84.08729754878595,3.293237855619523,2.377732827578991,2.1389892067070004,83.17737579345703
2020-06-15,80.81536275804567,83.82971944873768,80.65288000271148,83.17737579345703,138808800,64.43998741421308,65.96230874402025,17.4501462188727,75.13567418852779,73.17859214782715,74.97589122218459,71.38544536590577,71.6031349677308,2.774966603419088,84.50902587203402,3.176839446026193,2.491890915928591,2.2131213666583713,85.38178253173828
2020-06-16,85.2314295145679,85.65339633776159,83.59693621075915,85.38178253173828,165428800,71.7860932509352,70.0325601888984,108.21548497198111,118.59455880131819,73.71851783752442,75.38396539118669,71.4690270614624,71.87597947394877,2.9232284021000225,85.44707016107556,2.4760205443045606,2.489623719982301,2.231899879347385,85.26290893554688
2020-06-17,86.12623198458334,86.1868586447725,85.14165561516855,85.26290893554688,114406400,70.86507552157978,69.54957481581968,95.22653858820328,114.52505068675146,74.15419799804687,75.77137494194591,71.553639793396,72.14106718605963,2.9965919927994378,86.1578292510726,1.0452030296039538,2.2832779070711084,2.1471358186514258,85.296875
2020-06-18,85.2192710882484,85.71398677476938,84.68818088081773,85.296875,96820400,70.98915349472753,69.61405869883421,59.81796423380064,94.37637693482165,74.60526245117188,76.14492396383038,71.66117580413818,72.40157823188024,3.022630936605225,86.8319727403887,1.025805893951656,2.103639048054044,2.0670408240300135,84.80943298339844
2020-06-19,86.00256905688693,86.46817771918761,83.7011757246082,84.80943298339844,264476000,66.26433469261656,67.40792811780955,49.616875046479834,80.46944034851344,75.01445953369141,76.48470863126441,71.74274967193604,72.64727832596971,2.969701618472243,87.27570979506405,2.7670019945794024,2.1984051832719524,2.117038050497827,87.02836608886719
2020-06-22,85.20229118895983,87.17144413379616,85.15621433033841,87.02836608886719,135445200,75.07481505173652,71.79055704752166,105.33126103932625,110.67762241874163,75.4587483215332,76.89818539430766,71.83046772003173,72.93205234107658,3.071398934690677,88.08295478438515,2.36201115039772,2.2217774642899193,2.1345361290621048,88.88597106933594
2020-06-23,88.27242947914962,90.30463659467983,87.85289026819137,88.88597106933594,212155600,80.14046643880025,74.84066825346899,183.9094174314674,156.0887720851932,75.91474639892579,77.36829463646563,71.93789585113525,73.2479715238144,3.2642596346178436,89.10949470565716,3.276270505812647,2.3724193273645944,2.2160885845442864,87.31695556640625
2020-06-24,88.51493917080266,89.43404157028371,86.94349320290961,87.31695556640625,192623200,66.76865626111999,68.13910473809479,83.46800620494803,112.39935073815235,76.27261306762695,77.75843820234566,72.06428150177003,73.52656526723206,3.2529981527359695,89.63118101621963,2.490548367374103,2.3892949045088097,2.235692854746416,88.47614288330078
2020-06-25,87.47216900112456,88.51494484309887,86.71312185164297,88.47614288330078,137522400,70.94698596678245,70.2580465935161,59.25994574288062,105.70232957772197,76.66633636474609,78.17874034669684,72.20431003570556,73.8225965071542,3.2995746334897973,90.22926211243468,1.8018229914559072,2.3053703455012524,2.2047021502256654,85.75764465332031
2020-06-26,88.37186655732566,88.59254854021978,85.60971171941675,85.75764465332031,205256800,52.78735779793189,60.15419215801701,-12.536465187930778,54.35373575762883,76.99475830078126,78.47595228028993,72.29256717681885,74.05893409420699,3.081603930452445,90.219682757581,2.98283682080303,2.4021512705443633,2.2602831981240485,87.73408508300781
2020-06-29,85.66550295799838,87.82866626069892,85.18776440060446,87.73408508300781,130646000,61.209137899623066,64.18669572738969,-13.601115916097516,54.71970545782389,77.38152496337891,78.83901631176906,72.39431552886963,74.32972916329214,3.0333759332278305,90.47559726796668,2.640901860094459,2.436258497622948,2.287470245407649,88.46641540527344
2020-06-30,87.32178381898869,88.75257885238088,87.30238654495997,88.46641540527344,140223200,63.986194214983186,65.57681217401316,52.0015083499926,89.41570802284127,77.81133193969727,79.21656137425943,72.49431507110596,74.60966354432148,3.0194415915006516,90.7495808947099,1.450192307420906,2.2953918990226567,2.2276646784085963,88.29913330078125
2020-07-01,88.54406749791374,89.08728027497217,88.25063638895476,88.29913330078125,110737200,62.7882870924947,64.95657604018507,72.31831975274662,92.30828618217147,78.27919830322266,79.57274066549557,72.60330738067627,74.88074215336027,2.9607703400283896,90.88824928120486,0.8366438860174128,2.086999325736193,2.1283060503806546,88.29913330078125
2020-07-02,89.20611362049299,89.84148015095647,88.18516222766544,88.29913330078125,114041600,62.7882870924947,64.95657604018507,103.89667283239872,93.42586064740745,78.70967407226563,79.91495214138914,72.70862354278565,75.14645286915078,2.8810618627777416,90.70689054009326,1.6563179232910272,2.0254734111011694,2.0945926127313954,90.66112518310548
2020-07-06,89.72747297069945,91.12916130648333,89.69594591770318,90.66112518310548,118655600,72.6343921098823,69.65631155030572,167.25826781877825,150.4697949814709,79.1925651550293,80.33637069204468,72.84225162506104,75.45367410309048,2.974200592151078,91.16846580865625,2.8300280057020757,2.140409781758442,2.147123712229301,90.37981414794922
2020-07-07,91.03943260618246,91.81787696805416,90.26826314860052,90.37981414794922,112424400,70.05865374163642,68.47839770602785,121.57617690369887,143.39583297702399,79.6314241027832,80.73023121972722,72.95471004486085,75.74924123269163,2.990837740939341,91.44810818630252,1.54961381945364,2.0560103585720415,2.104444434173897,92.48477935791016
2020-07-08,91.35712467862729,92.51630641314864,91.26981841791164,92.48477935791016,117092000,77.13657433811302,72.25867064693051,120.60815644304982,168.57633393178912,80.11141464233398,81.19119389181283,73.09385334014893,76.0806380272504,3.1377063757881416,92.35890211390215,2.136492265199422,2.0675077738045244,2.1067335649614343,92.88248443603516
2020-07-09,93.3771927270549,93.430544491857,91.83485381849374,92.88248443603516,125642800,78.26891914768002,72.91947493173184,111.52013759008818,158.95051656261091,80.62156143188477,81.6496758739392,73.23677989959717,76.41334785712732,3.2487428181464537,93.2796451304894,1.595690673363265,2.0001053308843444,2.0702305012758506,93.0449676513672
2020-07-10,92.4775028689454,93.10317429108636,91.86638865727204,93.0449676513672,90257200,78.77008312067863,73.20034588131739,86.37391528969306,126.91899231659181,81.09069915771484,82.09655006128932,73.39572177886963,76.74268686295385,3.3116760956542635,93.76308720148255,1.2367856338143213,1.891059659874341,2.0106987250285986,92.6157455444336
2020-07-13,94.3496671725953,96.95904193877826,92.40233843929651,92.6157455444336,191649200,73.5429908026641,71.10240946911983,112.3064624172717,138.871615708795,81.52189178466797,82.50906753121654,73.53919780731201,77.05700485664651,3.289002955876171,94.04895102353355,4.556703499481742,2.2718659226753983,2.1925562089181088,94.14837646484376
2020-07-14,91.9973358727136,94.33995142456509,91.0636910214966,94.14837646484376,170989200,79.2728169009525,73.97104935071154,61.25525831245224,93.74084139404998,82.0066162109375,82.96551101880976,73.70602954864502,77.39544785878903,3.3560187408021136,94.62632717308384,3.276260403068491,2.41535084844584,2.2699636513574215,94.79586791992188
2020-07-15,96.0229512346548,96.27273284060122,93.5978842251878,94.79586791992188,153198000,81.2719283363009,75.09582944690578,138.40083825662703,122.81844299384547,82.4845069885254,83.42944658355925,73.89687046051026,77.7400106322768,3.4219304975930243,95.41236090480139,2.674848615413424,2.452421958012638,2.2988840059328504,93.62942504882812
2020-07-16,93.66822701477156,94.48547353302502,93.03043311337808,93.62942504882812,110577600,67.57406087633797,69.28714549544279,34.843930840562805,77.8103412260374,82.91778594970702,83.82944573906,74.1120104598999,78.05465250191148,3.3415248301756577,95.80440020356653,1.7654348065437944,2.3542809363742316,2.2607804916907748,93.44023895263672
2020-07-17,94.08046007628133,94.23566048761845,92.96734801354852,93.44023895263672,92186800,65.48557952018803,68.36351819879411,1.9579304942560087,64.43366466522296,83.33243118286133,84.20633959057282,74.34968578338624,78.35931758014365,3.225357113498063,96.05189870628347,1.2683124740699299,2.199142584616474,2.1898899190035714,95.409423828125
2020-07-20,93.52757658018402,95.54765444448356,93.18321375708835,95.409423828125,90318000,74.90433240374222,72.47627689317176,97.55227241548126,94.33333781798373,83.77141693115234,84.64567622733958,74.59600025177002,78.69694344644032,3.2546722872112923,96.46808350183501,2.364440687395202,2.2227565992991494,2.202357831031545,94.09259033203124
2020-07-21,96.19997393951472,96.2751504170526,93.84280875166304,94.09259033203124,103433200,61.7561881100631,66.2718300418735,72.79203403797383,89.26289891527162,84.1490966796875,85.0161434471314,74.87541255950927,79.00180774120449,3.135503186731711,96.74652245891235,2.4323416653895578,2.2526973230263505,2.218785247771403,94.35692596435548
2020-07-22,93.79430867429808,95.0383691628231,93.70700981931506,94.35692596435548,89001600,63.26624892121674,66.88466824622677,23.095937445790504,68.92430241281328,84.50839447021484,85.38244864388528,75.15785533905029,79.30586948819757,3.0274914554675263,97.10452907389566,1.3313593435080406,2.121077611666592,2.155397683181163,90.06214141845703
2020-07-23,94.09017424204148,94.1677781639269,89.25216991066098,90.06214141845703,197004400,36.18408650956309,50.75001647445689,-197.74680000548534,-105.10037655033305,84.79925720214844,85.56596600759399,75.33579853057861,79.51886497196509,2.5657616571635913,96.98046447587663,5.104756053694501,2.5473173890991503,2.3660661382178296,89.83901977539062
2020-07-24,88.2603063707244,90.18338250647658,86.47302597872792,89.83901977539062,185438800,35.26902186637548,50.07419498593257,-161.73743934351177,-203.49045653439273,85.10389404296875,85.733536743586,75.53446254730224,79.72322447302302,2.156969215089262,96.9325997175577,3.710356527748658,2.7134658374776515,2.4620868803271745,91.96823120117188
2020-07-27,90.90120328645872,92.0603849239332,90.67810128466274,91.96823120117188,121214000,49.49015177930815,56.08424315472472,-40.42954860869312,-74.55785582461877,85.4419483947754,85.9780345654521,75.72196208953858,79.96569985377845,1.9819610142091193,96.55386333693899,2.2213651485425743,2.6431657390583547,2.4448924709139885,90.45742797851562
2020-07-28,91.53900580557185,91.71603836365466,90.45257310797918,90.45742797851562,103625600,41.874494142457976,51.35980627187085,-49.26916182677678,-98.329348092302,85.75866195678711,86.15369705223891,75.91810352325439,80.1734568463475,1.7017399614078528,96.35494063518223,1.5156580931926982,2.482093218220404,2.3785185867910394,92.19134521484376
2020-07-29,90.94000979201954,92.375652669585,90.9036352682461,92.19134521484376,90329200,51.804743860467454,55.946452261616244,-3.7822919682033684,-47.336813927254155,86.0748908996582,86.3904675684195,76.14099208831787,80.41143483384248,1.601118688619266,96.23677758340446,1.9182246910693692,2.4015405714845417,2.3456404513823483,93.30687713623048
2020-07-30,91.364396166037,93.41115323756708,90.95698669984957,93.30687713623048,158130000,57.28246630921593,58.64812916389328,56.65243353549419,-13.411234668814872,86.42225723266601,86.66169931617678,76.43032329559327,80.66679012695907,1.59302629268619,96.10778216646071,2.454166537717512,2.40905856666068,2.3533923146920026,103.07505798339844
2020-07-31,99.80121727475652,103.22541096516196,97.80295687640108,103.07505798339844,374336800,80.23354244066448,73.80008676851423,233.33333333333428,272.693720957983,86.93544998168946,87.30536044038155,76.77097339630127,81.1105182033242,2.347760052425116,98.70522142927939,9.918533828931473,3.481840746985079,2.8937595657091078,105.67230224609376
2020-08-03,104.95690446853536,108.29137183717285,104.6586259422002,105.67230224609376,308151200,83.05728880411581,76.28794985355748,147.89572972554865,271.9680676804257,87.51213088989257,88.02563266805655,77.16156352996826,81.59689016456717,3.119508152350946,101.56501990651454,5.216313853774409,3.729622619383555,3.0596563005709148,106.37799072265624
2020-08-04,105.8614502635959,107.469270880992,105.13877762781756,106.37799072265624,173071600,83.79128279634435,76.92897982507705,95.61314697364023,183.2771528314997,88.09303131103516,88.7453329839232,77.62499412536621,82.08760502710358,3.7448983865787255,103.91289395584289,2.3304932531744385,3.5297469956393956,3.007573225756881,106.7635726928711
2020-08-05,106.0991067154368,107.08368330710016,105.63349060376568,106.7635726928711,121776800,84.22687278079371,77.29023186379234,72.55131804961094,134.62431769961535,88.69211944580078,89.45193061956822,78.02035377502442,82.57623805018808,4.222958261314744,105.94892473589911,1.45019270333448,3.2326678110244074,2.896331759869567,110.48846435546876
2020-08-06,107.095798287908,110.98318005233068,106.506508834704,110.48846435546876,202428800,87.89366074857286,80.47146050163937,84.05299962237206,129.29350843117567,89.35901260375977,90.27689272685843,78.53944862365722,83.1289554027679,4.8465240706021575,108.62624836440143,4.476671217626688,3.4103825833961614,3.0092131497093613,107.97644805908205
2020-08-07,110.00988785704244,110.46662369685444,107.17959215155732,107.97644805908205,198045600,74.30328135108756,73.04058607216979,64.88066796802755,98.24576489860166,89.97498641967773,90.97099293596524,79.007666015625,83.62098496031868,5.079452973658562,110.27196062921284,3.3088722039114487,3.395881100612631,3.0306173678666535,109.54586029052734
2020-08-10,109.42195650024055,110.56379606115888,106.8953408360196,109.54586029052734,212403600,76.90603950953339,74.6175810521414,79.38225117090471,86.45744930705173,90.62385223388672,91.69941910673238,79.50654823303222,84.1343488282436,5.329256902223648,112.01505799116649,3.668455225139283,3.4348202612592957,3.0761772148146984,106.2879638671875
2020-08-11,108.80972291616033,109.30775498122829,106.02801209618364,106.2879638671875,187902400,61.75688041808177,65.98835072255491,-21.50537029358455,61.795492833975594,91.18859588623047,92.27151890126004,79.97742252349853,84.57303427455932,5.204350785109668,112.96732603184499,3.517848194343699,3.446681394557068,3.1077251419239125,109.82038879394533
2020-08-12,107.37879756886052,110.07790879616836,107.18444536818468,109.82038879394533,165598000,69.38538398769474,70.0347534260393,61.50513304009092,69.82878018800413,91.8167610168457,92.95970987744377,80.52120483398437,85.07298188880458,5.328969909333111,114.4167431144592,3.7899449289808587,3.495719042331895,3.1564551267136944,111.7639389038086
2020-08-13,111.20030714999548,112.7672986221406,110.71198742895228,111.7639389038086,210082000,72.86041607317487,72.00800622718208,171.98716044126041,87.11298638842824,92.47516418457032,93.69713062357573,81.09620090484619,85.60151569108189,5.520918007909444,116.02533484508233,2.946909828195274,3.4173177260266634,3.14148760539095,111.66433715820312
2020-08-14,111.58902512127496,111.75422524008118,109.85440163162504,111.66433715820312,165565200,72.36927953083921,71.74725518423942,97.50139723064785,76.20740676191117,93.14515594482423,94.40172695826699,81.61575988769532,86.11761116567835,5.600442811897764,117.37837795282918,1.909537272183556,3.201920518334791,3.053491153018993,111.37278747558594
2020-08-17,112.78672297104336,112.8110188476026,110.74599537909668,111.37278747558594,119561600,70.74083417156072,70.93750421025933,84.44023122066808,84.263453609732,93.76479278564453,95.0672587432599,82.13569267272949,86.61771366686465,5.575668335361897,118.5509373828719,2.0650234685059132,3.0395066540735227,2.982886318410916,112.3008270263672
2020-08-18,111.12497934318772,112.7259788863913,110.78971554731912,112.3008270263672,105633600,72.99729076514096,72.02001506509643,72.55613735427339,90.72993922873451,94.39348373413085,95.74308495044058,82.63365852355957,87.12629016903301,5.566749398134164,119.65376930329634,1.936263339072184,2.8819004662161882,2.9081275341724355,112.4417495727539
2020-08-19,112.7089894111577,113.85568519716752,112.3470052838106,112.4417495727539,145538000,73.3612391932597,72.18941302978497,91.22413589334862,116.34915462404223,94.97392120361329,96.39793454347247,83.15891189575196,87.62758639484927,5.5075645718340525,120.59707535770086,1.5548581708003155,2.6923229954424923,2.8114654367887124,114.93678283691406
2020-08-20,112.48304748879556,115.05096678859472,112.46603963312674,114.93678283691406,126907200,79.16248305330531,75.067518818677,152.54303460754022,135.8347040576032,95.56133575439453,97.12494820203881,83.69201663970948,88.16836256201887,5.597464417636402,121.30594176427631,2.6092172158408147,2.6804507412136815,2.797019135292434,120.8597412109375
2020-08-21,115.89639140480683,121.343197228119,115.88424717471018,120.8597412109375,338054800,87.00203899198858,80.2838554949586,203.58333481504312,221.07611280769774,96.34937026977539,98.05572439846621,84.28560859680175,88.81571659467072,6.076596709367891,122.72828786343057,6.406414391204933,3.2127312626410034,3.0548330821433263,122.30524444580078
2020-08-24,125.06508356054808,125.15012282147948,120.4394370937976,122.30524444580078,345937600,88.25966932507009,81.31149265581487,147.51121417631245,229.77797759652063,97.15224975585937,99.00668596894992,84.92601531982422,89.47887556201982,6.4980470910341666,124.21328979219544,4.710685727681891,3.4267247576468445,3.1731082711103666,121.30192565917967
2020-08-25,121.17802927154358,121.64690937129124,119.57945373903362,121.30192565917967,211495600,81.84688553144349,78.26236683570235,76.08992828939266,145.2247779401818,97.91474075317383,99.88100909405698,85.54666645050048,90.10903496988436,6.674154614021916,124.62473637001597,2.7257907067671567,3.3265913218068888,3.141157016514423,122.95149993896484
2020-08-26,122.61866792136692,123.40823574071352,121.5521404466388,122.95149993896484,163022400,84.06738684931801,79.6157938197728,78.94627750946636,134.42523398360794,98.66613510131836,100.78573422522983,86.19232646942139,90.75938081085626,6.86766182256757,125.01066405131267,2.1063100815338487,3.1522654303393116,3.067239378301525,121.48168182373048
2020-08-27,123.55399319873167,123.88682518833696,120.33741060365348,121.48168182373048,155552400,74.58360086348556,75.12733776551877,55.424909181448015,99.22894696796034,99.39051055908203,101.59734001340632,86.77235427856445,91.3677432071508,6.82375563405823,124.52527734486395,3.5494145846834755,3.209001023817049,3.1016804644716642,121.28490447998048
2020-08-28,122.45588862300936,122.87375249170243,121.0613927954914,121.28490447998048,187630000,73.29217320331456,74.52161183048253,40.04035916200375,80.69162314038243,100.11027114868165,102.36940136503668,87.35776679992676,91.96016224225633,6.69589526368415,125.20866513925135,1.8123596962110327,3.0094808341590467,3.009586123881619,125.39794921875
2020-08-31,123.97916478082978,127.30263641002205,122.44375715773111,125.39794921875,225702700,81.22132602468784,78.43536402446729,166.19073744388584,106.04866189502438,100.92204147338867,103.27248167302544,87.96825050354003,92.62229663783046,6.847519394105618,126.73686632122583,6.017731930041563,3.439230990713692,3.224453681464472,130.392822265625
2020-09-01,129.01290291126796,130.99533312544372,126.84584781791506,130.392822265625,151948100,86.78140845963479,82.04284887568942,184.16618689052527,140.52887958776458,101.78933059692383,104.33602444136268,88.62403945922851,93.37022783838084,7.286730230578499,129.20052034162254,5.597383906693722,3.7475385501394105,3.3939486975522755,127.69135284423828
2020-09-02,133.7066482975621,134.08564032180732,123.41554463079883,127.69135284423828,200119000,73.12054582288818,74.75861446037798,95.92737214832958,114.00433357953266,102.56543823242187,105.251919672848,89.24009231567383,94.0498540761206,7.332299789863129,130.59171162823102,10.670095691008484,4.736475284549278,3.9136734827991475,117.46825408935548
2020-09-03,123.3280682941128,125.20358843955071,117.09898196053354,117.46825408935548,257599600,43.13913145973394,54.895507916813,-94.82948611205073,-3.828806060460051,103.16846420288086,105.73099161075025,89.7205386352539,94.51358476945197,6.468925614669686,130.6572583222729,10.592370883704746,5.573031798714345,4.390723297149547,117.54598236083984
2020-09-04,116.68110262085476,120.20864558009524,107.76020180974344,117.54598236083984,332607200,43.34519099471716,54.99342152693864,-135.74377677554162,-84.17816276560919,103.74986099243164,106.194324581342,90.20809867858887,94.96967185046954,5.724973452175902,130.50044885213615,12.448443770351801,6.555233508948267,4.966274759521137,109.63574981689452
2020-09-08,110.73385384547656,115.6316049618243,109.4997017926122,109.63574981689452,231366600,30.305701303493905,44.4243021038865,-128.8445947863273,-140.15341748728287,104.22742309570313,106.32928243371661,90.6110906982422,95.2600892359433,4.4458473845834305,130.49412945976678,8.046280568227644,6.768240231702464,5.1862751744287445,114.00872039794922
2020-09-09,113.95041623071371,115.77735180667162,112.00686490622496,114.00872039794922,176940500,41.630702030627226,50.13036131296218,-71.68572954540583,-106.29050692532935,104.75291580200195,106.63043686368651,91.06722038269044,95.63134925895332,3.741859117185342,129.96149297941494,6.141601989777101,6.678720482855984,5.254512804096485,110.28683471679688
2020-09-10,116.96293720757076,117.09898522798876,109.32477873982351,110.28683471679688,182274400,35.846757404859105,45.81851280010063,-69.01778009679155,-126.74033425196,105.18932418823242,106.77382501478888,91.50032806396484,95.9215568917819,2.850756527226679,129.92476097772382,7.774206488165248,6.83521848361445,5.434490924387111,108.83888244628906
2020-09-11,111.33634579157452,111.97772133616776,106.89533097403393,108.83888244628906,180860300,33.720377652882775,44.22481991798344,-91.17678483812614,-134.8285547450336,105.60011917114258,106.85480765916145,91.93965873718261,96.17734551662362,2.0046058095008874,130.13576569073973,5.082390362133836,6.5848144662600765,5.409340884226163,112.10405731201172
2020-09-14,111.4821213907461,112.6579692235783,109.61631362694924,112.10405731201172,140150100,42.667632641322434,48.56916303168519,-49.746126677165925,-87.40928044846152,106.07621765136719,107.06066058672421,92.3929458618164,96.49272594821547,1.5792924922007074,130.1163892514273,3.819086777289243,6.189710510692814,5.29575130515924,112.27898406982422
2020-09-15,114.99023961653585,115.4761275479022,110.40345635818764,112.27898406982422,184642000,43.14731895867431,48.79925101442791,18.62696396328977,-62.327428728640584,106.50857482910156,107.26530072331637,92.85056999206543,96.80532511894039,1.242026443745985,130.07466361647536,5.072671189714555,6.030133464838777,5.279817011198906,108.9652099609375
2020-09-16,111.97772065587976,112.72598470596552,108.87775370396636,108.9652099609375,154679000,36.41386785311406,44.71790745465587,-83.260746543694,-79.04355194260852,106.88028274536133,107.33196383067407,93.25585342407227,97.04611491779181,0.699285862125322,130.28501228200597,3.848231001999153,5.718433113004545,5.1775608676846385,107.2257308959961
2020-09-17,106.62323468611042,109.03323435377406,105.64173911915216,107.2257308959961,178011000,33.23733610674462,42.699123042022556,-137.32134417040686,-97.87152521553406,107.17510177612304,107.32779783323572,93.64325820922852,97.24769147181566,0.12733082733173262,130.63847002060183,3.3914952346218996,5.386013416092739,5.0499847510373,103.82449340820312
2020-09-18,107.28401931462976,107.75046741419948,103.09566176532392,103.82449340820312,287104900,27.720903575225336,38.992394282826545,-145.77246804432392,-112.41627844785897,107.3939419555664,107.19041334597954,94.00775169372558,97.3779251735263,-0.5935569434254262,131.3119176713488,4.654805648875552,5.281555163633142,5.021757672311461,106.97307586669922
2020-09-21,101.58943734580028,107.07997179185172,100.19007789948417,106.97307586669922,195713800,38.7075251030174,43.851669503221316,-101.04404542871679,-107.86428909913563,107.67250411987305,107.1818903075764,94.38160163879394,97.56792815754952,-0.9004219016779302,131.09352700086217,6.889893892367553,5.511317839166629,5.155195973744038,108.65423583984376
2020-09-22,109.49968334608216,109.67460326412942,106.07903623256472,108.65423583984376,183055400,44.009153035045706,46.31064583826696,-9.33683078305628,-63.19268569627599,107.99327392578125,107.23962934805746,94.75758285522461,97.78745900274346,-0.9964723195260063,130.461353035213,3.5955670315646984,5.237639152366353,5.043793906445514,104.09661865234376
2020-09-23,108.46960942834048,108.9457774591232,103.75649121629566,104.09661865234376,150718700,34.555581991915176,41.060673056471074,-59.3386146824366,-97.6439061204864,108.19223876953124,107.11637402665693,95.09942749023438,97.91239285719098,-1.42394028784544,130.11517712019406,5.189286242827549,5.23073159386081,5.054186216187088,105.16556549072266
2020-09-24,102.2016466950428,107.13826893890364,102.03644660847966,105.16556549072266,167743300,38.18874983559077,42.7013517454007,-66.96416792171033,-101.81195539895778,108.39963272094727,107.03987173113009,95.44206985473633,98.05602003805299,-1.6573517370244986,129.2378028150052,5.101822330423971,5.212315984798404,5.0575887957754375,109.11099243164062
2020-09-25,105.36965685149532,109.26648012807148,104.6311051215717,109.11099243164062,149981400,50.114193339514124,48.40968271675419,76.1439134949257,-29.83445282154721,108.70926406860352,107.12109215075796,95.81352500915527,98.27493038248048,-1.5066018430941313,128.30798927198262,4.635375006499785,5.1298958450414585,5.027430667970035,111.71533966064452
2020-09-28,111.76393141391246,112.06517952480382,109.596868222818,111.71533966064452,137672400,56.56738625221281,51.82166025498781,151.39609182168596,56.01092825723606,109.07476608276367,107.30125871977312,96.2035986328125,98.54107710085997,-1.163569505158705,127.35924795642336,2.954187093163199,4.819080309058849,4.879341841198118,110.86991119384766
2020-09-29,111.31693464158258,112.05547900292312,110.3645909774535,110.86991119384766,99382200,53.925485592034505,50.650584236713485,106.79835214185938,65.18370910410871,109.38397583007813,107.44120587561918,96.57769638061524,98.78521242943397,-0.9489935111912899,125.418382890406,1.6908880254696186,4.37219569711753,4.651595140074654,112.54134368896484
2020-09-30,110.57835999800264,113.95042293050288,110.41315990508242,112.54134368896484,142675200,58.406111244026214,52.91597937183286,99.54821536041372,97.06645902981654,109.75295089721679,107.64121128006411,96.95102378845215,99.05761106823657,-0.6367300290001623,121.55147295524574,3.537263025420458,4.252919601160806,4.571999989027925,113.4936981201172
2020-10-01,114.31970607857448,114.3974499230098,112.5607942290766,113.4936981201172,116120400,60.93167994230104,54.205908484922425,92.03275114718252,107.46546184334227,110.13568634033203,107.87072056790933,97.32204040527344,99.34347417817479,-0.3088516763197333,117.69766077333985,1.8561062340449581,3.910517691572828,4.378007577957713,109.83009338378906
2020-10-02,109.70376520376246,112.11377235625194,109.05267722245038,109.83009338378906,144712000,47.88297099652844,48.680755571550314,6.581684292592823,35.45735041981402,110.53104537963867,107.94755871755167,97.66515129089356,99.55113000402854,-0.34070061912541405,116.53773554511551,4.441020897666817,3.9863038638719694,4.382508529365507,113.2118682861328
2020-10-05,110.6949727988638,113.35763612296132,110.34513295609943,113.2118682861328,106243800,57.64996717601688,53.402288579957506,57.57573566289718,85.40321438330164,110.99850234985351,108.15400223004505,98.05119819641114,99.8216396729811,-0.09199964912380665,115.54550837100119,3.5275427391722616,3.92076656034344,4.321439544351703,109.9661102294922
2020-10-06,112.43441327514309,112.84256458676,109.08179103738996,109.9661102294922,161498200,47.65068636458318,48.7649706263262,-70.2242348674132,42.677644008515394,111.35845993041993,108.2250652888469,98.40020416259766,100.02252027806054,-0.15502090336596552,115.56371714625695,4.130077248742836,3.9506680872576396,4.30777080895107,111.83195495605467
2020-10-07,111.38493900127489,112.2886907442599,110.9087635462189,111.83195495605467,96849000,53.105700706566154,51.37879704577437,-1.0001470078317225,59.718896109865995,111.7859504699707,108.3665119424629,98.77230621337891,100.256370469704,-0.05378759555793522,115.2050972951272,2.3225805147676937,3.7180841483305045,4.1659715022236865,111.72505950927734
2020-10-08,112.96893128687452,113.11469913263744,111.35577997813652,111.72505950927734,83477200,52.73838270800841,51.21758509170435,19.47316342519416,62.3562641683288,112.17662475585938,108.49821969018112,99.12575782775879,100.48347322296287,0.017611941535150777,115.34880882552945,1.7589191545009157,3.4382034349262773,3.99403919167206,113.6686019897461
2020-10-09,112.02629872507018,113.69775407377182,111.67645888864146,113.6686019897461,100506900,58.785309721121656,54.04117573723399,80.34798546339366,84.29800893357076,112.58385925292968,108.70097978036014,99.50305824279785,100.74456488171106,0.22839146970491697,115.83982449532613,2.0212951851303558,3.235787970669717,3.8531289054905096,120.88890075683594
2020-10-12,116.67139028698064,121.64688463034302,115.91340641347357,120.88890075683594,240226800,73.48755902648372,62.68276645751807,225.6611298922612,235.88236639543194,112.94013610839843,109.17893746571214,99.93779304504395,101.14346262181253,0.9669076231134142,117.93509206237006,7.97828264059693,3.9132872092307474,4.147782743712397,117.68203735351562
2020-10-13,121.73434029707664,121.85095605169045,116.2729655353852,117.68203735351562,262330500,62.023016953349284,57.510488927603916,106.53838838597072,180.41793099756123,113.18033081054688,109.51239236327307,100.34623085021973,101.47095915115318,1.278680091494934,118.82342916668615,5.577990516305249,4.151101967384248,4.2499404417547435,117.76950073242188
2020-10-14,117.58486097492064,119.55756448106015,116.24381316344191,117.76950073242188,150712000,62.21060510638599,57.6132182871649,61.95922267034351,129.6965335193472,113.40816101074219,109.83620053461223,100.75059616088868,101.79370254880206,1.515351553171044,119.79602197314435,3.313751317618241,4.0314804459891045,4.183069790030708,117.30304718017578
2020-10-15,115.36921555833268,117.7792152107274,114.81530369020432,117.30304718017578,112559200,60.35565655495055,56.824153507455094,23.423136655335075,77.74003026844233,113.61895050048828,110.12901805012454,101.15553497314453,102.1008182840768,1.6462989784854472,120.52646451975681,2.9639115205230837,3.8789705994939587,4.095987056494449,115.6607437133789
2020-10-16,117.85695893134891,118.11934252939484,115.45667170048786,115.6607437133789,115393800,53.769997356905975,54.01893786372022,3.6370819433534165,59.358439223146206,113.72239608764649,110.34594846829138,101.54070434570312,102.36933165891446,1.5991219100444312,120.55711490772296,2.6626708289069825,3.705213489410105,3.9936073259524876,112.7065658569336
2020-10-19,116.57422957130424,117.02124557068036,112.3955978828432,112.7065658569336,120639300,43.7514689962194,49.303926965862985,-94.46696704559918,-4.192740756696404,113.81699844360351,110.43852169921854,101.89599243164062,102.57402936580593,1.3082752962497892,120.50991776833142,4.625647687837159,3.8367040891853983,4.038753066087107,114.19336700439452
2020-10-20,112.9203357688391,115.6218784999356,112.36642390465587,114.19336700439452,124423700,49.298352295085174,51.5939368441289,-107.9894972043693,-7.202259293195472,113.90994857788085,110.58577053471565,102.26690040588379,102.80411525963936,1.1841001171910364,120.63400509163174,3.25545459527973,3.753668447198874,3.982803175315152,113.5714340209961
2020-10-21,113.37707442350197,115.35949783357891,113.16328257328864,113.5714340209961,89946000,47.03477958754508,50.565000663455386,-78.30730356929678,-9.141600137553498,114.05561798095704,110.70285537731488,102.62210693359376,103.01732949253751,1.0237049654956536,120.07053045127735,2.1962152602902734,3.5311751347833598,3.8551897528133745,112.4830322265625
2020-10-22,114.13504787679302,114.7083993693713,111.35576890640716,112.4830322265625,101988000,43.00336948700839,48.73333482778759,-96.20774068272175,-48.76175014813103,114.10887084960937,110.77266623414812,102.96281593322755,103.204769150637,0.7995490201328153,119.40827575966401,3.352630462964143,3.5056687530949,3.819292660681287,111.79307556152344
2020-10-23,113.10497125192926,113.2604589200965,111.05452396584916,111.79307556152344,82572600,40.43990476355338,47.55727229733486,-118.29070136780884,-71.13742353446047,114.10945358276368,110.81268228620206,103.29230888366699,103.37483462411991,0.5597773173510348,119.2508036644815,2.20593495424734,3.3199924961166767,3.7040528245074333,111.80280303955078
2020-10-26,110.79215536953424,113.2604666650257,109.69404402667767,111.80280303955078,111850700,40.49824656803362,47.576480803071114,-109.13398746417701,-87.77187689232379,114.11222290039062,110.85151055103927,103.62868942260742,103.5417250877918,0.36631874712418266,119.24928076210726,3.5664226383480297,3.3551968021497274,3.694222096924619,113.3090362548828
2020-10-27,112.23036471931516,113.96984397564444,111.3071808423077,113.3090362548828,92276800,49.44433265567304,50.59409564856654,-16.270495230343666,-54.471472575116266,114.15094787597656,110.94788410805275,103.95787033081055,103.73513719011044,0.33072942583761744,119.22817806620543,2.6626631333367357,3.2562634208907286,3.6205393138111988,108.06146240234376
2020-10-28,111.80280503922792,112.17207716189112,107.96428630838616,108.06146240234376,143937800,30.68968609587509,41.60809423550928,-167.3258400572225,-143.6921091973193,114.0661605834961,110.83469109998573,104.22982215881348,103.82080699629327,-0.11953282182120972,119.53024899142063,5.344749946496634,3.5546186388344294,3.743697216145873,112.065185546875
2020-10-29,109.19844988747217,113.62974518620118,109.03324236591982,112.065185546875,146129200,48.1843494052761,49.04427282426216,-30.64836227829609,-76.96478611206044,114.05862930297852,110.88294578417747,104.5162752532959,103.98406201709687,-0.15155486960475173,119.49370081479715,5.568282783857413,3.8422849452662837,3.874024756696697,105.78752899169922
2020-10-30,107.92543308538788,108.82918500247833,104.67970501772538,105.78752899169922,190272600,32.96392065769932,40.36439181271997,-173.46731174215574,-187.84559042039012,113.87564422607421,110.68312551780576,104.71848999023437,104.01977423441573,-0.675697967060529,119.99799833355927,7.385480529149618,4.348455742963902,4.12484302615762,105.7000503540039
2020-11-02,106.03045798084732,107.55614568812253,104.2909784116254,105.7000503540039,122866900,32.79550345959164,40.25747128190807,-116.94312807454092,-169.91381677389947,113.57245040893555,110.48771080549982,104.96091033935546,104.05304702886303,-1.0856294821248014,120.38976069627377,3.265167276497124,4.193700247754363,4.063437615467585,107.32293701171876
2020-11-03,106.56495296600028,108.34329729862364,105.66120104670622,107.32293701171876,107624400,39.487082858510576,43.26023452738749,-59.813630332773734,-116.42405031458713,113.2728042602539,110.36360202927311,105.21252700805664,104.11779732555324,-1.2649680071908023,120.54751609808463,2.6820962519174145,3.977756819777656,3.9647703752140013,111.70562744140624
2020-11-04,110.91849140042434,112.32756337251364,109.17901179452488,111.70562744140624,138235500,53.937419455711336,50.49644466798137,53.867675956517964,-8.46035805536792,113.08087829589844,110.41623047680774,105.49780952453614,104.26805138725331,-1.041443478225375,120.54442775511423,5.004626360794873,4.124452468494401,4.039045802755492,115.67047882080078
2020-11-05,114.62095911814944,116.2438304304953,113.57144682955948,115.67047882080078,126387100,63.20986279637577,55.967462700308005,142.21408581579368,108.89830485995064,112.93525787353515,110.62227943147414,105.80069648742676,104.49384202950178,-0.5381646805004721,120.82629945602815,4.538202989089058,4.1835596857222095,4.074699887493604,115.53905487060548
2020-11-06,115.1788748490344,116.03551019200556,113.04701195376391,115.53905487060548,114457900,62.72159574779887,55.74753006759371,92.89721780389469,97.37740360696554,112.81640533447266,110.81509415457734,106.10345794677734,104.71255911546422,-0.14820896115321602,120.99551177932652,2.9884982382416467,4.012836621796415,3.9971140554041784,113.23197174072266
2020-11-09,117.30100266982896,118.75144452373826,112.96914288637264,113.23197174072266,154515300,54.15434645707881,51.892464560548234,75.64627319061414,96.71397431667559,112.6553466796875,110.90987366775951,106.38280891418457,104.88126035556834,-0.02503992688431822,119.75678636866587,5.78230163736562,4.265617338306302,4.12462745411571,112.89126586914062
2020-11-10,112.48241768033424,114.46825386220856,111.10010975217423,112.89126586914062,138023400,52.909204965930805,51.327968050041406,23.725158162983842,41.442143341728254,112.40521301269531,110.98757532271564,106.66362724304199,105.03987432613414,0.04456656806493697,119.13690173923146,3.368144110034322,4.13740687712459,4.070592929538468,116.31780242919922
2020-11-11,114.0788668035452,116.45408514437597,113.34877764644808,116.31780242919922,112295000,62.914176451001865,56.458060266097725,66.19344010868487,101.94875525192006,112.1237126159668,111.19660383669539,106.9565216064453,105.26319963510574,0.37193563792371265,118.85988624057543,3.5628192752353414,4.055322933997554,4.034323382802531,116.04524993896484
2020-11-12,116.44436895423854,117.33020670166636,115.42224104958544,116.04524993896484,103162300,61.69773660183572,55.952878581727624,91.71386736064902,105.7315467603806,111.89079055786132,111.38674682109811,107.2281143951416,105.47670558171681,0.6024407146556285,118.62652508817067,1.907965652080918,3.748557608009463,3.8824406877509867,116.09393310546876
2020-11-13,116.26915483122532,116.49304471994895,114.74083488923566,116.09393310546876,81581900,61.8514443203011,56.028562856031144,70.96316887095641,80.56335914427895,111.8633041381836,111.57134236166166,107.51588417053223,105.68694771090003,0.7800539964355977,118.69688067363298,1.7522098307132978,3.463365068395725,3.7302813408197233,117.1063232421875
2020-11-16,115.76295421656155,117.77800032814828,115.01339915844956,117.1063232421875,91183000,65.23610789584403,57.6579120129347,105.62749446862865,86.86187764295425,111.85451095581055,111.78840043540778,107.80218597412109,105.91307395904434,0.9910806640477574,119.25034027242981,2.7646011696987216,3.3635416542961534,3.661304185739652,116.22045135498048
2020-11-17,116.37620726354793,117.46646891611805,115.80186663426858,116.22045135498048,74271000,59.81809779767341,55.71253353740913,72.91729080991384,74.96610410618534,111.98620498657226,111.96220635382241,108.1068140411377,106.11718044213218,1.0744527383935036,119.50813615695282,1.6646022818494686,3.120836029660913,3.5186826211760676,114.89656829833984
2020-11-18,115.4611723878438,116.63904872341848,114.86736591902952,114.89656829833984,76322100,52.2518747658294,52.84309561195718,-6.24087723825028,47.659313490863724,112.00396194458008,112.07727937125448,108.37843887329102,106.29102970661154,1.0219193592070894,119.63448208176084,1.7716828043889592,2.9280998546220625,3.3938969199769886,115.49037170410156
2020-11-19,114.4682438942414,115.89921985730518,113.7089523449058,115.49037170410156,74113000,55.21608144565866,53.98780339564497,-107.43476632345279,32.01422453042407,112.10803268432618,112.21112612940534,108.6486784362793,106.47319489468065,1.016483856780411,119.88899187387054,2.1902675123993873,2.8226952343045375,3.307923390864303,114.2248992919922
2020-11-20,115.490390363244,115.61693649962824,114.17623112885316,114.2248992919922,73604300,47.833016123561386,51.13879009036559,-120.21619912229613,10.031643328366478,112.21575302124023,112.29009762597738,108.9079360961914,106.62669399165712,0.8996920444342038,120.01719019514408,1.4407053707750777,2.625268110943186,3.1745506751436436,110.82752990722656
2020-11-23,114.06912746953326,114.49744880802926,110.73018617398225,110.82752990722656,127959300,33.71368256134434,44.36929715388641,-195.47938900339454,-151.25425129129113,112.19022247314453,112.23274202916362,109.13322006225586,106.70987886127236,0.526920365384683,120.01355172511863,3.7672626340470146,2.7884101856723045,3.2168872436367413,112.11249542236328
2020-11-24,110.88595091749468,112.77444325872074,109.60098679969664,112.11249542236328,113874200,41.352582455567806,47.21537340565672,-127.5970479917796,-188.51458911320378,112.18689270019532,112.22802647595577,109.34773376464844,106.81686136743258,0.33136236317291434,119.95995795845346,3.173456459024095,2.8434167961511316,3.2137850447358383,112.94967651367188
2020-11-25,112.4824235383736,113.65056340347142,112.11250688717266,112.94967651367188,76499200,46.07607416029028,49.04446710572024,-46.02329250922886,-86.76377032028887,112.26658203125,112.25632647743484,109.57343238830566,106.93830325151652,0.24115487170769256,119.85364047958207,1.5380679811081421,2.656938394002133,3.094090968762431,113.49481201171876
2020-11-27,113.47534623148913,114.37092065910096,113.13463937607727,113.49481201171876,46691300,49.18518668460295,50.253289792028525,3.093411735751607,-41.69210676931018,112.39196365356446,112.30489453760285,109.78353271484374,107.06813510815418,0.21121787542720938,119.9095980908939,1.4212441454290854,2.4804106442059832,2.974601909952906,115.88949584960938
2020-11-30,113.86471334319992,117.75852242774822,113.7089574149293,115.88949584960938,169410200,60.775658356931494,55.27290419770168,109.49967768302066,54.76772829126158,112.63326370239258,112.4454671380737,110.01360282897949,107.24281551887606,0.37638483264117895,119.58401900445988,4.263710416029454,2.7351677544664788,3.0666810889583735,119.46206665039062
2020-12-01,117.79746411967524,120.19215587053868,116.82401182614448,119.46206665039062,127728200,71.92244177519044,61.512334098173284,161.3209606920731,170.5187518211057,112.8830435180664,112.72062790326261,110.27777381896972,107.48478088781694,0.7864912609179555,119.55158954387568,4.302660020929309,2.959095221104026,3.154965298384869,119.8125228881836
2020-12-02,118.78065829638932,120.0948249747314,117.68065976068436,119.8125228881836,89004200,72.80685075966545,62.07129300546388,109.45387048067262,151.09458437830287,113.1062092590332,112.99874143208304,110.54974159240723,107.7288945907945,1.1267934757061084,119.60451343208754,2.4141652140470313,2.881248077238741,3.102051006646452,119.6762237548828
2020-12-03,120.24082042379452,120.493920092042,118.96560033409804,119.6762237548828,78967600,71.78094126844837,61.69600959566527,88.7780194752297,143.03209438263414,113.41780136108399,113.26060348395755,110.80502006530762,107.965475366321,1.3696982034311702,120.17048521120613,1.5283197579439616,2.6879726030537725,2.9896416317391314,119.0045394897461
2020-12-04,119.3452462973935,119.59834596601074,118.2939160679232,119.0045394897461,78260400,66.40154134895866,59.77793177931865,52.698869527305526,98.05083057958662,113.69458084106445,113.48585587634142,111.04710678100587,108.18407069549772,1.4908174281799944,120.58987107369211,1.3823076869595923,2.5014490436117467,2.874832064254879,120.46472930908205
2020-12-07,119.06295553689276,121.26295994561156,119.00455077200225,120.46472930908205,86712000,71.76768303549457,62.50684636986161,76.63042124152886,113.99618797577499,113.92165557861328,113.75953718742929,111.31545982360839,108.42725205418256,1.6852044140336062,121.2710220676459,2.258420455865462,2.4667306739337063,2.8308026636556347,121.07799530029295
2020-12-08,121.06826612455384,121.66207262611567,119.82224093273688,121.07799530029295,82225500,73.81673484683054,63.62313141092671,112.49905347872652,106.67177150185556,114.10890869140626,114.04653554479648,111.59183738708496,108.67776182143227,1.8672188049382044,121.98388018148262,1.8398316933787981,2.377173676711576,2.760019022921575,118.54704284667967
2020-12-09,121.22403718972603,122.6063379407816,117.7877510940394,118.54704284667967,115089200,54.70124197118654,56.18803255171826,1.468861167426599,66.93571687776003,114.26245132446289,114.22302602722328,111.82321357727051,108.87319312886291,1.786644484647141,122.14301606594094,4.818586846742207,2.7259469867159516,2.907059581765906,119.96826934814452
2020-12-10,117.30101190387384,120.58154910132534,116.96030505591354,119.96826934814452,81312200,61.27156493677016,59.07986271258948,-68.24018197798905,49.33395180570999,114.41098983764648,114.44832968686725,112.08197036743164,109.09289760845265,1.8165300288704742,122.52415599204858,3.6212440454117996,2.853846566529644,2.9580727577406125,119.16029357910156
2020-12-11,119.179759356302,119.50100038149354,117.3496717985599,119.16029357910156,86939800,55.89443170927622,56.785118486454444,-108.37187544952671,33.287404461200886,114.52432174682617,114.63311258460193,112.3300040435791,109.29225198410906,1.7547895246332246,122.77034727737593,2.6185975495846208,2.8202395641089266,2.933824528586613,118.54704284667967
2020-12-14,119.34527359007755,120.07536295636294,118.31341632898724,118.54704284667967,79184500,51.86406204837918,55.03776792718404,-54.940173548029165,34.40211903275612,114.69866073608398,114.78660004585988,112.61485305786132,109.4755151695065,1.6374994469364026,122.92879836027046,1.7619466273756927,2.6690548588613217,2.850118964214405,124.48505401611328
2020-12-15,121.03903263160208,124.5045272174844,120.83460857830696,124.48505401611328,157243700,73.47247285624886,65.9602147035836,183.42164511340854,164.8552185502934,114.92412445068359,115.16693157410512,112.96131340026855,109.7727337605284,2.0006320497562484,124.14215435622717,5.957484370804721,3.138830503424664,3.0720736361137133,124.41693878173828
2020-12-16,124.0275637947843,124.9620697049553,123.20012338037756,124.41693878173828,98208600,73.0337130813989,65.76286307470701,130.5886036101587,192.30817869476476,115.21314102172852,115.52967695479661,113.28580047607421,110.06271801837414,2.2569047307076318,125.19375381549108,1.7619463245777354,2.9421327635893886,2.9784931138611435,125.28333282470705
2020-12-17,125.4780203524824,126.13997577136618,124.64085061471266,125.28333282470705,94359800,75.22887179903779,67.11079487045086,106.2937213077843,186.36224042889677,115.48216857910157,115.91217326342056,113.63405952453613,110.36411633137084,2.501082512878355,126.27725875085835,1.7230369896279,2.7679762244520334,2.8888176764159117,123.29747772216795
2020-12-18,125.53642108894336,125.67270382324948,122.77181256405063,123.29747772216795,192541500,61.780363276577454,61.16649317901667,51.322705958379835,106.85585188251818,115.71361694335937,116.20179304611653,113.94512084960938,110.62022249752523,2.5054717355972684,126.850963960715,2.9008912591988434,2.786964086558721,2.889680075186121,124.8258056640625
2020-12-21,121.70102413672326,124.90368364385454,120.17270406085603,124.8258056640625,121251600,67.06655092550025,63.82233766311849,24.395721561769374,70.60492773001668,115.93676101684571,116.53998961936932,114.26031013488769,110.90152117409032,2.60227609935329,127.54079668395795,4.730979582998501,3.0646805860501183,3.021201468601291,128.37889099121094
2020-12-22,128.11605471749206,130.84172406271304,126.20808171972652,128.37889099121094,168904800,76.05081687375935,69.11128912001658,170.04794442715746,174.84281475225723,116.0865608215332,117.00426026140232,114.51334846496582,111.2476077051224,2.931901412161409,128.41805425310608,6.015918398650541,3.4862859878501786,3.2351098207476663,127.48333740234376
2020-12-23,128.65147735341128,128.91429881615036,127.30810824014566,127.48333740234376,88223700,70.40313635982112,66.4734522224345,102.82495906844318,129.84083529034513,116.28258682250977,117.41520446300787,114.73145881652832,111.56910730308718,3.085302708130939,128.95241434803185,1.6061905760047068,3.2177009290151113,3.118758446123169,128.4665069580078
2020-12-24,127.83376887622416,129.91695629713385,127.61960817236115,128.4665069580078,54930100,72.97374379929441,67.92102674562867,88.22274341433871,126.65098191475109,116.49652694702148,117.8485888745765,114.95234397888184,111.90370927645195,3.248758244078772,129.5388448243827,2.4336188947900865,3.105689209840108,3.069819906742235,133.06118774414062
2020-12-28,130.43286969291617,133.693925752392,129.96560192767902,133.06118774414062,124486200,81.65905642326534,73.6474814301711,135.74821341572238,166.08223971750346,116.81168975830079,118.4451613792653,115.21532012939453,112.32266924610914,3.706326054395177,131.0880710541998,5.227418794384192,3.4087934362035486,3.223934113002375,131.28948974609375
2020-12-29,134.38507537843176,135.1054204796811,130.77356128298763,131.28948974609375,121047300,71.34469404645898,68.56487925567191,107.34457067672218,134.0861674270097,117.12426467895507,118.94886053090563,115.42333038330078,112.69824985006923,3.881249985090676,132.08597212602558,4.331859196693472,3.540659973416395,3.3030716189803107,130.17005920410156
2020-12-30,131.9806813052001,132.37980036355688,129.8585472989338,130.17005920410156,96452100,65.26767730424727,65.48954495680898,48.73463862297672,90.12220026302732,117.47353454589843,119.38890753769763,115.64526649475097,113.04422627292136,3.884768577185028,132.9133509380706,2.521253064623096,3.3950304150173523,3.2472274365262237,129.16738891601562
2020-12-31,130.5204870277971,131.16296911492586,128.2231389904879,129.16738891601562,99116600,59.93306316732927,62.77364576401778,-20.68013692372559,58.07335343369819,117.77301498413085,119.77237739567089,115.84148178100585,113.36349682030936,3.763269347700131,133.46045690739726,2.939830124437947,3.330001802077437,3.2252704856627754,125.9744644165039
2021-01-04,129.97535392263828,130.0629610638514,123.394814362578,125.9744644165039,143301900,45.97305896828965,54.95763899220845,-120.04569349756491,-7.199010165067674,118.02107559204102,120.01559649452709,116.03834678649902,113.61321895092708,3.370485155433826,133.5416678532612,6.668146701273386,3.8068796448197157,3.4711902153492473,127.53196716308594
2021-01-05,125.46825325569432,128.24259796257226,125.02045870880843,127.53196716308594,97664900,52.2965360857549,57.72290890099915,-91.97597918283019,-11.671840321000312,118.32205429077149,120.31035612858823,116.21546257019043,113.88883772740546,3.1485833987652256,133.65584666825796,3.222139253763828,3.723345303240303,3.4534008609502886,123.23906707763672
2021-01-06,124.32933639261915,127.57093452826126,123.02490637051052,123.23906707763672,155088000,37.99600281236023,48.825393028420955,-114.08508606382381,-76.1395541356191,118.55097412109374,120.42520753835484,116.3302138519287,114.07399078384569,2.5963938857410085,133.57850449136436,4.54602815775074,3.8408714253132223,3.5314456678646065,127.4444351196289
2021-01-07,124.95239840006226,128.13559312333726,124.46567201409346,127.4444351196289,109578200,52.75961830785426,55.983156894085774,-43.758557367081345,-27.954241600488466,118.86380676269532,120.70047136507148,116.48801483154297,114.3387520578216,2.469649195003555,133.72500421307925,4.89652604570054,3.991679228225696,3.6289514091386015,128.54437255859375
2021-01-08,128.9142743130051,129.1089766459298,126.77268233415624,128.54437255859375,105158200,55.95951457204177,57.6515893319021,22.47928592780793,8.596193190553432,119.16851348876953,121.0080753334449,116.65973068237305,114.62005147367847,2.429947945881622,133.65798218812014,2.336294311773557,3.7551956687325334,3.536618759326813,125.55589294433594
2021-01-11,125.76032449463308,126.71430373737336,125.08863992699251,125.55589294433594,100384500,46.06822186418324,51.89599026953559,-64.40963262279764,-72.21396474237933,119.51840209960938,121.1864211221073,116.79228134155274,114.83660278992912,2.1327540299520535,133.4190781320878,3.4557326316012364,3.712415234856634,3.5308411787749856,125.3806610107422
2021-01-12,125.08862234580894,126.24703297603196,123.4921611450378,125.3806610107422,91951100,45.51783199789168,51.570879448182865,-85.32279757751122,-107.21107752006421,119.78471160888672,121.35090111774005,116.92167045593261,115.04539602202442,1.8616262888094326,132.95159948419555,2.754871830994162,3.575623320019138,3.4754147967906412,127.4151611328125
2021-01-13,125.34170314043132,127.96029200220607,125.07888173435369,127.4151611328125,88636800,53.10661026176522,55.08876547784651,36.165948294050615,-40.11608300655043,120.21726425170898,121.58871523597819,117.0464542388916,115.29034186580239,1.7902854610273948,132.19682952833082,2.881410267852388,3.476450026852459,3.4329859018664806,125.48773956298828
2021-01-14,127.32756381591491,127.52225130518217,125.34171280576037,125.48773956298828,90221800,46.02153643292197,51.28780809965146,-4.010707714982005,-56.43050942254724,120.61301803588867,121.74161815076289,117.0927342224121,115.4922705330734,1.560235109348639,132.16377598351116,2.1805384994218002,3.2913198086480793,3.343525373120432,123.76473999023438
2021-01-15,125.36120136366826,126.7629752239917,123.62845724568656,123.76473999023438,111598500,40.40025704386826,48.09327460223368,-111.07032576415028,-88.55431382570929,120.94185409545898,121.82095626211472,117.10732917785644,115.65608180945281,1.2247685133766595,132.20851914321565,3.1345179783051407,3.2689195471705164,3.328596273490768,124.4364013671875
2021-01-19,124.38772578454656,125.29304408982054,123.57002946950722,124.4364013671875,90757300,43.53680205916955,49.415960444612985,-95.94978287028636,-95.4106395594931,121.19646957397461,121.92352273682347,117.13867393493652,115.82994952346736,1.0015609082737598,132.2386700412428,1.7230146203133216,3.0480759861909172,3.213911869692379,128.52490234375
2021-01-20,125.24437293876636,128.97269692470792,125.13729259464834,128.52490234375,104319500,58.898142324749145,56.656279067957804,130.85902651552476,41.54419940344118,121.45355804443359,122.18240036846765,117.19440795898437,116.08133472782939,1.141417581514105,132.238735783008,4.536295557520418,3.2606787820951317,3.308367847394382,133.2364044189453
2021-01-21,130.24791374177147,135.9620736838479,130.04348223408022,133.2364044189453,120150900,69.90568114857332,63.19420936062343,209.16653167574026,265.1315052610642,121.8075050354004,122.61589072338835,117.31195518493652,116.42103907814851,1.613830609777665,133.15105685644508,7.437171340097905,3.857320576095528,3.6032823825874907,135.37799072265625
2021-01-22,132.66205104466366,136.13728217261755,131.43550674558008,135.37799072265625,114459400,73.64818526707317,65.72497946370044,129.65659687978737,232.2753820656489,122.25042541503906,123.11636523316356,117.45288604736328,116.79642425922786,2.136402338658783,134.4450365280311,4.701775427037461,3.977956983372947,3.6817461714767745,139.1257781982422
2021-01-25,139.27180493160114,141.23816756160053,132.91514878597044,139.1257781982422,157611700,78.98412984289158,69.65702678515395,117.19306595755005,213.81238992752108,122.7751156616211,123.74418534944115,117.5901643371582,117.2385896837628,2.8204469694396153,136.63032992368977,8.32301877563009,4.598680096552539,4.013265643202011,139.3594512939453
2021-01-26,139.78777273313094,140.46918645287846,137.6169631530498,139.3594512939453,98390600,79.28918510080746,69.88897179735105,98.11554058033306,166.4109309188704,123.23594863891601,124.35654871981386,117.6798306274414,117.67662654733077,3.342878115498479,138.436562220016,2.8522232998286654,4.349186268449129,3.9303340472467725,138.28863525390625
2021-01-27,139.6222601892596,140.46917381461645,136.6824448551771,138.28863525390625,140843800,73.57914911802807,67.3483235965086,74.14114121817083,120.13942756649276,123.68081634521485,124.90290505448415,117.78580345153809,118.08478513557979,3.628673567302201,139.38994874449133,3.7867289594393583,4.268835224304876,3.9200765409748146,133.45059204101562
2021-01-28,135.8160892048896,138.22051793091006,133.07094618183902,133.45059204101562,142621100,53.33367115437673,57.22622549011771,-2.7447170821087368,59.5203158468202,124.02794952392578,125.23810846572069,117.94562683105468,118.38905853964783,3.42529420837306,139.621372228209,5.21768907206723,4.404385773985212,4.012763150338559,128.45680236816406
2021-01-29,132.22405890530754,133.10990427231604,126.7532604410124,128.45680236816406,177523800,40.05998950345657,49.03425271147693,-144.50797313183605,-14.940879851228402,124.25495910644531,125.36433175601259,118.05473503112793,118.58841980357886,2.828551725812247,139.54312550190133,6.697331600003224,4.731949463416357,4.2045180396003206,130.57887268066406
2021-02-01,130.19922693086417,131.78595871131816,127.4540846986948,130.57887268066406,106239800,46.64344646177219,52.16774385101897,-105.51210118846106,-12.8550767735826,124.54212753295899,125.56882355697932,118.26416625976563,118.82585451401619,2.4980661963037676,139.62351287368153,4.331874012623359,4.674795827588786,4.213614894816252,131.4062957763672
2021-02-02,132.1266407771297,132.6912447408377,131.03637924925178,131.4062957763672,83305400,49.18246259508936,53.371542026312596,-52.34332154413105,6.109608191018866,124.87232208251953,125.79774403617101,118.43814201354981,119.07497216277561,2.2766760574993157,139.78613124653077,2.112372060173641,4.308735289386623,4.063526120913208,130.3842010498047
2021-02-03,132.15587647941985,132.16562050861145,130.0629600142458,130.3842010498047,89880900,46.02606410364569,51.642566584916935,-50.96047655184042,-12.166223045798752,125.17019866943359,125.9776050955292,118.63911567687988,119.29891728925142,1.9957425966874496,139.87453316524883,2.102660494365665,3.9935817472407718,3.9234642904455264,133.7425994873047
2021-02-04,132.68154013575978,133.75232866214105,131.01693030921246,133.7425994873047,84183100,56.682910114411285,56.615775130533585,6.591163964247787,13.526603171520533,125.56055267333984,126.28211467952039,118.88815284729004,119.58493079812376,2.0208009560606115,140.0223731683441,3.368127612336366,3.9042311565401424,3.8837973848663006,133.32827758789062
2021-02-05,133.90348403057772,133.97171978594034,132.45086722756864,133.32827758789062,75693800,55.116593941036385,55.85262952747736,59.9147637453252,11.661320548094789,126.01056762695312,126.55843479357414,119.10039505004883,119.85707627910924,1.9843531834674195,140.28453101118163,1.5208525583717005,3.5637484996589364,3.7150156115452577,133.47451782226562
2021-02-08,132.61659492201852,133.52326614630692,131.53444758226135,133.47451782226562,71297200,55.62157484448244,56.077674308363484,68.01596798204606,-11.614977894398516,126.43780807495118,126.82965373587577,119.31235038757325,120.12672858689452,1.9448494124289653,140.5407876598694,1.9888185640455731,3.338758508857027,3.5917158224381374,132.5971221923828
2021-02-09,133.19181617617053,134.42020876203873,132.44114834692132,132.5971221923828,76774200,51.56101436777915,54.28956628268318,66.55475798643984,-15.711301288718394,126.8307569885254,127.05582896946427,119.5486695098877,120.3736670741319,1.8217439642181148,140.57047008177682,1.9790604151174023,3.144515924037081,3.4765261504866563,131.99261474609375
2021-02-10,133.05525945656302,133.55247138369472,131.0274517780399,131.99261474609375,73046600,48.703080898130224,53.03482053276883,-20.689121104131477,-40.88539790729852,127.20071304321289,127.24942841168505,119.79633834838867,120.60374524585391,1.656310395525935,140.47794069545762,2.525019605654819,3.0560164499824722,3.4085613972843825,131.7391815185547
2021-02-11,132.4898491628531,132.9675589258699,130.4133074654321,131.7391815185547,64280000,47.41756169354738,52.487125586181065,-66.6353615882153,-49.14452976340585,127.51770675659179,127.42549716097405,120.07548522949219,120.82424893442224,1.4876049728947578,140.46879308767222,2.554251460437797,2.9843357371903756,3.347539258938198,131.97314453125
2021-02-12,130.9787501870301,132.1291332081116,130.33530805190028,131.97314453125,60145100,48.87107572867713,52.96998541674397,-112.45089863560233,-50.764112217117756,127.76792831420899,127.60383627353389,120.3254859161377,121.04501914426042,1.357139312610741,140.26440477908116,1.7938251562113123,2.8142627970505094,3.236559680171992,129.8478546142578
2021-02-16,132.0901434978276,132.5970843838598,129.4578829220419,129.8478546142578,80576300,37.79806259576747,48.180019690095655,-132.62209541076288,-73.50880928130923,127.96863494873047,127.69183699277797,120.53742210388184,121.21933271792375,1.0699178553334434,139.66500677275687,3.1392014618178905,2.860682606302992,3.2296055217181276,127.55681610107422
2021-02-17,127.95653150303276,128.90219239259375,126.22119839919688,127.55681610107422,97918500,29.415885375846457,43.60266584028739,-195.67714878140774,-194.1673817414363,128.1262467956543,127.6865420558484,120.77202407836914,121.34482743838217,0.6499330959553049,139.2103668017013,3.626656215060933,2.9701074075541265,3.2579662855283282,126.4552001953125
2021-02-18,125.95798807847142,126.73791669485072,124.21291100168492,126.4552001953125,96856700,26.161329666689184,41.55816915266428,-144.53594396931595,-209.17241865164735,128.27526000976562,127.63825413974897,120.98492042541504,121.4460229385194,0.22560037067285066,139.42936275542687,3.3439050993893034,3.0235070778162947,3.2641047722326837,126.61116027832033
2021-02-19,126.9718859638425,127.43009341839544,125.56801758188448,126.61116027832033,87668800,27.486461038345155,41.973000366403774,-80.47238429294346,-148.07102892902174,128.39818862915038,127.59797594910471,121.15992210388184,121.54830288584219,-0.09698372793440058,139.57356755462166,1.862075836510968,2.857588329058391,3.163959848252561,122.83829498291016
2021-02-22,124.79785290469384,126.46495059628728,122.4483306541044,122.83829498291016,103916400,18.245241097863,35.42256525810265,-110.44797611723122,-171.07857993276397,128.43339462280272,127.41132179356767,121.2711516571045,121.57384728380393,-0.6495846409735293,139.8739563854497,4.162829624215931,3.044051371223754,3.2353076893928017,122.7017822265625
2021-02-23,120.6544792375418,123.5304515985531,115.41922654111876,122.7017822265625,158273000,17.989918994675747,35.208456839582624,-145.6756389887665,-180.08849741990508,128.5164894104004,127.2266339674106,121.38947036743164,121.59618262920509,-1.0860213067843745,139.1860453225487,8.11122505743434,3.7679333263966948,3.5835875013957685,122.20458984375
2021-02-24,121.804881845143,122.40931941932187,119.16288479188184,122.20458984375,111039900,16.98024585893856,34.39307569504699,-93.23180914009616,-129.07944744431657,128.5612158203125,127.0296910606004,121.4861028289795,121.60823029681984,-1.4552446247034538,138.1740819704961,3.5388974346806634,3.735213913294405,3.580395353773261,117.9540023803711
2021-02-25,121.55141178976116,123.28674515580228,117.51529718125305,117.9540023803711,148199500,10.88625879510677,28.348647861101526,-99.58862649672247,-129.09039345235882,128.5370899963379,126.6737817005914,121.53070587158203,121.53586934797927,-2.0670163708673783,137.80293480403728,5.771447974549233,4.026104493473666,3.7368991124001165,118.21723175048828
2021-02-26,119.51385248275434,121.71714451300848,118.15873226929354,118.21723175048828,164560400,13.138510899569468,29.178724131291375,-79.81990531033145,-112.41795511274745,128.53049377441405,126.34215229078345,121.61457725524902,121.47015375198934,-2.5017706225720246,137.94319525086462,3.763142132637384,3.9885384419256256,3.7387736138456353,124.58336639404295
2021-03-01,120.64474122239032,124.71985277897572,119.70883139515853,124.58336639404295,116307900,49.29622099520521,45.594533648423344,30.82868246134555,-49.83601869894823,128.53246002197267,126.27318029483284,121.72829223632813,121.53180152707951,-2.306040043395271,137.87486850156242,6.5026210284874395,4.347693097148742,3.93619128632005,121.9803695678711
2021-03-02,125.18781457062964,125.4900333680428,121.87312920015346,121.9803695678711,102260900,41.129123957268156,41.371872455571385,67.82523697641605,-40.0392138191759,128.48372863769532,126.10483477612846,121.84843482971192,121.54068406254072,-2.334056686374254,137.70554796129102,3.616904167889345,4.243294678683114,3.9133850635749994,118.99713897705078
2021-03-03,121.67813306792648,122.55555080343936,118.78265825970878,118.99713897705078,112966300,33.670430876699655,37.12790739569859,-47.2158289227966,-80.7779211622116,128.35800476074218,125.82610160753718,121.92008666992187,121.49031683312508,-2.5673866197551547,137.5797331312442,3.7728925437305776,4.176094373689894,3.9033498835861122,117.11557006835938
2021-03-04,118.69492201638305,120.49849839926787,115.64346591859298,117.11557006835938,178155000,29.706348723795955,34.70948175000851,-118.99589434591735,-113.07433584985078,128.234366607666,125.48451213541257,121.9739917755127,121.40368818431784,-2.8710336700231807,137.61243417788006,4.855032480674893,4.273085531830608,3.9713272119495966,118.37321472167967
2021-03-05,117.94426066844194,118.88017056362068,114.61982398763308,118.37321472167967,153766600,35.617180188084234,37.63366763407366,-104.25294415618474,-111.08825747401218,128.10531478881836,125.20563772703089,122.02103790283203,121.34367880882004,-2.9758905186005222,136.80407538235735,4.260346575987597,4.271265680995892,3.991971452238025,113.44017791748048
2021-03-08,117.89550256292888,117.96374575469044,113.29394038143424,113.44017791748048,154376600,25.720079690039086,31.64649747279239,-127.86522898068625,-145.98901273873867,127.80654052734376,124.74424714626421,121.94655067443847,121.18717384067472,-3.4176486433923827,136.37590495884436,5.0792743402454335,4.386695489460112,4.069635944238554,118.0514907836914
2021-03-09,116.04318464645964,118.99715180961525,115.809209037741,118.0514907836914,129525800,42.99507226308191,41.082429490794624,-39.207621861454115,-77.42799982578842,127.6179035949707,124.48178611243785,121.95024520874023,121.12508110687307,-3.35695385561543,135.17612823018604,5.556973892134764,4.553878118413634,4.175874369088283,116.96935272216795
2021-03-10,118.63644290778188,119.10439413289248,116.4526457307637,116.96935272216795,111943300,40.42134750327153,39.6974929404807,-29.100535274951184,-72.02683690287537,127.3879605102539,124.18718088144688,121.94224372863769,121.0427894556908,-3.3574694785827717,134.0012078118511,2.6517484021287743,4.282145301801511,4.067008228591175,118.89966583251952
2021-03-11,119.46511372045272,120.11829967481488,118.2172338560144,118.89966583251952,103026500,47.02124300553311,43.365138607337144,83.9466769354533,-18.846534542073687,127.10473007202148,123.9798273501164,121.95820991516113,121.00035136414284,-3.1656266048273523,132.66158218109337,3.1489469526469236,4.120259823350856,4.001432423166586,117.99300384521484
2021-03-12,117.37881505652804,118.1294902427008,116.16993234824494,117.99300384521484,88105100,44.330259162038026,42.07083701087026,5.699926866081031,-64.38140016486724,126.83880035400391,123.7450499577673,121.98153251647949,120.94079992812446,-3.051573154521023,131.1763024855893,2.7297334842745755,3.9216132034828157,3.9105967846742993,120.87871551513672
2021-03-15,118.36346113570012,120.88846666765528,117.39829786101336,120.87871551513672,92403800,54.087040835620776,47.447135273655064,138.1119221342945,22.68623534483092,126.6529734802246,123.6326446855073,122.06325401306152,120.93957053380788,-2.697240054207228,129.3598079496681,3.4901688066419183,3.859978289648402,3.8805662148148437,122.4190673828125
2021-03-16,122.54580261068884,124.02766536377308,121.5903979495752,122.4190673828125,115227900,58.60506346533689,50.10884880757993,159.77552892817656,123.95943162511485,126.51800704956055,123.58505341873496,122.1455110168457,120.9688675011149,-2.2660138003666503,127.98800192221094,3.148949848636363,3.7584027980752532,3.8283079029449523,121.62937927246094
2021-03-17,120.93719630957408,122.70177530738492,119.27009907008946,121.62937927246094,111932600,55.34749511230165,48.745766243476915,77.77730244474384,62.83773560751147,126.43110534667969,123.50836031495952,122.22609046936036,120.98194694213166,-1.9653300171251118,127.0025003184156,3.431676237295463,3.711727575106712,3.7999770696842745,117.50553894042967
2021-03-18,119.79656889154106,120.08904396527872,117.30080936399337,117.50553894042967,121229700,41.3457467339786,42.27801573133973,-48.76828429564701,-31.67204124279625,126.23057678222656,123.27295555517404,122.27631553649903,120.91310717972172,-2.036321951133502,126.0496239805043,4.328569908467571,3.799847908443977,3.8377337010259387,116.97908020019533
2021-03-19,116.89134214689705,118.3829485565644,116.6768614326796,116.97908020019533,185549500,39.84446704712486,41.52061226517289,-88.13010505475263,-55.477000760021305,126.10537704467774,123.02613691380233,122.32817558288575,120.83520565537465,-2.1107331727128127,124.8733410190728,1.7060871238847994,3.500739224935523,3.685473231230143,120.29377746582033
2021-03-22,117.31056434336112,120.76173611147584,117.24232114898952,120.29377746582033,111912300,52.510823979481195,47.85480405735508,-0.513655803702905,36.62157231044022,125.96236389160157,122.91898556290107,122.41308532714844,120.82448430508644,-1.8805583288551588,124.53969642229885,3.7826559112805143,3.5410130372705217,3.692414851233741,119.46510314941406
2021-03-23,120.23528056214856,121.1224420531035,119.07513886679595,119.46510314941406,95467100,49.47254800002521,46.49881868726577,4.9199873727787375,57.98284816040455,125.78077850341796,122.78353919374472,122.47464599609376,120.79756586636026,-1.7448961222542891,124.14716998100484,2.047303186307545,3.327625915704382,3.5749068751675845,117.07656860351562
2021-03-24,119.73806777124454,119.81606211005295,117.05707373778829,117.07656860351562,88530500,41.414571490062094,42.7396425209597,-71.16454749183644,-27.576328483790284,125.61119201660156,122.55973642550045,122.56479705810547,120.72388275224452,-1.809261580889327,123.77094409554,2.7589883722646675,3.2463919809272803,3.5166269821030904,117.56405639648438
2021-03-25,116.54040829299753,118.60721424729508,116.013957509225,117.56405639648438,98844700,43.601857265497024,43.739348789179196,-78.63895655946597,-54.509998448285096,125.45485992431641,122.36382740475472,122.61978576660157,120.66131193331857,-1.800184078319404,123.77033955652576,2.5932567380700817,3.153086946233395,3.450671964672161,118.16847229003906
2021-03-26,117.33005170542276,118.43170133574064,115.93593444848634,118.16847229003906,94071200,46.49158499210584,45.02100622471386,-62.227698601227125,-64.62836107512433,125.26992614746094,122.19930367476587,122.74359519958496,120.6119487720655,-1.7243416437338368,123.76936457008226,2.4957668872543053,3.0591840806649535,3.3824644591423145,118.3439483642578
2021-03-29,118.59742624167248,119.50408995901203,117.70051367598909,118.3439483642578,80819200,47.40437435757045,45.40982605110516,17.416610128521285,-17.921988363336396,125.12705032348633,122.04811327043222,122.8700341796875,120.567037872901,-1.6312722244629327,122.70410298818629,1.8035762830229487,2.879811538144667,3.2696867322766456,116.89137268066406
2021-03-30,117.0961022964547,117.37882627196127,115.87746831821164,116.89137268066406,85671900,40.69930694859308,42.71671066338659,-108.04884999170216,-105.69899728532533,124.98958297729492,121.84588814926484,122.96571853637695,120.49425242354977,-1.655639574728653,122.20486249632732,2.466480046046158,2.8207641821305947,3.212314826117325,119.08489227294922
2021-03-31,118.59743876993916,120.42051011090868,118.10998526692909,119.08489227294922,118323800,52.52876388353847,47.75557333284274,77.94181734590344,19.940005622168798,124.88255279541016,121.73761380117404,123.03951118469239,120.4663443017557,-1.4808814962106425,122.21237477145625,3.5291374302446172,2.9219603604325974,3.234945012126417,119.9135513305664
2021-04-01,120.55699346889742,121.06394179532072,119.41634671803332,119.9135513305664,75089100,56.36512863546725,49.560639767827084,139.02017201036773,57.01200166050027,124.71032577514649,121.66608193958159,123.08194190979003,120.4553979062866,-1.2609827748699587,122.36495212402744,1.979049522371497,2.7872588121381545,3.145238191429637,122.74079132080078
2021-04-05,120.76173132452315,122.99426922039768,119.98180275866348,122.74079132080078,88651200,66.98527715558308,55.24249969606711,148.29176057638443,124.04936843509054,124.50041351318359,121.70822740551175,123.15395927429199,120.5006532214255,-0.8487924637738473,123.00130524114446,3.080717889831277,2.829181537522886,3.1406295984583257,123.04300689697266
2021-04-06,123.32573080877204,123.93991951774667,122.49706137788412,123.04300689697266,80171300,67.95784425933164,55.815467306456576,129.6672213188928,175.0539661822435,124.25371383666992,121.76057169929454,123.25206962585449,120.55099685856504,-0.49207012320593435,123.148626543217,1.442858139862551,2.631135337857124,3.0193602085586275,124.69062042236328
2021-04-07,122.67256300920909,124.71011529179697,121.99987472550735,124.69062042236328,83466700,73.01414989659786,58.90423010294761,104.44141792502478,171.26328444841116,123.96501068115235,121.87547557078744,123.37006317138672,120.63296960240264,-0.07554561363346579,124.10609041081045,2.710240566289613,2.642436084776051,2.9972802341108404,127.08885955810548
2021-04-08,125.7142373077892,127.1181055739932,125.29503449613289,127.08885955810548,88844600,78.71737704268631,62.9628103516914,128.50763704112316,194.56163832399858,123.71959884643555,122.07992200166267,123.47777374267578,120.76080900746607,0.4429646951635391,125.51667313747227,2.4274851516299236,2.6117288086123187,2.9565805853622034,129.66259765625
2021-04-09,126.54289903368492,129.70158738082736,126.22117802130995,129.66259765625,106686700,83.17057903099739,66.75711558625977,136.99876541367271,180.46008862981287,123.54707809448242,122.37728183125432,123.61394721984863,120.93708205001623,1.0494693757520395,127.441407100588,3.4804093595174095,2.7358260301701884,2.9939969263732893,127.9468231201172
2021-04-12,129.1947031151938,129.51642426834832,127.35212914778356,127.9468231201172,91420000,71.52991837341543,62.18359521833498,90.23075983788576,134.8402277939546,123.43700271606446,122.5956952151313,123.73247611999511,121.07588880387962,1.3758204374247214,128.53604124458846,2.3104685084664425,2.6750606699267965,2.9451734679513715,131.05673217773438
2021-04-13,129.11667689697725,131.28097148351077,128.61946483937675,131.05673217773438,91266500,78.03177204471639,66.64422558333413,106.13861788046947,137.5802257728993,123.48900131225587,122.92750058621377,123.87198020935058,121.27352926672822,1.8639136392012716,130.21873213560193,3.3341483633935667,2.7692160547077633,2.9729573890543857,128.7169647216797
2021-04-14,131.55394754511985,131.61243958256816,128.35625390681537,128.7169647216797,87222800,65.00174565454353,60.83059107452795,69.7140095118211,104.76720657868063,123.45176315307617,123.15453839544772,123.99694534301757,121.4209240282124,2.0384335456463276,131.07531268416855,3.256185675752789,2.8387831434284814,2.9931879809614146,131.12498474121094
2021-04-15,130.46205515581354,131.61243821608534,130.286564169391,131.12498474121094,89347100,70.8468638033212,64.283797616893,101.19560900068156,107.95764695631492,123.44613693237305,123.46710491881099,124.15922950744628,121.61308364629157,2.344028419255096,132.39000477383115,2.8954734944056497,2.8468817649966485,2.9862083747788604,130.79351806640625
2021-04-16,130.93000444237106,131.29071524829968,129.9355952026849,130.79351806640625,84922400,68.99631984514397,63.45451506433968,73.00094640759784,88.04600252125684,123.45432327270508,123.75441523832453,124.31226097106934,121.79487442688789,2.5303002416791855,133.43165643226095,1.3551200456147683,2.633772947942094,2.869702065552854,131.45645141601562
2021-04-19,130.15982336917756,132.07064756343885,129.99409097045535,131.45645141601562,94264200,70.77736501750788,64.44249242605082,84.1299521553655,84.49202516713004,123.4086003112793,124.05645587274378,124.48457649230957,121.98619278310824,2.7002879453514765,134.382349304508,2.0765565929835077,2.5541706115194387,2.8130488175121866,129.76988220214844
2021-04-20,131.6319582978669,132.12915555406386,128.502500021129,129.76988220214844,94812300,60.467260442871535,59.99850636590606,-2.705300250019313,61.50741645355076,123.33743240356445,124.28051180723024,124.67400001525878,122.1403252468516,2.6681555485998985,135.03983592433937,3.6266555329348478,2.7073827431502115,2.8711635828995195,130.1500701904297
2021-04-21,129.0386769276597,130.39379691363274,128.00527800142257,130.1500701904297,68847100,61.92587202607587,60.65714192086624,-104.99228275933382,43.46868616064517,123.27094345092773,124.51069056735571,124.85437576293945,122.29893405761553,2.6429026493713934,135.63529392835105,2.3885189122101735,2.6618307673016344,2.836688963564566,128.62924194335938
2021-04-22,129.70163080104982,130.7837782500738,128.11254238332913,128.62924194335938,84566500,52.82914974430222,56.63964158249063,-100.69221172020742,28.657119088653197,123.19158584594726,124.67220238602253,125.01117141723633,122.4242866890164,2.4716794334075587,135.7348009660653,2.6712358667446665,2.663174352936353,2.8248708852202875,130.94952392578125
2021-04-23,128.8437210981472,131.72943767595572,128.8437210981472,130.94952392578125,78657500,62.60641318561458,60.895136126473254,21.539791663330373,61.50203264981747,123.17072402954102,124.91837185816993,125.18571853637695,122.59310326796223,2.494456622536134,136.0317101132209,3.1001957325963474,2.7256059786020663,2.8445369457471488,131.3394775390625
2021-04-26,131.44671790843336,131.67094236224486,130.20858180313348,131.3394775390625,66905100,64.0667695448526,61.57762912264964,81.89494376463604,80.66806668266119,123.16272994995117,125.1701799240873,125.34021835327148,122.76629879808303,2.5149825532828345,136.26416637211938,1.4623605591113744,2.545142347246253,2.7458100609874507,131.01773071289062
2021-04-27,131.6221681983873,132.01213986314156,130.74475798551163,131.01773071289062,66015800,61.74555371726496,60.637271439536676,83.22826516651952,88.97639441327345,123.14362167358398,125.39949564129527,125.45577499389648,122.92969348946535,2.4767369396343923,136.26805317767685,1.26738187762993,2.3626051373010637,2.6402080478904852,130.22808837890625
2021-04-28,130.93976637575503,131.63195694182536,129.74063484322053,130.22808837890625,107760100,55.94212568186655,58.284790107129766,24.209647427131223,34.35355154708135,123.15122634887695,125.5888522192408,125.55993064880371,123.07421616054339,2.3555560938696516,135.6263043087102,1.8913220986048316,2.295278988915888,2.5867161943700814,130.1305694580078
2021-04-29,133.0455464580238,133.630496551131,129.12641653636294,130.1305694580078,151101000,55.19467702940643,57.98559821248286,56.923893242047804,64.23715565606526,123.20270141601563,125.76695877762383,125.66447410583496,123.21394592881,2.2259906045649984,135.0447248764425,4.50408001476805,2.610821992609054,2.7236707529699364,128.16128540039062
2021-04-30,128.4732479162047,130.2085812488916,127.78107225167612,128.16128540039062,109839500,41.98012618946248,52.16246343649837,-136.1474685009671,-165.25231572819092,123.2368231201172,125.86085393930097,125.75604156494141,123.31191304705912,1.9420178820854517,134.13706073247465,2.427508997215469,2.5846344218385418,2.702516341844617,129.2141571044922
2021-05-03,128.7267036427075,130.70577838338053,128.5219815192614,129.2141571044922,75135100,49.51885748550606,54.77730234208563,-81.39516079191891,-73.15833223942872,123.28888305664063,125.99235602421044,125.8435358428955,123.42878916700829,1.7813906385088814,133.61583796173596,2.544492982989908,2.578899930574451,2.691228959069281,124.64183807373048
2021-05-04,127.8980307888226,128.19050581616014,123.52069371953516,124.64183807373048,137564700,29.86106795930347,43.62514743613899,-185.45843750053427,-280.069679624942,123.32495391845703,125.93939453595632,125.87917427062989,123.45280993743843,1.2704989365176544,133.27506837659138,5.6934633849570275,3.023837566914819,2.9056742752041202,124.88558197021484
2021-05-05,125.9579706529646,127.17660429874772,124.75883931076572,124.88558197021484,84000900,31.551022580327185,44.276444143028336,-111.56173515900824,-193.74818961481475,123.36862991333008,125.89806855298608,125.94255966186523,123.48118166085975,0.875192997223948,133.23943482265346,2.5347662250172363,2.9539702323580213,2.8791808430479144,126.48442840576172
2021-05-06,124.68084466410176,126.49417211958026,123.93991332667144,126.48442840576172,78128300,42.20736533756714,48.48098611181362,-75.47688516063421,-144.9266477036736,123.45422668457032,125.9210630570165,126.0077212524414,123.54065189343206,0.683049962752861,133.28753462844776,2.5542587929088114,2.8968685981509914,2.8559721251808354,127.15826416015624
2021-05-07,127.78326383187957,128.18364330353234,126.44536250089044,127.15826416015624,78973300,46.316726348217884,50.18689360605993,-11.901604283384463,-65.245569900863,123.63831192016602,125.9695807473357,126.08770095825196,123.61228777990185,0.5784797826744636,133.26753821041612,1.7382808026418957,2.7313560559354064,2.7761370307137683,123.87699127197266
2021-05-10,126.37699713829772,126.50394017112625,123.8379278654038,123.87699127197266,88071200,32.990093406190965,42.761582032657365,-85.3025929358843,-126.36904083758449,123.7515071105957,125.88751841496851,126.14100044250489,123.61752943321018,0.22820525412346626,133.6560925966458,3.320336294752437,2.815496090052125,2.8150084067165304,122.95905303955078
2021-05-11,120.605532592438,123.31060887111242,119.89263831181256,122.95905303955078,126142800,30.158027169964882,40.93686816405997,-164.23936277003102,-159.94754495174487,123.71902084350586,125.77267663554038,126.12574043273926,123.60449029670207,-0.12205282814385043,133.8323777025025,3.984352960160095,2.9824756429246917,2.8985330176767854,119.8926239013672
2021-05-12,120.50786329646682,121.7187992057643,119.38481447185008,119.8926239013672,112172300,22.59757250336567,35.488865813116476,-147.59632252352188,-159.19094993960977,123.67726593017578,125.54208633223948,126.08049728393554,123.53098799184394,-0.6396960679731052,134.61376951767528,3.5742385677007036,3.067013203606979,2.9467976998213508,122.04106903076172
2021-05-13,121.66021008886268,123.19341357180042,121.34771025318692,122.04106903076172,105861300,35.76132436783597,41.375632934892174,-56.58270434145311,-99.51146870767539,123.73814453125,125.40479153610309,126.0480746459961,123.50148464607993,-0.8665810909306941,134.52362455038764,3.3007896704332182,3.100409841725013,2.972082840579341,124.4629364013672
2021-05-14,123.29106392253492,124.892626453878,122.90043727939631,124.4629364013672,81918000,47.5030528614784,47.22223997700444,11.403881265472993,-50.94305360474991,123.88509185791015,125.36785604062325,126.05972923278809,123.52052329469947,-0.8412670469781602,134.18900975184297,2.851557423116276,3.064859496209479,2.9634738821891218,123.31060791015624
2021-05-17,123.84772054552292,123.95514307259624,122.2363900900074,123.31060791015624,74244600,43.1272298118819,44.9264182502279,-9.44159450534317,-65.34656301866943,123.98383972167969,125.28717964335003,126.04457725524902,123.51636655441148,-0.9037706580295719,133.73020620877531,2.2265463113597974,2.9451004698023815,2.9108361985584557,121.9238739013672
2021-05-18,123.59379552967953,124.01371786549493,121.8555147978895,121.9238739013672,63342900,38.18830646574711,42.26349565491471,-8.706156914489647,-70.54048206270676,124.15351364135742,125.15528530052718,125.98002708435058,123.4848320464304,-1.053063998921644,133.54852520634873,2.1582030676054273,2.8326865552028164,2.8570766892046677,121.76761627197266
2021-05-19,120.27347640024112,121.9922215406134,119.98050458396392,121.76761627197266,92612000,37.621915290118885,41.961679586011535,-73.97888067435792,-96.34862684371282,124.22783615112304,125.02243553470151,125.92286987304688,123.45082777366885,-1.170495982889392,133.22594165334513,2.0117169566494795,2.7154051839809115,2.7966938511650112,124.32621002197266
2021-05-20,122.29496502221474,124.7266043537825,122.16800708745404,124.32621002197266,76857100,51.3935841229395,48.4528948350831,80.12360409170867,-12.928095341168822,124.37497329711914,124.99513257341803,125.88146690368653,123.46816207561545,-1.0450577682443054,132.95807837170508,2.9589880818098493,2.750202740813617,2.808286296211071,122.49028778076172
2021-05-21,124.8242725716539,125.00005419589024,122.27544274551911,122.49028778076172,79295400,43.376619366014125,44.598394960260144,31.37836963664509,-17.833545221050475,124.44678573608398,124.89690336586288,125.77575790405274,123.44879822819262,-1.081325809992265,132.29160889614383,2.7246114503711283,2.746546842178976,2.802309521508218,124.12114715576172
2021-05-24,123.05669713625907,124.94146389287052,122.98833802904868,124.12114715576172,63092900,51.25661184973437,48.516392778030685,81.01078933918474,20.744637141274413,124.56934860229492,124.86648155370206,125.70407447814941,123.46211206834249,-0.9673210970028521,131.39957791448867,2.451176112108797,2.7043510235975217,2.7772285636939738,123.92584228515624
2021-05-25,124.82427842870584,125.31256736390404,123.35943397486378,123.92584228515624,72009500,50.27901428206758,48.07789386592285,95.13928796947091,36.31033376198568,124.63029113769531,124.82959373924928,125.64163230895996,123.47129484491306,-0.8825574386463018,130.4501120791351,1.9531333890402607,2.59703421866077,2.7183646226472797,123.87699127197266
2021-05-26,123.98441377739124,124.40433608477755,123.45706896458633,123.87699127197266,56575900,50.00072670178612,47.96112835239464,53.69621574715411,31.07503002804289,124.65944961547852,124.79223677974824,125.58872833251954,123.47932843752811,-0.8099864772973149,129.56163163018806,0.9472671201912277,2.361353204593693,2.5918576581861332,122.34380340576172
2021-05-27,123.4766199875777,124.6484925303121,122.14849379883395,122.34380340576172,94625600,41.57499117287886,44.32279273708918,-28.004625494902154,0.3361607800618732,124.67373809814453,124.69621978468994,125.5524217224121,123.45684279333472,-0.8662038561399044,128.53456172399314,2.4999987314781436,2.381159708434329,2.5852963062784196,121.68950653076172
2021-05-28,122.62700604353964,122.85161879427052,121.63091513952054,121.68950653076172,71311100,38.35688000247551,42.82958115798192,-161.82739281923895,-55.90331267478221,124.75741744995118,124.57830946100648,125.49399711608886,123.42184603566,-0.9525721645648275,127.91118080545962,1.2207036547499825,2.215380272193708,2.487825402597817,121.36722564697266
2021-06-01,122.14847888043448,122.41214756264262,121.03519786563034,121.36722564697266,67637100,36.723384055623164,42.07762956939046,-131.17706854640224,-82.34319869214774,124.84518035888672,124.45238460555419,125.47527870178223,123.38116048340876,-1.0350931358032511,126.80692680669061,1.3769496970122788,2.095604475739218,2.4084771379131356,122.1289520263672
2021-06-02,121.36723416808287,122.30473364370846,121.14262887683677,122.1289520263672,59278900,43.373178380326436,44.55536382525068,-76.4926296672474,-83.04797756710434,124.88188385009765,124.36126960244883,125.4221238708496,123.35636427633862,-1.0271858877243574,126.67087378023294,1.1621047668716926,1.9622473744724285,2.3194505399816037,120.64456939697266
2021-06-03,121.75785039468764,121.92386428281044,120.2441750720593,120.64456939697266,76229200,35.0087661245276,40.885040050358214,-102.11378734693032,-131.8948471855261,124.90547317504883,124.21551665321448,125.3431258392334,123.30266536783633,-1.1276972177826394,126.55195722136598,1.8847769543078954,1.951180171591781,2.2884024267191956,122.93950653076172
2021-06-04,121.16216229807738,123.20318269390796,120.94731726161272,122.93950653076172,75169300,51.781377949083954,48.01507151713024,9.920729834348661,-25.874985645338626,125.02273193359375,124.16547704056929,125.31696197509766,123.29547410373584,-1.0105222523946225,125.9991713578825,2.558613296935306,2.0379563323551415,2.307703203163203,122.94928741455078
2021-06-07,123.21295615535308,123.3594421005031,121.90436526667152,122.94928741455078,71057600,51.84317359382218,48.0438337854451,80.4608449005366,4.096083956063659,125.13043655395508,124.11778332974502,125.29264823913574,123.28861892177179,-0.906422340037409,125.09587957267033,1.4550768338315834,1.9546878325660617,2.246801319639516,123.7695770263672
2021-06-08,123.63285881954378,125.44927381859075,123.25199989330952,123.7695770263672,74403800,57.208942826432484,50.516578052336115,176.84821848807186,93.98158006857965,125.24245864868163,124.10412818059297,125.25619239807129,123.29814284463507,-0.7490967719768946,125.08016680146125,2.499986404039973,2.032587628490906,2.2648859685252627,124.15042877197266
2021-06-09,124.22855558580544,124.75590040330228,123.55472485501788,124.15042877197266,56877900,59.64457438571398,51.66674678192712,109.95992954768668,83.14779773845726,125.35858825683594,124.10594389005884,125.24281929016114,123.31501979369125,-0.5869179480979767,125.2242729578265,1.2011755482843967,1.9138144741756904,2.188906652793772,123.15435791015624
2021-06-10,124.04302634697638,125.18561069515118,122.98834399182276,123.15435791015624,71186400,50.81860544758169,48.49212483553076,61.029765280541035,55.547542407559206,125.48384796142578,124.06862679280776,125.23671546936035,123.3118383702549,-0.5326248876186526,125.03525621482935,2.197266703328424,1.954307649768938,2.189503799260533,124.36528778076172
2021-06-11,123.56450647531338,124.45318231886102,123.14458411693292,124.36528778076172,53522400,59.35012209249826,52.32712740229007,56.23500405502004,63.82590817048456,125.58945587158203,124.08026055704126,125.2360043334961,123.33269875462138,-0.38741939599688635,125.20988467524187,1.3085982019281062,1.8620634429345333,2.1265819708796454,127.42196655273438
2021-06-14,124.8243122255626,127.48055796256506,124.09188980033424,127.42196655273438,96906500,73.09489759767565,60.35185638939986,192.4907642769959,182.32577936948564,125.73962417602539,124.21130785099001,125.22497497558594,123.413674354584,-0.025401750996309147,126.02485204951057,3.3886681622308146,2.0801498314054307,2.216730984547586,126.6016082763672
2021-06-15,126.89458011391096,127.53911517627388,126.35746756194185,126.6016082763672,62746300,66.09710019815685,57.55186374053212,131.1846952392802,172.1954037374336,125.81684051513672,124.30504512257343,125.15862701416016,123.47680175897575,0.1930780998323769,126.56163330786863,1.1816476143320358,1.9517923718235173,2.1427964581036183,127.09964752197266
2021-06-16,127.3144925386233,127.8223093871763,125.44926884121656,127.09964752197266,91815000,68.25000467384552,58.80152437965819,84.95684773260149,138.26611716630046,125.89797332763672,124.41463737353027,125.07584358215333,123.5485412790351,0.40178107833811794,127.14794651459809,2.3730405459597392,2.011970682414406,2.1592424643790555,128.7012176513672
2021-06-17,126.75786702289923,129.44341498990488,126.61137364763496,128.7012176513672,96721700,74.35879851774664,62.6132231103375,111.39349661842233,158.08435101357628,125.97818527221679,124.58273856089642,124.97159797668456,123.65057447452683,0.6884766863118159,128.03488908812733,2.8320413422699175,2.1291236338223363,2.2072995270855458,127.4023895263672
2021-06-18,127.64653022652404,128.42776854609338,127.1875445181359,127.4023895263672,108953300,62.907232154790734,57.932129552913764,71.29758871991478,109.97344444931663,125.98445587158203,124.69331310856194,124.85202735900879,123.72486784189002,0.801639643427265,128.46032435599966,1.5136731332312934,2.0412021337379014,2.157754784667385,129.19927978515625
2021-06-21,127.2461539075308,129.30670230447237,126.18170388050524,129.19927978515625,79663300,70.2918060473053,62.14832658749899,89.50395880748495,105.21381387719458,125.97518951416015,124.87001768411466,124.76113380432129,123.83327203878638,1.0245062584675253,129.26446521288963,3.124998423967128,2.1960301751992195,2.226843616045938,130.83987426757812
2021-06-22,129.03324210427792,130.93753650393603,128.5351855604838,130.83987426757812,74783600,75.489540955546,65.54381275222411,164.27476432040203,135.27303371062305,126.03305053710938,125.10412970699558,124.73502662658692,123.97201663737631,1.3183152032253957,130.34835434024615,2.402350943452234,2.225504570663936,2.2393798537178164,130.56646728515625
2021-06-23,130.63483384623305,131.17194646480604,130.10748149302736,130.56646728515625,60214200,73.00610923467141,64.5053153322526,131.55055693015564,133.074684803294,126.02324523925782,125.3183390237862,124.75612327575683,124.10259981852046,1.5116736177202768,131.21107586790583,1.0644649717786763,2.0596417708231844,2.155457362150735,130.28323364257812
2021-06-24,131.2988522960872,131.4844015936428,129.81447281680693,130.28323364257812,68711000,70.21437853994621,63.38489896962967,83.4540724270329,116.59492311701676,126.05457061767578,125.51304077354274,124.75316688537598,124.22498860711566,1.6233440665038046,131.90723983900128,1.6699287768358602,2.0039684859678526,2.120776748913958,129.99029541015625
2021-06-25,130.33209840454234,130.7520133222248,129.69732354370646,129.99029541015625,70783700,67.1174732443869,62.18190387217947,46.37540860155367,91.41345304504043,126.03187683105469,125.68861938674327,124.73900688171386,124.33915309826497,1.6689672193289908,132.4275258650298,1.0546897785183376,1.8683572420464931,2.0446276795999854,131.62112426757812
2021-06-28,130.28323808863115,132.08010994524813,130.22464670870133,131.62112426757812,62111300,74.43974930013785,66.04550548595302,95.122116366706,111.55009472335688,126.04842895507812,125.92126663697209,124.7513761138916,124.48335054716226,1.815786894991163,133.11330600597535,2.0898145350918753,1.8999939981958336,2.04785531213512,133.13485717773438
2021-06-29,131.64071673742083,133.29111085936526,131.20126629635885,133.13485717773438,64556100,79.40582163198955,69.19170257217532,158.68399766461678,129.50364449308253,126.0819970703125,126.2041525405314,124.74529869079589,124.65466751014388,2.0308774497248123,133.9370133342857,2.089844563006409,1.9271155074544872,2.050854544340212,133.75003051757812
2021-06-30,132.97853765971635,134.18948074107257,132.68556587699877,133.75003051757812,63261400,81.14289438309491,70.39237666099234,147.08794294897936,136.20367181155623,126.1616000366211,126.500069323945,124.74951622009277,124.83477370831089,2.225325444791693,134.77592577502907,1.5039148640738063,1.8666582726858185,2.011787424321183,134.0527801513672
2021-07-01,133.39848486144226,134.11137153536558,132.5781607819675,134.0527801513672,52485800,82.01394303433278,70.99155038830943,96.7826821130989,124.36644682947741,126.23965423583985,126.79625406227528,124.75529884338378,125.01730848936151,2.3764618738809133,135.29296951480825,1.5332107533980661,1.8190229127875683,1.9776033763981034,136.6797637939453
2021-07-02,134.66803150053377,136.71881975736173,134.52155301126126,136.6797637939453,78852600,87.74469880202614,75.60484528660844,144.80077732091812,171.89012831688325,126.40066467285156,127.18384267920352,124.79612525939942,125.24824819836317,2.677351368172083,136.48433163824419,2.6660396059945413,1.9400252975314216,2.026777392797849,138.6914825439453
2021-07-06,136.78718765891608,139.79498860999516,136.78718765891608,138.6914825439453,108181800,90.46030655248492,78.43339065644665,156.90404494555466,187.897107936883,126.55550384521484,127.63512267389928,124.86311393737793,125.51445085867172,3.043058862352666,137.91535419548583,3.115224816049846,2.1079109430340535,2.104523637315849,141.1817169189453
2021-07-07,140.17584334226723,141.49420932337944,139.31647805419703,141.1817169189453,104911600,92.77301123380646,81.32061073049506,133.81979972327397,185.16119252994164,126.7523486328125,128.16636166390109,124.95753929138183,125.82469375095437,3.4935542696183575,139.75895095878082,2.802726779434124,2.207170348234064,2.154395290324297,139.88287353515625
2021-07-08,138.2617755637112,140.68364735524526,137.37309975875638,139.88287353515625,105575500,80.84657384612326,75.63323476721297,74.00402094822068,125.94648783198954,126.92965148925781,128.62583271767582,125.0366365814209,126.10307354866133,3.703082489485894,140.9356580165913,3.8086171601889305,2.4359484642276166,2.272553995314628,141.7090301513672
2021-07-09,139.4043413205293,142.23636751298437,139.30667907892771,141.7090301513672,99890800,84.18211001486495,77.96648350525403,88.30698846908332,129.87797443824564,127.15927032470704,129.13889928370293,125.155248336792,126.41210239227927,3.9707187167210236,142.14116492415351,2.929688434056658,2.5064827456317653,2.3194921695104873,141.11334228515625
2021-07-12,142.78327143895456,142.89069395646402,140.62506082396192,141.11334228515625,76299700,78.94975173953057,75.42920518731157,84.39531938972985,112.72977460774933,127.37892578125,129.60848528375993,125.29081359863281,126.70321605352434,4.087635603811805,143.0327354346793,2.265633132502103,2.4720756580418137,2.3156450954384598,142.2266387939453
2021-07-13,140.65437172290618,144.00399065736747,140.26375247219565,142.2266387939453,100827100,81.4620859585028,76.93964337576031,89.83289175881471,104.12464679834449,127.66023284912109,130.10331483317898,125.44852798461915,127.01061056323566,4.221464389512107,144.1942681590858,3.740238185171819,2.6532417333461003,2.417401744705128,145.6543426513672
2021-07-14,144.62896358307862,146.0645121600824,144.2187940743634,145.6543426513672,127050800,87.02468123951036,80.84412121212148,177.87602645330847,129.47647684973683,127.9890365600586,130.71315906134322,125.63895980834961,127.37979337686203,4.551643211498856,145.82292503289193,3.8378733661370745,2.822474823744811,2.5188640033788383,145.00006103515625
2021-07-15,145.74225840567044,146.48444087501676,143.64263914576114,145.00006103515625,106820300,81.57369662057711,78.1249726939364,111.36515130900361,109.86807423857258,128.3962010192871,131.27342972698295,125.86057746887207,127.72870956811538,4.7062663395514335,147.00784896160002,2.8418017292556215,2.8252358102463555,2.5419309837986086,142.95901489257812
2021-07-16,144.98050686009336,146.25002646546287,142.4609732736023,142.95901489257812,93251400,66.43000675675907,70.19349446019795,46.39045601089408,83.61115839319346,128.75766967773438,131.731687968771,126.06314979553223,128.03029977256017,4.610958655403465,147.6931557814348,3.7890531918605745,2.9629240076198156,2.6310111415173205,139.11138916015625
2021-07-19,140.38092397459488,140.69343127095988,138.34967125172668,139.11138916015625,121434600,47.17069933208204,58.19848445812289,-119.30688125887878,-1.5255443625061007,129.01020889282228,132.021088015492,126.23221778869629,128.24972728518583,4.176807748651015,147.57184310101457,4.609343640851449,3.198126812367192,2.7723206057554726,142.7246551513672
2021-07-20,140.09771359109203,143.65240178359875,139.60943216409294,142.7246551513672,96350000,59.906010121664984,64.35813372001707,-30.006826561840068,42.102423406903114,129.3215367126465,132.44083574631065,126.47992431640625,128.53635952015972,4.07729982102245,147.92473260607312,4.541012623442498,3.389967642520807,2.8986557498759744,141.9922332763672
2021-07-21,142.11919121599766,142.7051348899588,141.24029060622254,141.9922332763672,74993500,56.67502773556949,62.352445140807085,-34.15534973618822,33.841913255847764,129.68384155273438,132.81540035533249,126.71767433166504,128.8028124658272,3.894445997996968,148.17185678681864,1.4843645451446434,3.117738628609927,2.797634949538022,143.35943603515625
2021-07-22,142.5195913490058,144.72661812834664,142.39263340422124,143.35943603515625,77338200,61.22899272999971,64.57198612390098,19.6690347490826,68.96599129520301,130.09184921264648,133.2288919506197,126.90543502807617,129.09106243749707,3.8158679123049524,148.4294130877634,2.7343848519794562,3.062973803377002,2.793117085426696,145.07821655273438
2021-07-23,144.09189315351634,145.234470230186,143.47665361178235,145.07821655273438,71447400,66.40774192301618,67.190741817017,73.13629186353249,97.54272632185109,130.59556106567382,133.69357134678108,127.1364134979248,129.4076397467097,3.8479289073980283,148.71654713435123,1.8750341950297411,2.8932681450416795,2.727539736112628,145.4980926513672
2021-07-26,144.79496626398165,146.31840180292855,144.23831833181586,145.4980926513672,72434100,67.6396506081231,67.8165852714657,101.49667365618858,105.66751660915098,131.06470153808593,134.1564937508825,127.40142303466797,129.7262625765049,3.862691268602333,148.74189737997213,2.0800834711126868,2.7770989059089666,2.6812928600412036,143.33013916015625
2021-07-27,145.62505300491213,145.71295498966768,142.13873124540055,143.33013916015625,104818600,55.40102345750383,61.31323662892909,34.10008089359823,37.03519626118411,131.44204559326172,134.5162445512462,127.66356872558593,129.99564627123067,3.657295788553512,148.42562096108733,3.5742237442671296,2.8909738828172755,2.7450736374859126,141.5821075439453
2021-07-28,141.41609361273288,143.52547338784896,139.19929130551824,141.5821075439453,118931200,47.34292535591172,56.600177207309855,-97.89533987271567,-63.8422480911427,131.8074755859375,134.79333721762654,127.8956576538086,130.2250811479181,3.315250701882462,147.96904597277026,4.3261820823307175,3.09600362560491,2.8580099549748277,142.2266387939453
2021-07-29,141.29890689763087,143.1153147256564,141.1914843685101,142.2266387939453,56699500,50.44359865372133,57.88563639932992,-60.19685550228088,-37.31556764985771,132.21353088378908,135.08483924022727,128.18352226257323,130.46273575477014,3.060901623130121,147.43706246364025,1.9238303571463007,2.9285503015393948,2.7912828408442185,142.4414825439453
2021-07-30,140.9961734481876,142.90046835495775,140.7324972607366,142.4414825439453,70440600,51.55300753331502,58.32870478803005,-69.5749941955857,-46.84091978877158,132.6270082092285,135.37333505605935,128.42742218017577,130.69993866148647,2.843881742362555,146.6591085263242,2.1679710942211443,2.819896129065359,2.746760573228285,142.1094512939453
2021-08-02,142.9297606339798,143.50592922511103,141.84577511280253,142.1094512939453,62880000,49.55285293332929,57.32495568378637,-33.78782923830344,-27.027826257981943,132.98267303466798,135.63749647715292,128.67882316589356,130.92586960470348,2.614956189141651,146.18380048095548,1.6601541123085042,2.654218698100094,2.6691458260197294,143.90631103515625
2021-08-03,142.3926355441965,144.57036666149511,141.77739614243097,143.90631103515625,64786600,59.47883505914378,61.214771953930814,30.100492629342263,25.31863815844252,133.41099349975585,135.96176371472168,128.92888961791994,131.18290804887084,2.549137730057879,146.09093150043736,2.7929705190641414,2.6740403868092435,2.677990446951473,143.5059356689453
2021-08-04,143.818442994135,144.3262450458141,142.851640220645,143.5059356689453,56368300,56.58459183117327,59.90452667757662,77.10638522707963,41.62652582143727,133.79868927001954,136.25761359527948,129.18401893615723,131.4269283977832,2.436581782986167,146.1569120029717,1.4746048251690809,2.5026924494320775,2.5920343311098732,143.61337280273438
2021-08-05,143.53524596349257,144.37509085887814,142.7442322052795,143.61337280273438,46397700,57.23604660933857,60.15100881206054,83.14039233057325,44.64622451478706,134.1924398803711,136.54607474066987,129.4113655090332,131.66824412857432,2.3292000940101616,146.0879817118099,1.6308586535986365,2.3781447643130145,2.5233789255733563,142.92874145507812
2021-08-06,143.1341335136214,143.87742801771682,142.42995348932268,142.92874145507812,54126800,51.49186497984229,57.71614611576243,20.2146780649361,1.0502251786081749,134.5734748840332,136.79637539613685,129.61646224975587,131.8912242736536,2.163911083814128,146.09642468330932,1.4474745283941388,2.2451918734674607,2.4465286114891263,142.8798065185547
2021-08-09,142.9873899692901,143.47640294108896,142.3223394909196,142.8798065185547,48908700,51.06451197777207,57.53686905711563,-16.337306357440394,-18.89301442528879,134.98419494628905,137.0349413225062,129.8289665222168,132.10881996167143,2.0058475500197517,146.05991309923957,1.1540634501693603,2.089316384424875,2.3542096713948575,142.40057373046875
2021-08-10,143.22211188591413,144.46420892889094,142.10716298252666,142.40057373046875,69023100,46.64171566670259,55.71176964293363,-31.731699595828132,-18.44728956538514,135.3984162902832,137.2453582796812,130.07791687011718,132.31261706600404,1.8209205413019731,146.05920594762395,2.3570459463642806,2.1275634647019332,2.354412262464102,142.65492248535156
2021-08-11,142.84074987762784,143.4960257343142,142.33217200247665,142.65492248535156,48493500,49.35766317559979,56.50043540168134,-86.85983111331365,-28.61208628672939,135.8241702270508,137.4574980524526,130.33467529296874,132.51741519311983,1.6755734061855208,145.67263646333424,1.1638537318375484,1.9898906457213068,2.269372367419348,145.61830139160156
2021-08-12,142.97763397957073,145.77478914489808,142.63531888467134,145.61830139160156,72282600,70.06722345028223,64.44466348110019,179.12977481083414,132.14604489570746,136.29395721435546,137.77752955594863,130.58792053222658,132.77683868219867,1.778997490496721,145.80788196630172,3.1394702602267444,2.154116304936369,2.3315222169055905,145.8236846923828
2021-08-13,145.69653653501413,146.15620995558572,145.01192130974562,145.8236846923828,59375000,71.02530130610218,64.92280263438256,155.14455634230345,209.2751953951135,136.79753952026368,138.09306505149507,130.85150634765625,133.03519206853895,1.856138133361327,146.20900180773512,1.1442886458401063,2.0098552107797603,2.2467198189723416,147.79931640625
2021-08-16,145.27600698805517,147.8677854043792,143.25150048909967,147.79931640625,103296000,78.68260122286739,69.21183101029023,117.41067832783482,195.7729431973863,137.29473571777345,138.47370235952468,131.15873382568358,133.32755096631539,2.0530236383260103,146.69886696335809,4.616284915279522,2.3822023114225837,2.415974468708569,146.88973999023438
2021-08-17,146.92885446726953,148.34698930481986,145.8139053280962,146.88973999023438,92229700,68.90194089376922,65.25570252317826,108.0902642282445,176.37321340005604,137.7735447692871,138.80374305092508,131.4519906616211,133.59610916480884,2.111323580387392,147.1949103962893,2.5330839767236455,2.4037568350370213,2.424339433566789,143.1438751220703
2021-08-18,146.50828669516952,147.40806875624398,142.9384831112802,143.1438751220703,86326000,43.13811572978619,52.05856262468153,-18.837834734173004,31.086131197023345,138.16103073120118,138.97394430861706,131.7017446899414,133.78517383722985,1.834124074509134,147.1675738937634,4.469585644963786,2.6988752364551303,2.5704284486665747,143.47637939453125
2021-08-19,141.84307812759047,144.7478158972454,141.32472565643218,143.47637939453125,86960300,45.257902770869435,52.96781883978673,-91.26807179377184,-47.81760112546998,138.54754974365235,139.15051039041765,131.95306900024414,133.97707889777047,1.6225678329545872,147.17043629953974,3.4230902408132238,2.802334522792001,2.6313328623913352,144.9336395263672
2021-08-20,144.20012020756056,145.23682512371573,143.5546196253734,144.9336395263672,60549600,54.02200877571325,56.83203440961532,-36.108301123412694,24.83841341928225,138.98313537597656,139.37729976829803,132.23349166870116,134.19404049437634,1.5545765108237788,147.1530680371002,1.7604457291844824,2.653493266562355,2.569126638590846,146.42027282714844
2021-08-23,145.05102753102452,146.8897211086949,144.6402584192349,146.42027282714844,60131800,61.380750819736924,60.405975050887015,41.98292390443522,92.08224530330511,139.4242350769043,139.65349479021373,132.50684547424316,134.43614410492626,1.602182815076219,147.31391942452473,2.2494626894600174,2.5957746126905925,2.5462934993672155,146.3322296142578
2021-08-24,146.16596700294957,147.5449870963477,145.87255624979176,146.3322296142578,48606400,60.70940180609198,60.08868593901191,64.65111563809715,106.29625051879154,139.80244033813477,139.9154059597841,132.77103225708007,134.671710154616,1.614199317777576,147.61340940338383,1.6724308465559545,2.463868360385644,2.4838747384521254,145.0999755859375
2021-08-25,146.51811066900615,147.01691360939662,144.5522832716624,145.0999755859375,58991300,51.51001304624133,55.68042908992191,13.257110794949364,44.8044931091152,140.17240768432617,140.1187224157117,132.99462409973145,134.87821046018672,1.5069190561787025,147.63228137843973,2.464630337734235,2.4639772142925858,2.4825001384008476,144.2979736328125
2021-08-26,145.09018736118287,145.84325676235127,144.2686340417797,144.2979736328125,48597200,46.194828514847245,52.95734978247697,-17.05452574178905,-1.264609699542479,140.51637420654296,140.28261462030386,133.20717376708984,135.0647404240011,1.341717338651904,147.61260585982484,1.5746227205715684,2.3369265723324406,2.4176517514130422,145.3346710205078
2021-08-27,144.2392717415958,145.48136895257556,143.60356080464544,145.3346710205078,55802400,53.44020726782608,55.955870210843564,-21.116305806246014,-9.893096779938926,140.8490432739258,140.4807344791354,133.4136142730713,135.26810538630815,1.2796950742102524,147.66871434438386,1.877808147930125,2.2713382259892527,2.3790914940214054,149.75534057617188
2021-08-30,145.7258781178275,150.11722035437248,145.344448563989,149.75534057617188,90956700,72.11847086127337,65.92881122183017,171.4701518784957,176.68674299994686,141.29610229492187,140.84444452215644,133.64027908325195,135.5549813306619,1.5691647167752194,148.61288378454617,4.782549333864665,2.6300826699714546,2.550767054010209,148.4936981201172
2021-08-31,149.30546153876566,149.4423845898935,147.9655556918431,148.4936981201172,86453100,63.62045970819025,61.63913348234745,117.74568005551644,160.4589615358832,141.6819906616211,141.14441525148823,133.82859008789063,135.81119354431448,1.6774311101334547,149.1337038396364,1.7897848843287818,2.5100401291653585,2.49641118474725,149.15875244140625
2021-09-01,149.47172795102404,151.57447805860386,148.99248979823196,149.15875244140625,80313700,66.07862904709279,63.005575493354264,113.32320628376489,175.45749279540814,142.04836822509765,141.4587029844262,134.0407093811035,136.0755016412866,1.7961919498174268,149.71707230496318,3.080779938486671,2.591574387639832,2.5381518100143516,150.2737274169922
2021-09-02,150.4888943859777,151.32022266828497,149.05119460389105,150.2737274169922,71115500,70.03843476537611,65.24101328428198,88.03578920617869,146.07220341448752,142.44251342773438,141.80439021707585,134.2328793334961,136.35665462694413,1.9577126405018248,150.46507715465594,2.269028064393922,2.545496341461845,2.5189286853271784,150.90940856933594
2021-09-03,150.38126619393228,151.2321589268622,149.72599059173956,150.90940856933594,57808700,72.19722124941403,66.4844717400201,83.28366149586786,126.77943195836006,142.85503692626952,142.16144976030174,134.45480377197265,136.64482797233802,2.112659682216446,151.19771613437283,1.506168335122652,2.3970209119848174,2.4465886603125697,153.2469024658203
2021-09-07,151.56469648456283,153.8043695479327,150.99743959102315,153.2469024658203,82278300,78.76196137989734,70.64326858517578,127.83655387412072,147.574674528618,143.3201690673828,142.5961733958123,134.67602294921875,136.973581922704,2.39644779288372,152.37133036010496,2.894960978596771,2.4681552072150965,2.478615254475727,151.7016143798828
2021-09-08,153.53051823549217,153.58919740809037,150.59644021764143,151.7016143798828,74420200,66.62825373752835,64.90909488932073,89.17784654036957,107.47472457254771,143.7217788696289,142.95324951283467,134.88510391235351,137.26522612977683,2.4682081144099755,152.90543429443838,2.992757190448941,2.5430983476770743,2.515339678473814,150.6844940185547
2021-09-09,152.07328934160887,152.67966077073964,150.56712073419473,150.6844940185547,57305700,59.57991794338602,61.377608036776934,34.86163987346838,80.90001241403033,144.07277160644531,143.25643557188252,135.07738433837892,137.53095420678233,2.415165054139038,153.13965223998048,2.112540036544914,2.4815900175153374,2.4865682754788923,145.69651794433594
2021-09-10,151.59401286380336,152.06346111215902,145.43244677560867,145.69651794433594,140893200,37.11591556642638,47.67803369703651,-166.9702332888189,-23.24979907154866,144.31170135498047,143.35212507668462,135.2366506958008,137.69264853821903,1.9481826271612874,153.13855538078428,6.631014336550351,3.074364920234625,2.7826001369839966,146.2637939453125
2021-09-13,147.32006383534568,148.09269782306362,145.48137014638132,146.2637939453125,102404300,40.11193322300803,49.07030203599683,-138.47698786431508,-58.928068203445385,144.5559216308594,143.466308169572,135.3977879333496,137.86237418984464,1.6053644792975206,153.13812814114314,2.6113276766822935,3.008216742584292,2.770366389819589,144.86520385742188
2021-09-14,147.04621254489263,147.7503924466826,143.6818007748944,144.86520385742188,109296300,35.27751286536744,45.83220150713093,-109.01331808231087,-88.84381319423694,144.7196304321289,143.52116682399748,135.56014755249024,138.00104408425213,1.206911570349746,153.103666677447,4.068591671788198,3.159698875327707,2.863096767103061,145.75521850585938
2021-09-15,145.29554507646444,146.1562127610325,143.15366567640987,145.75521850585938,83281300,40.59321193431369,48.17586394324478,-86.03850695746017,-98.07528080128685,144.86090515136718,143.6087766938744,135.70820449829102,138.15459209260078,0.9519777068574911,153.08615979739477,3.00254708462262,3.1372486195126945,2.873057504068744,145.52047729492188
2021-09-16,145.1781771600229,145.69652972947753,143.98498428450677,145.52047729492188,68034100,39.5926168348535,47.590999034309455,-71.55026993577849,-98.10347427174862,144.9476803588867,143.6837453448959,135.85001449584962,138.30045120551802,0.7226686550225736,152.9517512553764,1.7702342213526094,2.941960848346968,2.7942844124461628,142.85047912597656
2021-09-17,145.54984051172312,145.54984051172312,142.55706833315722,142.85047912597656,129868800,29.834057784042116,41.430047517657485,-99.66246607550401,-131.6977126621589,145.00703247070314,143.65106823827162,135.96834197998047,138.3905507682994,0.321783718825543,153.01525603625862,2.9927721785659003,2.9492196098068155,2.808462110026144,139.79905700683594
2021-09-20,140.6401600731503,141.65730067907975,138.16575516526504,139.79905700683594,123478900,22.454721825340883,35.73618284555661,-189.96614934006925,-175.61472969838,144.9688330078125,143.50000897429376,136.06405166625976,138.41844198094367,-0.23938526027825446,153.58768372760937,4.684723960711523,3.197148802793202,2.9424808136465286,140.2782745361328
2021-09-21,140.76728757977574,141.42257819093177,139.64256354879453,140.2782745361328,75834000,25.816651202385998,37.195985679908794,-106.13872423960449,-130.05450139323779,144.95213165283204,143.37366644730704,136.165528717041,138.45527034837315,-0.6380913497145002,153.9353204562953,1.780014642137246,2.994701065556637,2.85944751568158,142.64511108398438
2021-09-22,141.27586560496235,143.21235308306478,140.54234603803783,142.64511108398438,76404300,40.644456499310884,43.96613876630145,-32.75462376338712,-84.65452239502879,144.96050109863282,143.34509564874537,136.31036697387697,138.53823749165255,-0.7543887453163904,153.97882176636378,2.9340785469319712,2.9860407057531133,2.8647783036280363,143.60357666015625
2021-09-23,143.42752419874412,143.84808318959392,142.43972319227385,143.60357666015625,64838200,45.76595963112477,46.48209524000639,20.263049593659183,-54.82598792017857,144.9194857788086,143.35523215899678,136.4542611694336,138.63854123756352,-0.760449123311929,153.9947794452778,1.4083599973200762,2.7606577474055363,2.760748424606039,143.69158935546875
2021-09-24,142.45928187164873,144.22950668219346,142.3614732946102,143.69158935546875,53477900,46.26269788527278,46.71867689145424,38.93761542113246,-46.029047902237494,144.89331634521486,143.36842263728983,136.64475868225097,138.73860159633392,-0.7495102400833673,154.00586983394274,1.8680333875832673,2.6331399817166408,2.6969830648186983,142.17562866210938
2021-09-27,142.27343722725325,142.7526753188713,140.65970036682202,142.17562866210938,74150700,39.07144544888621,43.17810936462201,-13.42164460917506,-72.411009788338,144.87764862060547,143.32164640296904,136.8176591491699,138.8066615382305,-0.8533298001001128,154.07198371436098,3.0318889886467275,2.690104125563796,2.7209049165207007,138.79168701171875
2021-09-28,140.10223840010562,141.56927754565646,138.5765200764918,138.79168701171875,108972300,27.812544170569666,36.52412500157253,-95.14726026806238,-115.96647569631897,144.8712545776367,143.1440009366455,136.9407317352295,138.80636501295302,-1.1948894183768743,154.02573138526603,3.5991085856175857,2.8199619055714806,2.7836337500276214,139.69146728515625
2021-09-29,139.33937729818666,141.2758647647725,138.90904343372455,139.69146728515625,74602000,33.73599271632361,39.20682000423316,-80.77756617288243,-99.39067195853453,144.8105908203125,143.00860746011654,137.0660637664795,138.8238917906204,-1.3770987907311394,153.9029376910384,2.484177753053757,2.7719927409260916,2.7622440359580596,138.39068603515625
2021-09-30,140.5032258841864,141.2074058338631,138.17551911033874,138.39068603515625,89056700,29.634639914377544,36.786339114676345,-93.92610731428141,-104.73874700332935,144.73855987548828,142.82751250227497,137.21120071411133,138.81531345882902,-1.6079280136214322,153.695748426139,3.031886723524366,2.8091204527258453,2.781504227927081,139.5154266357422
2021-10-01,138.7819070111095,139.77949787918857,136.05322057381363,139.5154266357422,94639600,37.3214707896989,40.222777480624366,-92.16734671983251,-115.03081197079347,144.6616796875,142.6976267820188,137.37676445007324,138.8291770860946,-1.680730256994508,153.07928529521732,3.7262773053749356,2.9401428602471436,2.848988019173356,136.08258056640625
2021-10-04,138.6450047304298,139.08512850998872,135.23170244978712,136.08258056640625,98322000,26.869525018238917,34.12517456402291,-132.01302019967133,-141.41724133027014,144.48176696777344,142.43821320493595,137.53866401672363,138.77478903619976,-1.9924607009860154,152.48444615577387,4.283724185955066,3.13208304963399,2.951469173943478,138.00924682617188
2021-10-05,136.42484951189164,139.11442096062234,136.2977013587978,138.00924682617188,80861100,38.20171335244426,39.654461122626756,-71.14159770654786,-97.87222137404481,144.33199005126954,142.264528248906,137.69834579467772,138.75962978451605,-2.060293675402761,150.84358988524363,3.03184039421609,3.1177626702885752,2.957209975391522,138.8796844482422
2021-10-06,136.40527999667046,139.02638237086833,135.3294454857733,138.8796844482422,83221100,42.868013456617376,42.0221653905637,-55.15810271375091,-92.45504298397874,144.24298095703125,142.13178927633098,137.84251327514647,138.76200710458986,-2.0205234185509937,149.24997547996298,3.6969368850950275,3.200501843832354,3.0100476117989152,140.14132690429688
2021-10-07,139.91638512224736,141.05089876617805,139.58385989252358,140.14132690429688,61732700,49.33695136303297,45.36805983586892,105.55259423545314,8.040560343912075,144.21416534423827,142.0537319284081,138.0108204650879,138.7893203679504,-1.865694634853071,147.58572540805034,2.1712143179358634,3.0534607687042836,2.9501309479515543,139.75991821289062
2021-10-08,140.86509243785557,141.01179037767685,139.42739293363346,139.75991821289062,58773200,47.44233705936222,44.53138743203501,90.71664120853363,-0.6961394219856119,144.16483093261718,141.9637784493682,138.18918090820313,138.80854012725615,-1.7535543194771321,147.03534085929422,1.5843974440433897,2.843594579467013,2.8525785548152567,139.671875
2021-10-11,139.14374758559657,141.6279267805162,138.6938491097419,139.671875,64452200,46.95671512269262,44.32816345002433,71.57150013693328,-2.287296020656008,144.10943878173828,141.8738998827263,138.3682234954834,138.82563586731047,-1.652734963222514,146.27369331546856,2.934077670774286,2.856520735368052,2.8583999202409016,138.40048217773438
2021-10-12,140.08268843547052,140.1022531380476,137.94080866989395,138.40048217773438,73035900,40.05008326417461,41.39065208820322,1.76678414932057,-45.818119580675244,144.03525939941406,141.737687423707,138.508966217041,138.81721698236836,-1.656332502255367,145.7532232277838,2.1614444681536327,2.7572241257659917,2.8086173879489538,137.81365966796875
2021-10-13,138.13641006788947,138.292882900144,136.14122849083293,137.81365966796875,78762700,37.110792016026295,40.07075804906233,-91.6854521916964,-97.50865978784431,143.9134063720703,141.58380398230548,138.6621999359131,138.79734456030104,-1.6870875549575146,144.93101632379754,2.2592536869014452,2.686085491642485,2.7693771235884173,140.60101318359375
2021-10-14,138.98727624385413,140.71838645223315,138.4004546711347,140.60101318359375,69907100,55.29300545477663,48.47543632561581,48.39789007558939,45.63810028789649,143.8553079223633,141.54526316666974,138.8269985961914,138.83306077066325,-1.469604337965393,144.02422190091715,2.9047267842643976,2.7173199620170436,2.7790449564938444,141.65728759765625
2021-10-15,140.61080749842878,141.71596677210917,140.35651117780878,141.65728759765625,67940300,60.35984826303478,51.26473506818238,117.7673594932859,132.54875378334555,143.81618621826172,141.5496562816104,139.0043130493164,138.8889860543661,-1.1982026695367551,143.82781734772087,1.3594555943003854,2.523339338057521,2.6776457163371687,143.3297119140625
2021-10-18,140.2978253736589,143.61333288501362,140.0142044027078,143.3297119140625,85589200,67.22200774530464,55.383183949978715,145.94607303358188,161.9873195304438,143.82420562744142,141.6194623848438,139.1988402557373,138.97692121990463,-0.8384985374701159,144.26975867757875,3.599128482305815,2.677023501521563,2.7434659139063577,145.49114990234375
2021-10-19,143.77960431394027,145.8921441646938,143.32972068785898,145.49114990234375,76378900,74.00669827980153,60.0786292310849,152.58294925468695,219.2068160675343,143.8764324951172,141.77129326788304,139.4303137207031,139.10591584727968,-0.37470111826758057,145.14322865068573,2.5624322506313035,2.6606533228229545,2.7305349379581396,145.98016357421875
2021-10-20,145.43247137126255,146.45940171355207,144.86521446863128,145.98016357421875,58418800,75.35327742008472,61.07667631783976,117.02911946212413,189.26404652562547,143.9480242919922,141.9363470053864,139.67322029113768,139.2420395646448,0.03195266397250407,145.8204333309856,1.5941872449207892,2.508301025979788,2.6493672455983286,146.19532775878906
2021-10-21,145.54005210514717,146.35181550626882,144.62070524306984,146.19532775878906,61421000,75.99172774492499,61.53237173475217,84.46269225306288,141.34662759183786,144.01883239746093,142.10336585846102,139.92150131225586,139.3797284397764,0.36735601618931923,146.35512230300367,1.7311102631989854,2.397273774153959,2.5837774611412323,145.4227294921875
2021-10-22,146.40075576903482,146.87997909365214,145.3738251936458,145.4227294921875,58883400,68.55259401871986,58.86730946664075,68.20767689800297,118.19064348746396,144.01492095947265,142.23353698135227,140.15443908691407,139.49939182695286,0.5643182564457732,146.6702784690018,1.5061539000063249,2.269970934990011,2.5068043496315964,145.373779296875
2021-10-25,145.4128937692613,146.08773407498782,144.3761886308666,145.373779296875,50720600,68.06010545072674,58.69385649912195,36.4219439746289,85.0931473554773,144.0059228515625,142.35668373882376,140.4017311859131,139.61571633130777,0.7082975657791053,147.1375505461981,1.7115454441212137,2.190195864865897,2.4500001420951407,146.0388641357422
2021-10-26,146.04863902426567,147.52545305998103,145.73566350958762,146.0388641357422,60893400,71.32551255231552,60.40110943543702,92.11353322191896,96.20194843262296,143.97071380615233,142.50108297007546,140.6327247619629,139.7429073769401,0.8660853016532428,147.79195413830215,2.1516737631060323,2.1846927074716302,2.4286911150244896,145.57916259765625
2021-10-27,146.07795043904167,146.4398152500375,145.22707267329858,145.57916259765625,56094900,65.8931375644782,58.598291922758776,13.983288114172218,68.30777535466596,143.9445022583008,142.62179197507862,140.85902351379394,139.8584767872513,0.9431669059050307,148.29515697142386,1.2127425767389184,2.0458426887955286,2.3418376480040917,149.2174530029297
2021-10-28,146.5278811601097,149.80425972363017,146.43007257824578,149.2174530029297,100077900,79.97548471209953,66.99474757838904,210.93746527034932,113.29378886855247,144.06597381591797,142.88044534871986,141.11350227355956,140.04380304894792,1.2830441278232172,149.43144489468648,4.225097125973917,2.3571647512495844,2.476356182144794,146.50828552246094
2021-10-29,143.98497686283406,146.64520855406127,143.19277825689716,146.50828552246094,124953200,58.86222702551767,57.62344176369267,-61.713360240584834,39.42114280175827,144.12661193847657,143.02271359082735,141.33708084106445,140.17181260287887,1.318592190680988,149.9104971866605,6.024674746032531,2.881094750504291,2.7298075081367754,145.68675231933594
2021-11-01,145.71609190400514,146.4104819724985,144.5522386338212,145.68675231933594,74588300,53.834252053187335,55.10615099446714,-49.62087258561673,35.97359617512632,144.14167419433593,143.12718569782768,141.56240478515625,140.2810193299374,1.2658811332327105,149.89036612265295,1.9560468886397473,2.7489450559522135,2.674538892458416,146.7234649658203
2021-11-02,145.39334900645795,148.23940825327995,145.38355919540496,146.7234649658203,69122000,58.99141936469593,57.62204392298397,42.22358142845443,73.95611526085412,144.14773803710938,143.2682162573568,141.78598655700682,140.40859251084598,1.2928580243163594,150.11077615078185,2.855849057874991,2.7642170562268964,2.6874896185596,148.1612091064453
2021-11-03,147.08537421033594,148.63065755043078,146.5279069812589,148.1612091064453,54511500,65.26883268920581,60.89503699212951,84.52913982631198,124.46408611407927,144.18431762695312,143.4600983298701,141.99337898254396,140.56210967115487,1.4139521806930873,150.53721718021697,2.1027505691718886,2.6697218437904664,2.6457225436033345,147.642822265625
2021-11-04,148.24919365421383,149.0805068605867,147.32984675958332,147.642822265625,60394600,61.32035405424989,59.122025981571944,73.22416311111016,125.90009728919365,144.23517456054688,143.62412671950756,142.2037911224365,140.70232180173844,1.4513603081513793,150.87084104548927,1.7506601010033762,2.5384273091065963,2.5817895119890517,148.17173767089844
2021-11-05,148.76920495768735,149.07283317887465,146.97680309732056,148.17173767089844,65463900,63.91863407965737,60.389267346892524,57.49002665102387,109.55761975899046,144.3126498413086,143.80246440387583,142.4145120239258,140.85023102687032,1.5063216334108915,151.1610101565952,2.0960300815540904,2.475227705170524,2.547092409815126,147.34898376464844
2021-11-08,148.29905483485294,148.45577097835087,147.07473798616405,147.34898376464844,55020900,56.973125734333024,57.40793545451819,41.103883157404674,66.79711099191464,144.3529360961914,143.94154359449436,142.6009896850586,140.9789191998956,1.46658365203686,151.21284277782033,1.3810329921868174,2.31891417474428,2.463802451413104,147.71136474609375
2021-11-09,147.1138975747547,148.31862107112684,146.9767746966739,147.71136474609375,56787900,59.24854735225033,58.3824913894005,30.67519927674924,59.7562055524282,144.31205657958984,144.0893797180865,142.80407943725587,141.11223495328568,1.4476445864940217,150.95596140510497,1.3418463744529276,2.1793330604169436,2.3836627316302343,144.8807373046875
2021-11-10,146.93759531163658,147.0453357776248,144.8121833419343,144.8807373046875,65187100,39.98059867661123,48.95898583673324,-176.15018143251936,-74.7200256560957,144.23979736328124,144.1204133489336,142.96089401245118,141.18685876222432,1.1905038750136043,150.01889471129653,2.8991814041594637,2.2821685380944463,2.4204854939537506,144.83177185058594
2021-11-11,145.89938743250096,146.35971678839883,144.64567331029048,144.83177185058594,41000000,39.71991135616337,48.81221150607713,-126.87549515517534,-87.53796149288574,144.15325775146485,144.1483097607631,143.10081298828126,141.25903525902356,0.9715672827856565,149.49423799154903,1.7140434781083513,2.20100781523929,2.3700253499647936,146.90823364257812
2021-11-12,145.38027365145768,147.3097982131486,144.449795829464,146.90823364257812,63804000,54.42271132063296,54.976410531566884,-44.34075270097481,-35.63538588507263,144.08594787597656,144.25654206985388,143.26423065185546,141.3709005735494,0.9546074485461986,149.08951453979353,2.8600023836846162,2.295149896445765,2.4050237095162097,146.91802978515625
2021-11-15,147.2804228094717,148.75940720761815,146.35973409824072,146.91802978515625,59222800,54.48381536544816,55.003940176353275,35.49937998349344,33.56570120322324,144.00612030029296,144.36091413712063,143.43057861328126,141.48074471635348,0.9312225704326522,148.89458787726008,2.3996731093774315,2.310081784007432,2.4046415237920113,147.89747619628906
2021-11-16,146.8592578937047,148.37741378411212,146.27157982474884,147.89747619628906,59256200,60.63923144505187,57.783361630093154,56.587720417433054,38.103753345046584,143.89913177490234,144.49960284532332,143.6096504211426,141.60780870605518,0.9804213389476502,149.0341485742129,2.105833959363281,2.2809035233439823,2.3832981263328166,150.33628845214844
2021-11-17,147.8974444188513,151.81525751603942,147.88765526640586,150.33628845214844,88807000,71.74101218235604,63.78240380498392,162.963048624995,182.95197773092698,143.87182525634765,144.72849247696354,143.7968020629883,141.78064988914613,1.2023436157279832,149.7163752883087,3.9276022496335656,2.5161461985282085,2.4936055637114416,154.6262969970703
2021-11-18,150.5517823821893,155.4098626732955,149.9053395784081,154.6262969970703,137827700,82.10138041472356,71.46406078146806,167.7686608872662,291.48797520897546,143.95066131591796,145.1166416738305,144.01171646118163,142.035019138808,1.7047353277208686,151.68813023690456,5.504523094887389,2.9430571837223773,2.708671101652581,157.25123596191406
2021-11-19,154.41081232255357,157.71158022509883,153.3138293695712,157.25123596191406,117305600,85.81404021581488,74.96319025592004,139.1413891890067,252.02526139116227,144.18175567626952,145.59250811650043,144.246728515625,142.3363303630279,2.2883167251646626,153.9707446706371,4.397750855527619,3.1508705654088405,2.8293196555007976,157.71160888671875
2021-11-22,158.35803684704905,162.29544415495414,157.69201563177705,157.71160888671875,117467900,86.39161670354082,75.52992315248882,126.48794777716593,215.4952909906761,144.41071197509766,146.0677669702345,144.48331680297852,142.64079132389307,2.7561858399536163,155.8197595124788,5.0442081930400775,3.42134736935616,2.9875259796107465,158.09359741210938
2021-11-23,157.8095475198677,158.4755836899061,155.79187564508103,158.09359741210938,96041900,86.90762484637071,76.01505894267486,73.71896937619297,132.935708020878,144.67527984619142,146.5393681640335,144.69745513916016,142.94678748405576,3.1218124551048447,157.4274202731317,2.6837080448250674,3.3159703229945756,2.9658246985546266,158.61270141601562
2021-11-24,157.44714936539495,158.8085891260157,156.35995538782916,158.61270141601562,69463600,87.65007159992838,76.6913503066354,62.94503713027852,110.41535513935898,144.93242950439452,147.01283221313085,144.89666732788086,143.25700360152032,3.4141058495650896,158.87466072493643,2.448633738186544,3.1920650965934283,2.9288824870997634,153.58807373046875
2021-11-26,156.2913744764638,157.15328324096114,153.14732272261747,153.58807373046875,76959800,53.4325250226714,59.270542789301345,-24.209235359668497,51.21575199011698,145.09378143310548,147.2706848216539,145.02073089599608,143.4615792476381,3.203378456069345,159.2389337198732,5.465378693398151,3.516824181851246,3.1100607875496484,156.9476318359375
2021-11-29,156.09549714109664,157.87810965774673,155.5274123262941,156.9476318359375,88748200,64.30309305832438,64.99591335800432,12.612852728804317,70.83406704358022,145.3757244873047,147.6501729398611,145.1913784790039,143.72862979394105,3.269771846147762,160.0902516158694,4.290035927277984,3.6272830026264944,3.194344726101672,161.90362548828125
2021-11-30,156.70273111321544,162.11910639926788,156.63416221186944,161.90362548828125,174048100,74.53419365758359,71.3860008761216,129.30090697121796,102.89811634772249,145.8178158569336,148.20913186332857,145.39332443237305,144.08853069877946,3.6798770232206834,161.83256199422397,5.48494418739844,3.8926631718796294,3.3579589733371558,161.38455200195312
2021-12-01,164.03886252915143,166.8009284808444,161.1494777894876,161.38455200195312,152052500,72.01220700665976,69.94576940706074,151.70147925537935,126.1205915483452,146.23994140625,148.72581500601973,145.596036529541,144.43102617012946,3.9178410060838473,163.20780140269557,5.651450691356786,4.143918531804937,3.521779810338558,160.39532470703125
2021-12-02,155.47847813349267,160.82628670525173,154.55778930916287,160.39532470703125,136739200,66.97366022766225,67.16469740021373,7.069766343565273,57.04512598570888,146.59494567871093,149.18344283743195,145.7777233886719,144.74715089363247,3.980719544560259,164.23403411817708,6.826762692790254,4.527181983374268,3.757850016227965,158.51473999023438
2021-12-03,160.64995624545222,161.57064486360198,156.43830349501886,158.51473999023438,118023100,57.976691641784534,62.108938194918714,9.25733530512266,54.46199173886595,146.8931689453125,149.54937605911047,145.90632736206055,145.01977642029783,3.8346008774163067,164.8055611388577,5.132341368583127,4.61363332411839,3.8560279699676197,161.92323303222656
2021-12-06,160.91438234430973,164.43063118657795,160.90459319122638,161.92323303222656,107497000,67.27306908611129,66.96294945469971,92.32401642104034,113.35000441766955,147.25780181884767,150.03462535217386,146.07555908203125,145.35449833340533,3.948323863745429,165.84383363578908,5.91589119634358,4.799670163007703,4.003161057565903,167.66282653808594
2021-12-07,165.60598335666447,168.05461686688494,164.88118245734097,167.66282653808594,120405400,77.18740631459184,73.19095225547773,145.14943049042228,186.71892037210446,147.7675457763672,150.72592735946452,146.32259719848633,145.79624740676533,4.450287236821168,167.87308228328743,6.131383834658379,4.989914973243514,4.155176970215366,171.48269653320312
2021-12-08,168.593312102322,172.34462027485748,167.19268602213367,171.48269653320312,116998900,81.53154117691453,76.38206135103894,149.66555883052968,203.067910633039,148.42136596679688,151.53991830745426,146.6463102722168,146.3048899637245,5.097566833720975,170.48574985881837,5.151934252723805,5.013060584597841,4.226373918965969,170.97337341308594
2021-12-09,171.3161880617465,173.11837862863902,170.3465238704593,170.97337341308594,108923700,79.18586583857213,75.0984872537526,107.36786554573418,167.37424519592813,149.04700408935548,152.30201458610648,146.92879745483398,146.79337478450392,5.5059730287331945,172.21248935178096,2.771854758179728,4.692888323680967,4.122479693195523,175.7628936767578
2021-12-10,171.6100212029294,175.93920304428585,171.1007012965135,175.7628936767578,115402700,84.17942262413285,78.71996068381365,102.86606254746,160.98452048778745,149.7944482421875,153.22204906024967,147.26650405883788,147.3670286239545,6.145273253508776,174.62166779749825,4.9658296311999095,4.731879939040816,4.182718974481551,172.12918090820312
2021-12-13,177.39863110924915,178.38788880944355,171.92348907644438,172.12918090820312,153237000,69.43478487202874,70.35957964234885,80.28335371291635,124.92051551349692,150.44672332763673,153.96350521114982,147.55420150756837,147.85736827314756,6.286249069120515,175.86451288969312,6.464399732999169,4.979382766749152,4.345696171518524,170.7481231689453
2021-12-14,171.64921855709608,174.08806304841983,168.67168661995763,170.7481231689453,139380400,64.43065319125776,67.42848055076888,22.900704668040195,75.46802883506437,151.1400341796875,154.62172552322025,147.81090057373046,148.31065054831186,6.214892192532261,176.44496341042736,5.4163764284622005,5.041810432708159,4.422173332728787,175.615966796875
2021-12-15,171.51205537967098,175.81185445345156,168.76958335178873,175.615966796875,131063300,72.56219028405685,71.87578746896837,59.32674996702037,85.23474123098941,151.89216857910156,155.44502910257927,148.11207931518555,148.8513498799666,6.476478835695048,177.707512450831,7.042271101662834,5.327590528273112,4.609323173366933,168.7206573486328
2021-12-16,175.5964252181878,177.41820935643656,167.24168791922142,168.7206573486328,150185800,52.665298440209064,59.485720932523854,-53.74980165982145,52.79054620881518,152.48898803710938,155.96564197497355,148.36598449707031,149.2448015130095,6.0575664339178275,177.6817182805817,10.176521437215143,6.02029494383626,5.006980192213234,167.62362670898438
2021-12-17,166.43848171398616,169.90575454907355,166.2034225016212,167.62362670898438,195432700,50.11464586470386,57.77919768361805,-155.52045799280356,6.635272017332882,153.03863403320312,156.42281784689553,148.6263996887207,149.60873864560307,5.572814199916252,177.78104161138452,3.7023320474523587,5.689157387209988,4.913791039016028,166.26222229003906
2021-12-20,164.82242453025603,167.07517044282818,164.01928047689202,166.26222229003906,107499100,46.83086529863175,55.645737867082275,-145.72277086021197,-30.31511217059376,153.5686801147461,156.80867684466588,148.86675552368163,149.93851059895823,5.020912647549949,177.8475315010777,3.604346232092354,5.391327222193183,4.820259267092909,169.43565368652344
2021-12-21,168.03502751462352,169.6413305368034,165.64515876193008,169.43565368652344,91185900,54.87242368776065,59.408245782213605,-53.23418928607513,0.9103384475261161,154.16395568847656,157.30385240709168,149.13669723510742,150.32459264029615,4.784443991170008,178.15716515067385,3.996171774873318,5.192019301147488,4.76139587479151,172.03123474121094
2021-12-22,169.48464932856697,172.2467157351397,168.6129361968646,172.03123474121094,92135300,60.56392204330723,62.23036294370634,36.407765439002574,36.32891825258476,154.8365707397461,157.88139681235128,149.4359150695801,150.75442713734395,4.751707846047708,178.70580797380418,3.6337795382750926,4.9694136207371455,4.680851850754623,172.65805053710938
2021-12-23,172.23689273327608,173.21634616947264,171.66880794684926,172.65805053710938,68356600,61.917135594430405,62.90115457147761,73.23736703799618,60.64501554921305,155.5334585571289,158.46087342900847,149.7234324645996,151.18816225417098,4.721911752008793,179.22835037449445,1.5475382226233876,4.480574278149466,4.457043734459535,176.62484741210938
2021-12-27,173.4514127643316,176.71299463822913,173.43183445537653,176.62484741210938,74919600,69.61511915248668,66.90676540922485,137.38564332605606,135.92322515387667,156.25393524169922,159.1731861342281,150.05462158203125,151.69185898997173,4.961195910502397,179.51388173345632,4.054944101119759,4.419769967145222,4.428322332078122,175.60618591308594
2021-12-28,176.4583204970068,177.60427913199814,174.86180674158717,175.60618591308594,79144300,65.63997830867969,64.96688474296931,105.37319202488632,127.05740078045022,156.93291320800782,159.81761749810488,150.37454971313477,152.16541001815222,5.010870662556783,179.73850486729947,2.742472390410967,4.1801560276117575,4.3079044791018966,175.69436645507812
2021-12-29,175.6453907930184,176.9186832802021,174.4798387842566,175.69436645507812,62348900,65.83699123590924,65.06132105431863,73.55629192404704,98.10469730337577,157.58020629882813,160.4402351042607,150.70220596313476,152.63132994759627,4.999720033897205,180.32122677956698,2.4388444959454887,3.931397237373719,4.174400194590724,174.53860473632812
2021-12-30,175.78251482342475,176.85991961465393,174.4308642572052,174.53860473632812,59773000,60.52993338407973,62.67655595735172,48.39329686975451,74.97215549494278,158.16115539550782,160.99311234473393,151.0187939453125,153.06513736915534,4.841809403863152,180.49622053643412,2.429055357448732,3.7167769688130066,4.049732706223439,173.92153930664062
2021-12-31,174.43084429030958,175.54742051646397,173.61789621276182,173.92153930664062,64062300,57.636007298329716,61.38290311172093,0.6876962406178267,51.710467888720174,158.71998291015626,161.50010948049498,151.33400360107422,153.47813542732337,4.613688341452672,180.23468135438222,1.929524303702152,3.461455159511456,3.89828924890049,178.27029418945312
2022-01-03,174.1761864672901,179.12242874444533,174.0586568508519,178.27029418945312,104487900,69.59002321797887,66.61298629024799,124.95330692171211,108.73322805509132,159.36148223876953,162.15776378280708,151.69015731811524,153.96906926419723,4.729292589857408,179.85370500515532,5.200889437804705,3.709945770696206,3.9913321195365055,176.00775146484375
2022-01-04,178.8775573474026,179.1811854730246,175.4396667688889,176.00775146484375,99310400,59.41387402514481,61.91470188063344,95.8336041555753,87.87872024599167,159.97318267822266,162.70090055465164,151.99405181884765,154.40547881272488,4.585482907985096,179.3029768292203,3.7415187041357,3.714456189758991,3.9734883041507336,171.3260040283203
2022-01-05,175.9196433238863,176.46813489136744,171.05175824457976,171.3260040283203,94537600,43.91217198678299,53.50516661664984,-153.51612354022024,1.3029850868622137,160.49222717285156,163.03913990656022,152.24907501220704,154.7405387179842,4.047082559354067,179.12904256275652,5.416376646787683,3.9575876836202326,4.0765517571962295,168.46600341796875
2022-01-06,169.15161788468467,171.69820298422886,168.11339955718992,168.46600341796875,96904000,37.02699758082841,49.116352888457655,-173.61676975777357,-71.65468851082477,160.9407699584961,163.25195808347823,152.45574188232422,155.01233009818193,3.3509901285825663,179.2314807816923,3.584803427038935,3.9043327898229045,4.041426876470708,168.6324920654297
2022-01-07,169.3376997173353,170.5620164817169,167.5159157741246,168.6324920654297,86709100,37.69051068995874,49.37667155259455,-115.52238607655565,-86.62723232937245,161.40183654785156,163.46295941610379,152.67316940307617,155.28203627575118,2.780711789985446,179.30705356289658,3.046100707592302,3.7817282066471045,3.97033215012225,168.65211486816406
2022-01-10,165.6060136268591,168.95574308768624,164.71470727935647,168.65211486816406,106765600,37.780656124617146,49.40952318417792,-100.97065710875042,-127.02463709681437,161.79052978515625,163.66645570834146,152.9282518005371,155.5467903072841,2.303788850391186,178.9762432701539,4.2410358083297695,3.847343578316057,3.9896681257085014,171.48269653320312
2022-01-11,168.77941063247667,171.58063290230876,167.3102305884416,171.48269653320312,76138300,49.96325706440975,54.04251793805633,-34.90057573812385,-71.66720053003284,162.29001800537108,163.97297495637525,153.20831497192384,155.86235280680725,2.129678659026837,178.95009223744725,4.270402313867152,3.9077805405376416,4.0097205677198335,171.92344665527344
2022-01-12,172.5013205493631,173.5395387171234,171.22804314076478,171.92344665527344,74805200,51.68190888151673,54.737593645626475,29.534517551633904,-23.786574458317098,162.81475189208984,164.28475816025363,153.4782130432129,156.1803942691531,2.0041572520657382,178.98095761642233,2.311495576358624,3.6797398313692105,3.888418782622604,168.65211486816406
2022-01-13,172.16834964468802,172.99108706764017,168.26032446775187,168.65211486816406,84505800,39.83420974270487,48.83401743759482,-8.649448971277428,-70.8956238038155,163.25332489013672,164.45602705075993,153.70053146362304,156.42735903348998,1.622013930237756,178.60540224622773,4.730762599888294,3.829885941157651,3.9485861981415824,169.51400756835938
2022-01-14,167.81954242119846,170.20941111487983,167.57467907053888,169.51400756835938,80440800,43.79469310402598,50.35328166338554,-33.056249152194425,-77.9984156859815,163.680380859375,164.6543792279207,153.93234924316405,156.6865005886359,1.3728843757700417,178.5808898596709,2.63473204434095,3.6591496701838366,3.8547394728701088,166.31117248535156
2022-01-18,167.986029250503,168.99486494876345,165.92918629810023,166.31117248535156,90956700,34.071341937199264,45.00539022350698,-112.50152935014701,-105.85407199195659,164.05374786376953,164.71935151252586,154.1444612121582,156.8770881509471,0.9065551811662544,178.70286543413025,3.584821270259141,3.6485313273374516,3.8354596012550397,162.81454467773438
2022-01-19,166.50708841129685,167.56489994287205,162.53050974989438,162.81454467773438,94815000,26.560449751149505,40.009453436249494,-143.50597377907636,-141.691849330793,164.34660400390624,164.64465320527913,154.32962692260742,156.99466154751715,0.25193316448823566,179.21355405270802,5.034390192977668,3.8465111652860537,3.921097500663799,161.12989807128906
2022-01-20,163.54914953452655,166.19367112950465,160.8066766064742,161.12989807128906,91420500,23.632172875447395,37.830544485917436,-125.58025376155648,-154.18034299398454,164.62222229003908,164.50681967061286,154.48757919311524,157.07654741927502,-0.39820612959974255,180.04064710819102,5.386994523030438,4.066580216392395,4.025804430832845,159.07301330566406
2022-01-21,161.0417090492799,162.9124684305105,158.96527284535048,159.07301330566406,122848900,20.424589271792442,35.302592085145164,-118.25622421118241,-169.34146823629473,164.84945526123047,164.2937292249286,154.58075592041016,157.1160813972233,-1.067118536418235,180.84074412766694,3.947195585160017,4.0495252690734835,4.020189513284786,158.2992706298828
2022-01-24,156.73215398969816,158.96530678454897,151.52145417153005,158.2992706298828,162294600,19.276349711313628,34.372118865394484,-138.48743367891376,-190.2255761494301,165.11782592773437,164.05865241727975,154.6788116455078,157.1395108869789,-1.6407573758806109,181.3684442760773,7.55155913413401,4.549815821224987,4.2724302004883015,156.4970703125
2022-01-25,155.71350456711474,159.41583739515477,153.79378418345803,156.4970703125,115798400,16.721794180341135,32.24058889425643,-97.09581777982756,-145.39232320847574,165.35113189697265,163.76211978571973,154.75219482421875,157.12678929144468,-2.215256692790433,181.29648800584442,5.622053211696738,4.70299259129238,4.3688318441460465,156.40892028808594
2022-01-26,160.14063545703362,161.01234841002858,154.57734716045317,156.40892028808594,108275300,16.596287263996743,32.135616324100866,-63.85891535750511,-109.33778245813072,165.5411456298828,163.47375902110664,154.81354675292968,157.1125740636554,-2.6471498154759843,181.04199677742992,6.435001249575407,4.950422399618526,4.5164153731052865,155.9485626220703
2022-01-27,159.11219273840803,160.47363228871149,155.02787408749768,155.9485626220703,121954600,15.870522717788802,31.557738062225766,-50.53820392441716,-94.23994225297915,165.7217562866211,163.178653279968,154.86393829345704,157.08952433213884,-2.9920843571428293,180.51639970806463,5.445758201213806,5.0211846569892815,4.582797003684466,166.83029174804688
2022-01-28,162.30522203050273,166.8498849998228,159.45500918063075,166.83029174804688,179935700,61.8627048062444,53.04967447046559,123.87033992759851,6.3562233549540785,166.10041259765626,163.3218547885201,154.9997721862793,157.28241081562217,-2.3601762260957173,179.6724467571875,10.901322377752479,5.861204331384024,5.0341202446893245,171.18887329101562
2022-01-31,166.66380312140188,171.4043542462614,166.02714940989443,171.18887329101562,115541600,69.6229504428068,58.65051543342763,160.2174699283405,74.74624189132506,166.51746429443358,163.63036531802976,155.19464477539063,157.5577863101844,-1.4905017983308824,179.2794270032386,5.377204836366957,5.7920615463815865,5.058626286952013,171.02236938476562
2022-02-01,170.43469133018758,171.2476394960686,168.76962343591478,171.02236938476562,86213900,68.9972258129367,58.364081660083166,105.0750457142298,85.32255721883229,166.8453857421875,163.92024783045076,155.39802352905272,157.82441171760186,-0.8054295320811491,177.92963414304919,2.4780160601538057,5.318626476920476,4.874296985037854,172.22706604003906
2022-02-02,171.15946552150538,172.26625254169926,169.7686436179964,172.22706604003906,84914300,71.18334792451219,59.89037819869164,86.9092287620664,101.79626803839817,167.14490234375,164.24600540729736,155.66332901000976,158.10961279329368,-0.16341215973167778,177.20840105938902,2.4976089237028702,4.915623969317961,4.704533552085356,169.34750366210938
2022-02-03,170.8950419808838,172.61888970067017,168.5835311300311,169.34750366210938,89418100,59.48607214306033,54.72621831765396,55.9363774415915,84.30237742490864,167.37762023925782,164.446064162388,155.89416610717774,158.33214528574547,0.11174647118849634,176.94969790766825,4.035358570639062,4.789871769506689,4.656735339124906,169.0631103515625
2022-02-04,168.3668057872498,170.7401162961765,167.38610440694853,169.0631103515625,82465400,58.3806830710029,54.228881240023114,28.35890377613572,68.97403003745922,167.59701049804687,164.6271247972576,156.13614517211914,158.5446396434844,0.3033664852140987,177.01171723210672,3.3540118892279622,4.584748929466871,4.563683664132268,168.34718322753906
2022-02-07,169.52402175607514,170.5929825465771,167.65087874308003,168.34718322753906,77251200,55.35942599044045,52.92496380508449,-11.583869109828084,63.057020639809856,167.79170013427733,164.7730094415824,156.36206481933593,158.73874941742608,0.3929279622612114,176.98352816495475,2.9421038034970763,4.3500853400426145,4.447856531229754,171.45602416992188
2022-02-08,168.4158439042664,171.96599307785382,168.1216304972166,171.45602416992188,74829200,64.63208759933332,57.683206299914325,48.85485917313416,73.1724260997723,168.1490591430664,165.0350884505369,156.62142028808594,158.99057664024778,0.7066181067786772,177.33354230101472,3.844362580637238,4.277839231556132,4.404749820473146,172.87802124023438
2022-02-09,172.65246413479986,173.2408759269309,171.5246486789991,172.87802124023438,71285000,68.16129385210725,59.69022388143117,154.04284095441682,84.49761317379169,168.46766693115234,165.34265444228973,156.92169570922852,159.2655755432178,1.0577697742542682,177.55499700374898,1.7848517570090223,3.921698163763687,4.217614244511423,168.79830932617188
2022-02-10,170.77933021680633,172.09346641687537,168.23931734555768,168.79830932617188,90865900,51.095460037103926,52.061213771963594,-41.29648720717997,45.35183028500818,168.60556060791015,165.47817032008905,157.21168823242186,159.45434254882085,0.9953871413910917,177.15428364169472,4.638703894676695,4.024127553894117,4.247692076666085,165.385498046875
2022-02-11,169.00428892552117,169.73981504022757,164.79707116938303,165.385498046875,98670700,41.061839842340326,46.685740638388666,-160.43238901681937,-1.3610741018981358,168.6855795288086,165.47453611329635,157.4627604675293,159.5717911725447,0.6629213624074737,176.91538220479268,4.942743870844538,4.155358456315605,4.297338633393117,165.620849609375
2022-02-14,164.1399809862671,166.3073375649639,163.34561528306318,165.620849609375,86185500,41.978515673241006,47.09145253350258,-144.96677185545482,-40.21408955483328,168.79009002685547,165.4802738974563,157.6925178527832,159.69157450792744,0.4136622999569681,176.57928308511197,2.9617222819007054,3.9848390028277625,4.201937465429373,169.4553680419922
2022-02-15,167.670499489042,169.61228383864895,166.96439336840055,169.4553680419922,62527400,55.21781543025759,53.32375723081616,-7.033768045868108,12.671497210697293,169.00890258789062,165.63615994234007,157.95103576660156,159.88491695414655,0.5195472707249564,176.86952871375647,3.991434229273949,3.985781178034361,4.1869015199897,169.2200164794922
2022-02-16,168.53352854543166,169.99476394129306,166.7682631690513,169.2200164794922,61177400,54.330108121525356,52.91178664879586,-6.466608840459136,-12.673442315690647,169.15483825683594,165.77670333595387,158.2063200378418,160.06977041009398,0.577810330919533,177.22014860729993,3.2265007722417636,3.8773125486354183,4.118301466579133,165.620849609375
2022-02-17,167.7293515367512,168.59237351767158,165.21875846241755,165.620849609375,69589300,42.2201631808648,46.93934314263725,-63.29242254647393,-118.83087246467103,169.1139987182617,165.77059142510763,158.44077224731444,160.17969277047575,0.32976026786127477,177.23251723181872,4.001258017074633,3.8950190441267347,4.109941220185955,164.0713653564453
2022-02-18,166.54273734774665,167.24882866665814,162.9827860834938,164.0713653564453,82772700,37.9693965009167,44.60505956099668,-98.959017389616,-151.31860356056785,168.96577209472656,165.7039551086895,158.69356903076172,160.2567555939603,0.008055517164677894,177.0518821008462,4.266042583164335,3.948022406846392,4.121091317541554,161.1488494873047
2022-02-22,161.79610099125685,163.4731068473456,159.02071443579257,161.1488494873047,91162800,31.08306795829715,40.5127992301817,-163.71138889877986,-196.05889373900206,168.76928161621095,165.52532351569405,158.90814285278321,160.27442081957108,-0.477219334248872,176.82845387116356,5.050650920652743,4.105540765961585,4.187488432049496,156.98086547851562
2022-02-23,162.34528786351217,162.94351625967545,156.6670338772365,156.98086547851562,90009200,23.877619355126114,35.5092873443226,-144.5155090617028,-191.95494021608664,168.3936410522461,165.19024672992234,159.0940446472168,160.2092019019264,-1.1844707845275764,176.7601820684119,6.276482382438957,4.415675282601209,4.336702285648743,159.59934997558594
2022-02-24,149.63542023803691,159.70722772731528,149.0666116347653,159.59934997558594,141147500,34.93289082539353,40.48248922859545,-120.00651990182705,-187.97492113592295,168.14304443359376,164.97099587681112,159.29488388061523,160.19712562615726,-1.5162049719080812,176.36548672261682,10.640616092549976,5.304952541165319,4.786981843284544,161.66860961914062
2022-02-25,160.6780917637284,161.9333881865455,157.76540780776472,161.66860961914062,91974200,42.61635313579211,44.14794302882805,-34.807962280206006,-88.6040962838425,167.96145416259765,164.84149053337305,159.55074417114258,160.226263923048,-1.5937628397784067,175.64588275600408,4.167980378780783,5.142527946538956,4.742767452962847,161.93338012695312
2022-02-28,159.91313801466617,162.2275934848512,159.29529145951147,161.93338012695312,95056600,43.6103752982819,44.61793607382229,-3.8142446518223263,-65.65381921423473,167.68780242919922,164.72744698802325,159.7899855041504,160.26006820431346,-1.615243717517643,175.678780675114,2.9323020253397374,4.82678138636764,4.613448493846911,160.05047607421875
2022-03-01,161.52152827152648,163.38487003337303,158.8442174624351,160.05047607421875,83474400,38.13033320842865,41.916582737401455,11.031227314001594,-60.92164078715402,167.51439880371095,164.54403636395247,160.00169342041016,160.25591786510367,-1.7638693015198612,175.33237164159786,4.540652570937937,4.785905841306254,4.608248785067699,163.34561157226562
2022-03-02,161.21749147612806,164.13017563125035,159.8052791628185,163.34561157226562,79724800,50.76259466789745,47.865364406322435,100.64084804322137,-23.176492245890923,167.42883850097655,164.49703931329807,160.23373626708985,160.31709991871085,-1.597352960919352,174.74786617928214,4.324896468431859,4.7200473594670544,4.588009333879425,163.02197265625
2022-03-03,165.21874895199736,165.65025991761863,162.35510295615475,163.02197265625,76678400,49.602114379151715,47.35239675384065,122.94653118010913,10.036309373207883,167.3640335083008,164.4391935620413,160.46635681152344,160.37066175509779,-1.4745053373854944,173.85618800644437,3.2951569614638743,4.516491588323743,4.495662735849743,160.02102661132812
2022-03-04,161.3155594882437,162.35510045432284,158.9716840195684,160.02102661132812,83737200,39.76733390162042,42.77478859621981,-12.33563986638461,-52.28780467791214,167.17574096679687,164.26593211299374,160.6698483276367,160.36373828690432,-1.6008454269480694,173.48434918534608,4.050288636681614,4.449891166660582,4.463850300194877,156.22572326660156
2022-03-07,160.2073682314536,161.83533601406552,155.97073134624392,156.22572326660156,96418800,30.766581407798085,37.79810869877861,-162.25309700819324,-94.13300335824692,166.85963073730468,163.9506298052921,160.8481007385254,160.28179739541318,-1.984345816048517,173.39747243060432,5.864604667821595,4.65199309539787,4.563904183596785,154.401611328125
2022-03-08,155.75498387793954,159.73662866525098,152.7932618336368,154.401611328125,131148300,27.301661476597417,35.65119026165894,-156.3917039578359,-137.3384224982509,166.494501953125,163.576158492462,161.01398025512697,160.16535806734805,-2.4077086593983097,173.43801849585358,6.943366831614185,4.979332200571629,4.733865801312313,159.8052978515625
2022-03-09,158.363665526824,160.25642710163922,156.33362131227005,159.8052978515625,91454900,47.669815727503774,45.52271572666,-36.598216480558136,-53.207968424213504,166.15811096191408,163.4282816045836,161.20602310180664,160.15822816208495,-2.280901607054574,172.2788630403658,5.854815773514218,5.10440128242057,4.813933656469593,155.46078491210938
2022-03-10,157.10835602606574,157.29469168011647,152.96979505950804,155.46078491210938,105342000,37.74930759078704,40.18513110847835,-101.85228506383706,-131.4336502000374,165.75520294189454,163.11583075389834,161.34405807495116,160.06520948386762,-2.5021290044390128,170.77227881100856,6.835502792054456,5.351701498082554,4.958331451868511,151.74392700195312
2022-03-11,155.86286998599314,156.20612146979485,151.51836986465503,151.74392700195312,96970100,31.25674867994381,36.26725381884102,-115.14404122621333,-158.98706019855265,165.27619415283203,162.66987374401813,161.42820022583007,159.90043161293863,-2.943442507992671,170.45115783232373,4.687751605139823,5.256851513376449,4.939004319959318,147.71324157714844
2022-03-14,148.52722554311967,151.14569651195163,147.20328761828517,147.71324157714844,108732100,25.670809441646185,32.55996057629454,-161.96158445425755,-201.97415453675328,164.73968688964842,162.08333914923892,161.45042114257814,159.6591011171804,-3.577193605826949,171.07415701497865,4.540639383667951,5.154535494846663,4.910549681652792,152.09695434570312
2022-03-15,147.9878136848799,152.56770172333492,147.47785980558257,152.09695434570312,92964300,39.41005639770041,39.77096914536,-80.8806763542247,-124.28328539190998,164.30319519042968,161.69171621576692,161.51158905029297,159.50935563655707,-3.6832586199625155,170.68640922856758,5.089841917752352,5.145293555261762,4.923356269945617,156.51011657714844
2022-03-16,154.01914186419623,156.9122077008172,151.47912909347468,156.51011657714844,102300200,50.21774214738637,46.02762427279566,27.686645217030105,-43.98463679826327,163.86799163818358,161.48851622993874,161.61473693847657,159.44996476409355,-3.3723364032302356,169.15008958563115,5.433078607342509,5.186405705559011,4.959765008331109,157.52024841308594
2022-03-17,155.54904405714797,157.89291972026123,154.58796090972857,157.52024841308594,75615400,52.481200838997005,47.37515906614897,64.40873554961169,-9.312860048486712,163.49824157714843,161.3328978841798,161.73571212768556,159.4117525591231,-3.0097248743967384,167.43059870622443,3.3049588105326677,4.917627577698105,4.841564565631221,160.8153839111328
2022-03-18,157.41234943730183,161.30573452736996,156.67682351294607,160.8153839111328,123511700,59.49080652610271,51.61867747556129,128.6874349431623,48.780936550885926,163.28802917480468,161.31260321857013,161.89012817382812,159.4395472393609,-2.4284688519690576,166.65084635983493,4.628911014423892,4.876382354373217,4.826375026259269,162.1884002685547
2022-03-21,160.35447849802293,163.13968181166422,159.8641278042269,162.1884002685547,95811400,62.20133407798266,53.30819640255711,121.58916676999009,86.61813128676968,163.1624771118164,161.3469482009225,162.05162353515624,159.49397997261227,-1.8358656052930087,166.3320463605369,3.2755540074373073,4.647692590525231,4.7156020963434155,165.56201171875
2022-03-22,162.3158776286816,166.15042355950408,161.7274657879275,165.56201171875,81532000,68.28459719857558,57.25773941147331,115.49632904357485,130.19101636689967,163.10106750488282,161.51224480946476,162.2514520263672,159.61413901709022,-1.0815337652287553,167.08651631405613,4.422957771576563,4.615587616389706,4.69469893028864,166.9251708984375
2022-03-23,164.74801286692667,169.30826781804822,164.41456305995604,166.9251708984375,98062700,70.52110123010117,58.775144490590776,114.08036709852529,159.5534528962464,163.06652862548827,161.72451642079704,162.42852920532226,159.75891192563174,-0.3694658218958864,168.31883773785822,4.893704758092184,4.655318636632917,4.708913632274608,170.71066284179688
2022-03-24,167.7587426911126,170.77930414345957,166.92515566056534,170.71066284179688,90131400,76.00349258382445,62.73192074838957,117.29454258214385,164.7276182531994,163.05108795166015,162.07691431965978,162.67055297851562,159.97577828040727,0.4946091698938062,170.198254647815,3.8541484828942316,4.540865757527391,4.647858978747438,171.34814453125
2022-03-25,170.52435897204094,171.89733490405604,169.4161616355689,171.34814453125,80546200,76.849381914147,63.369530438862476,105.1413783543738,142.71320561611947,163.03958190917967,162.44049197501624,162.92716690063477,160.20097365171108,1.2168076695156742,171.85097790215602,2.48117326848714,4.246623973378783,4.493095713728845,172.21116638183594
2022-03-28,168.84735290472764,172.33864738407132,168.68063546771575,172.21116638183594,90371900,78.07033339459585,64.26098505205266,84.99688479741489,116.97598406840599,163.11076293945314,162.82365567724446,163.18204391479492,160.4387992503274,1.8376109986734264,173.50245856267927,3.6580119163555764,4.162536536661182,4.433446871059326,175.5063018798828
2022-03-29,173.28010585750482,175.55532497081904,172.93685443507036,175.5063018798828,100589400,82.24214428924947,67.51197911287615,118.02907429875313,124.52990276347835,163.2306088256836,163.32101435185774,163.4554948425293,160.73716563903147,2.565913749297323,175.83398453450278,3.344158588983106,4.0456254012786,4.3556405651967385,174.33924865722656
2022-03-30,175.10419436160848,176.14373519247044,173.28989123764686,174.33924865722656,92633200,76.24853712650014,65.24814885335721,99.80580301694681,104.31518157689432,163.3911703491211,163.75310197167613,163.7224591064453,161.00651381760957,3.014181872345773,177.45477094697785,2.8538439548235885,3.8753709089278843,4.248369378741513,171.24024963378906
2022-03-31,174.40791055107027,174.59424618696573,171.0342957824536,171.24024963378906,103049300,62.20446699406387,59.53889622149853,28.06495410791153,74.02515560652216,163.5596844482422,164.04671560548448,163.95314422607422,161.20916205159332,3.083825842980218,178.4013110599414,3.5599504045121364,3.8303108368684917,4.199196594867987,170.94602966308594
2022-04-01,170.6714345147771,171.5050365492017,168.62177252764585,170.94602966308594,78751300,60.9607845062255,59.010962797803785,-61.964680978031865,48.8812794940911,163.75600708007812,164.3172769410767,164.1891146850586,161.40197131122682,3.079776354014058,179.35743940789425,2.8832640215558456,3.695018434680971,4.105201411059976,174.99632263183594
2022-04-04,171.20101381741603,175.04536068416874,171.0735178742133,174.99632263183594,76468400,70.44960641163834,63.77316416846141,51.32558950756065,77.11565293194492,164.07447326660156,164.73606304659666,164.461964263916,161.67116638688245,3.3646068048495295,180.8442673899159,4.099331021082804,3.7527773755955183,4.104782097490179,171.6815643310547
2022-04-05,174.0744778575844,174.85904187741096,171.05391610805626,171.6815643310547,73401800,57.1797633723735,57.84950827414083,-10.559749909343157,56.87290753665831,164.342119140625,165.00843564598716,164.7299725341797,161.86939208874725,3.2849963043893524,181.50817451935742,3.942406523779681,3.779867253907542,4.093183842225143,168.513916015625
2022-04-06,169.03368653783352,170.27918145157616,166.846726701127,168.513916015625,89058800,47.25600653830676,52.802053409953466,-150.28185771577094,-14.603769987914719,164.5824560546875,165.14590546440434,164.9667939758301,162.00096681997255,2.9324976557393825,181.8899501926536,4.8348376299276765,3.9305773076247044,4.146159112775324,168.81790161132812
2022-04-07,167.8568186387604,170.01435825576067,166.57210247899573,168.81790161132812,77594700,48.261343712932465,53.223845101970845,-99.2661848950878,-34.72346533892468,164.83063568115233,165.2899053133033,165.18589065551757,162.13595562772218,2.6471542873005944,182.06376649471906,3.442255776764938,3.8608170889304523,4.095880303060296,166.8074493408203
2022-04-08,168.46483662226117,168.46483662226117,165.9346259455677,166.8074493408203,76575500,42.07355477801254,50.038857491728166,-107.91020127013553,-89.07293195515642,165.04781341552734,165.3494168437942,165.38478485107422,162.22846045372413,2.2330497088273944,181.5499621490181,2.8832756657604364,3.7211683141918783,4.009265686110306,162.5512237548828
2022-04-11,165.45410588858888,165.76792249086608,162.3060484551017,162.5512237548828,72246700,31.95439697065747,44.03153580227081,-144.87690192218298,-177.25803901613367,164.96223205566406,165.23968378148396,165.53132232666016,162.2348518062223,1.5436329728682097,179.8416166679951,4.501400885718624,3.8326301101242706,4.044418200368043,164.42437744140625
2022-04-12,164.77743049486364,166.59171885387798,163.4240579625581,164.42437744140625,79265200,39.43370979127353,47.04465795133549,-85.64900727525807,-131.2494240898943,164.82694213867188,165.20771098383386,165.67220321655273,162.27820874949327,1.1353257618779082,178.5585680870418,4.040495098995166,3.8623251085343986,4.04413797884141,167.1114959716797
2022-04-13,164.1595904381064,167.73914420674996,163.55156041909547,167.1114959716797,70618900,48.844281742260605,51.11081580267389,-35.60763572067446,-84.3715207428517,164.74872467041016,165.28236921865135,165.79705520629884,162.37391740735833,1.0168457982819064,177.81867678501442,4.187583787654489,3.9087906341229828,4.054384108042344,162.10009765625
2022-04-14,167.3272369412417,167.96470171120438,161.85492235187505,162.10009765625,75329400,36.50358981901447,44.281821970400784,-83.15948657679502,-108.7577607476986,164.5461853027344,165.15757425541992,165.8455438232422,162.36849523406906,0.512661963484021,177.19832429851795,6.1097793593293375,4.223217594866748,4.201198054562843,161.8843994140625
2022-04-18,160.75658374094354,163.3848714713772,160.41334720380755,161.8843994140625,69023900,36.046269413297566,44.00926306873393,-119.98406163723698,-125.05143695865713,164.39692321777343,165.02921445771963,165.88727172851563,162.35890917822732,0.09459713953927462,177.07629147228897,2.971524267569663,4.0444042623957355,4.1133642126347585,164.1693572998047
2022-04-19,161.83529886968466,164.58126492825463,160.74672005577804,164.1693572998047,67723800,44.620795074486765,47.68288890691413,-57.285007908609984,-89.19502596890206,164.29904815673828,164.99549456917396,165.9480293273926,162.39475963608032,-0.05174871328745212,176.9240605181286,3.8345448724765845,4.014424349550143,4.093448545480603,164.00267028808594
2022-04-20,165.50314204406817,165.62083637298807,162.89448802131358,164.00267028808594,67929800,44.117382213292395,47.43836759471122,15.440271750368996,-61.877631548953325,164.21215789794923,164.9565602836411,166.00192901611328,162.42659945097154,-0.1791143856587496,176.9860728894519,2.7263483516744884,3.8304134927107634,3.9957985316373095,163.2082977294922
2022-04-21,165.65024919174274,168.21968163880754,162.70814548680565,163.2082977294922,87227800,41.51336301738353,46.2218766293894,41.13576119200225,-43.488600101559406,164.04720336914062,164.88800096779212,166.09813125610353,162.44207862480363,-0.34022986714052195,177.08965665618587,5.511536152001895,4.070573872609496,4.104065504520494,158.66766357421875
2022-04-22,163.24755201100473,164.63032953066207,158.38326676927218,158.66766357421875,84882400,29.788221577634644,39.920291375904355,-139.95151346023715,-121.13602038475736,163.76299621582032,164.64406616804416,166.11533157348632,162.36733773271283,-0.8247985118316308,177.36166153605313,6.247062761389884,4.38150085672098,4.257136737154022,159.7366485595703
2022-04-25,158.01060452122857,160.02104538080667,155.40195017437114,159.7366485595703,96046400,34.84290293609888,41.92758947186851,-146.96857252650955,-163.39186233667914,163.58176300048828,164.45161841869225,166.09366180419923,162.3152448777991,-1.1097717416119224,177.22718332319195,4.6190952064355315,4.415442906680203,4.282990913531273,153.77398681640625
2022-04-26,159.11880660312406,159.20706614015833,153.69552890649263,153.77398681640625,95623200,23.727047907547146,34.91942360102912,-144.5782599544719,-201.2154934770376,163.3495327758789,164.0328877676222,166.01755615234376,162.14611105480122,-1.7960483228988835,177.5757987271276,6.041119653077686,4.6476824418798435,4.408571537784588,153.54844665527344
2022-04-27,152.90118005015773,156.7062918336278,152.3814094332879,153.54844665527344,88063200,23.397642183743244,34.683270897001236,-113.05881796091417,-174.503925636414,163.10808471679687,163.62173321419678,165.94908737182618,161.97586027461256,-2.3312534256739355,176.91352341376958,4.324882400339902,4.60156815023128,4.402593742252824,160.4819793701172
2022-04-28,156.17670074562366,161.34500140614668,155.86286910913438,160.4819793701172,130216800,48.861057338302636,46.63200977823004,-6.859096430762883,-58.12071447916189,162.92861694335937,163.49860561246817,165.968759765625,161.94627847452355,-2.170904347454041,175.58492348475394,7.796554750873241,5.057994807465846,4.645019528582854,154.60752868652344
2022-04-29,158.71666885611762,162.9925264237418,154.21525421637187,154.60752868652344,131747600,36.7770519665696,39.9617925237843,-34.13412501521456,-83.31119476499886,162.6363671875,163.14993592909778,165.89560272216798,161.80095669654335,-2.489152225631642,175.07484026741278,8.777272207369919,5.589320150309285,4.940180434210502,154.9115447998047
2022-05-02,153.6856684844756,155.17632330961223,150.31205447040023,154.9115447998047,123055300,37.70722101605186,40.4366344940891,-106.71131142930281,-131.44340715692655,162.4221810913086,162.82686176716473,165.76808990478514,161.66453269858812,-2.6858733265559636,174.34886993427145,4.864268839212002,5.485741391581102,4.934758177424895,156.40220642089844
2022-05-03,155.09787216899534,157.60847954190055,153.30320233396515,156.40220642089844,88966500,42.54292710332866,42.824440051966306,-19.192955189211137,-75.86321170397285,162.26879791259765,162.5749144986837,165.61728500366212,161.56032821784177,-2.6904781244401192,172.2796396901192,4.305277207935404,5.317103651060288,4.889795251032788,162.8160400390625
2022-05-04,156.58858056796436,163.26715427373458,156.18648942865437,162.8160400390625,108256500,58.65444414350426,51.78134777535529,130.24095105355764,25.673687377938755,162.30214172363281,162.58437040222796,165.53571166992188,161.58519379846,-2.151780305670286,170.83419290011136,7.080664845080207,5.569040964491705,5.0462859363218895,153.74453735351562
2022-05-05,160.68790391798768,160.91346101284063,151.9596539165304,153.74453735351562,130525300,40.10006731484619,41.80591708440534,-33.4903316514618,-70.97768935979636,162.23741516113282,162.23771028267063,165.31552810668944,161.42993327479775,-2.4288545330518616,170.07321497072257,10.856386122532086,6.324375987068903,5.461293092479761,154.4713134765625
2022-05-06,153.223988771511,156.59274408051633,151.42666686979732,154.4713134765625,116124600,41.82029206917258,42.757362854012065,-76.21513419884725,-86.92829779453017,162.13485443115235,161.93314570203896,165.13894943237304,161.29213882334753,-2.560279783628573,168.94487377872815,5.16607721071901,6.158904733304632,5.440206243782565,149.34454345703125
2022-05-09,152.163286830581,153.047223819661,148.78473018495143,149.34454345703125,131577900,33.82571015866654,38.033479760878485,-144.42184976014332,-142.0374216076597,161.88837310791016,161.43947502576415,164.92491363525392,161.05555277648978,-3.0430444141725843,168.622470127426,5.686583291611072,6.091430241634123,5.457804604341744,151.7507781982422
2022-05-10,152.74275136095326,153.94096598283207,150.1989918029188,151.7507781982422,115366700,40.09623327216074,41.31084559689711,-73.26071569468066,-100.01350814041669,161.68472106933595,161.0595261305672,164.68626174926757,160.87129981454427,-3.1946498927737252,168.45545224885092,4.5964225258008184,5.877857710800795,5.396277313017392,143.88385009765625
2022-05-11,150.7588463480562,152.67402087769284,143.20616949802272,143.88385009765625,142689800,29.45148025723708,34.8257024087891,-138.05312789632117,-194.27722177382014,161.3613885498047,160.38597020770794,164.43789367675782,160.53491467163562,-3.9045840633168325,168.9293294841384,9.467851379670122,6.390713949210698,5.687104032064015,140.01419067382812
2022-05-12,140.22044713133192,143.58918770892123,136.32134136947613,140.01419067382812,182602000,25.5577257163348,32.15198490007678,-155.40195801865886,-242.2614333146645,160.89476013183594,159.58707689265384,164.16179931640625,160.128563701382,-4.724994389565495,169.04423543906978,7.56250872818012,6.558113203349187,5.821061510358023,144.4829559326172
2022-05-13,142.00795311338425,145.45528221531998,140.55438668965164,144.4829559326172,113990900,36.81288306668047,38.06552539405941,-75.74826696810928,-137.85833701500215,160.52397979736327,158.99475842363282,163.94400665283203,159.81874968615892,-4.957437224078376,168.81602858893547,5.441091541491858,6.398538680226712,5.7939207982961545,142.94100952148438
2022-05-16,142.9508405374904,144.8856624162591,141.60529515319183,142.94100952148438,86643800,34.70085061498776,36.871355937423985,-60.74387092781322,-113.93815596615869,160.1823794555664,158.36519964315642,163.67906021118165,159.4845370096307,-5.206059816974232,168.52778749399482,3.2803672630672622,5.953085620632505,5.614381260065519,146.5749053955078
2022-05-17,146.2016865687997,147.0954395557584,144.06060880808,146.5749053955078,78336300,43.59790029311338,41.52697635435229,-0.2932906296280187,-65.61027927736883,159.98936309814454,157.90283516285646,163.4244969177246,159.2289007400441,-5.051637849184516,167.27997433108482,4.154430034274014,5.696134822581292,5.51009902965184,138.30531311035156
2022-05-18,144.2276311464923,144.7285184230432,137.40172882849896,138.30531311035156,109742900,32.01631040296611,35.17038208617723,-90.87288949258479,-113.41489461495144,159.66743713378906,157.13430488628762,163.08096954345703,158.8145722721294,-5.532766029940831,166.60379725250743,9.173176567008852,6.192855071785229,5.771747425177341,134.89723205566406
2022-05-19,137.38205052865445,139.13026237954173,134.160625433561,134.89723205566406,136095600,28.3901804222196,32.93302016758521,-137.65885930891372,-132.5931531870364,159.1692758178711,156.26226281449848,162.6636933898926,158.34096157477364,-6.118536557346744,166.11011407488664,4.969636945980739,6.01810962524173,5.714453819520441,135.1329345703125
2022-05-20,136.60614779257094,138.1873972505803,130.2418708685785,135.1329345703125,137426100,29.03865804754406,33.249287289677824,-124.3208145345356,-125.81265392985378,158.76271881103514,155.43366170688336,162.25896087646484,157.8813966835962,-6.488944188107666,165.9084280446977,7.945526382001788,6.293454876207453,5.873816145411966,140.5543670654297
2022-05-23,135.3293635083762,140.70168239695178,135.19186420352216,140.5543670654297,117726300,42.91155752045626,40.23091125309992,-29.70427694633563,-73.32079730161288,158.5389276123047,154.85015995623814,161.90756088256836,157.53828718620676,-6.272722569428311,164.7043738285064,5.568747826639282,6.189925297697714,5.852025551213917,137.85348510742188
2022-05-24,138.29544611720485,139.43473470985077,134.87759532556828,137.85348510742188,104132700,38.53313107683662,38.0933156172667,-43.5543643467242,-79.57654656973763,158.34173248291015,154.18362368765713,161.54070968627929,157.14848912524073,-6.247289120453047,164.38087517828075,5.676771739861408,6.116617646578242,5.839507421831596,138.0106201171875
2022-05-25,135.95793161918118,139.25792986661668,135.8695424217508,138.0106201171875,92482700,38.95589860996291,38.29872103167606,-24.544891222781775,-67.85274052600542,158.06000579833983,153.54938825352107,161.18160049438475,156.76952142211096,-6.143633464545786,163.91436234404452,3.3883874448658844,5.7268704749050485,5.664427423476902,141.21237182617188
2022-05-26,134.93648521161464,141.76236893381738,134.69094971810878,141.21237182617188,90601500,47.53414938034954,42.4861383744643,69.64645555545557,-39.421340022420104,157.75405090332032,153.06558368774267,160.81102127075195,156.46145905387453,-5.736998458607786,161.9445504905792,7.071419215708602,5.918948866448413,5.764926837207738,146.96775817871094
2022-05-27,142.79365382955837,147.00703727273068,142.66597054796807,146.96775817871094,90978500,59.476622883784614,49.1647822361013,201.86370339829904,68.37546170223823,157.5430010986328,152.82645327562378,160.52062133789062,156.27346497713862,-4.893911739694715,161.08459349053803,5.79466544655881,5.90119409217847,5.767051023589957,146.18203735351562
2022-05-31,146.40794084331958,147.9695433008326,144.2177530085784,146.18203735351562,103718400,57.395785494121,48.33951143676196,122.33392561109233,96.57609723267542,157.25033416748047,152.56588794534503,160.26918167114258,156.07363472716588,-4.240281222445702,160.06322762814503,3.7517902922542135,5.594136406475004,5.623103828494547,146.0543670654297
2022-06-01,147.2231036462002,149.03025660842948,145.04274685421817,146.0543670654297,74286600,57.01763090595914,48.197939527559555,87.89270061931045,107.25731786671786,156.92765350341796,152.31053418534833,160.0450653076172,155.8752333873295,-3.690039772112783,158.64949116497525,3.9875097542113167,5.364618313294478,5.50627568033146,148.50973510742188
2022-06-02,145.19008953159607,148.5686612441736,144.23741035730646,148.50973510742188,72348100,62.55337052107021,51.16043736669351,70.42617596920657,95.46720156785746,156.5866079711914,152.16148324111592,159.8438377380371,155.72938193624222,-3.0210173701020153,155.3795461224305,4.331250886867139,5.216994395233429,5.4223453379411515,142.78382873535156
2022-06-03,144.27667399411106,145.32757327458623,141.8802597672709,142.78382873535156,88570300,46.32222560636198,44.735412915655736,-7.5382533618081435,30.728375616519262,156.1037811279297,151.7937320840271,159.585154876709,155.47303434810578,-2.9191944310267957,153.92629652796467,6.629475340150975,5.418777387364507,5.508568909527567,143.53025817871094
2022-06-06,144.40436412307008,145.91687147884687,142.31239647541148,143.53025817871094,71598400,48.36008975011685,45.692885759641804,-20.8479700407975,39.38958471296492,155.56017303466797,151.46967428381865,159.30563049316407,155.23654373089005,-2.7466072219559976,152.0869685165619,3.6044750034353967,5.159591332517492,5.372562201949555,146.0543670654297
2022-06-07,141.77222665254513,146.33918169758047,141.52669111278408,146.0543670654297,67808200,55.087044084488966,48.915949319538726,-39.52782345791793,54.470549280489045,155.05429748535155,151.2573092948622,159.04693969726563,155.05471845038588,-2.378735540444808,151.56757036788582,4.812490584796393,5.110005511414477,5.332557086438615,145.31777954101562
2022-06-08,145.92670296402,147.1936599216941,144.8267083969664,145.31777954101562,53950200,52.74767170516331,48.020300062466056,22.4614757323177,64.79870975023385,154.51642974853516,151.02438655941725,158.81359634399413,154.8619077789132,-2.1221680079839587,150.33262770657302,2.366951524727682,4.718140656173506,5.120728117744976,140.09280395507812
2022-06-09,144.45351900166787,145.3079781710141,139.98476768189485,140.09280395507812,69473000,39.030590566960655,42.127785028798115,-129.50996242166119,-10.164080425176449,153.80815979003907,150.5956970455216,158.51938430786132,154.56945027745112,-2.3137764779201007,150.17960923662085,5.333011859120774,4.805979399451687,5.135891242128962,134.68118286132812
2022-06-10,137.77492521441144,138.24634933788164,134.61242570462275,134.68118286132812,91437900,29.69843643279053,37.05598634972411,-195.8626483911694,-129.16909604527467,153.0149984741211,149.97159845006303,158.2030844116211,154.17562319990415,-2.869225520500578,150.5350560791311,5.480378250455374,4.902322092452214,5.16049745700942,129.52491760253906
2022-06-13,130.49722878533498,132.78562190034356,129.09277263849617,129.52491760253906,122207100,23.462454096700498,32.98163802409729,-157.5835515124445,-185.79399237786706,152.1806918334961,149.16976782859152,157.87018814086915,153.6874904157979,-3.6830346711380173,151.28029600611376,5.588410222831953,5.0003346825064625,5.191062654568173,130.38922119140625
2022-06-14,130.75262407444748,131.49904691232263,129.132080103246,130.38922119140625,84784300,26.48134019583337,34.28592726005395,-99.41262972289455,-155.18076338032338,151.3695556640625,148.43327580360386,157.5627813720703,153.22613854996837,-4.209715233110785,151.6729655803954,2.366966809076615,4.6241392720164844,4.989341522747347,133.01150512695312
2022-06-15,131.8918636674431,134.88740024350506,129.79991106375064,133.01150512695312,91533000,35.4881661391434,38.21475473098393,-55.3133280491235,-107.74507612780151,150.52985931396483,147.8285004829509,157.3021662902832,152.8258487792156,-4.365197692981923,151.11676176410285,5.087489179754414,4.690332115979046,4.996352069676424,127.73744201660156
2022-06-16,129.72137392087922,130.0258356762957,126.73565254208258,127.73744201660156,108123900,27.564350679618656,33.833470636807874,-86.41294252232815,-128.89789089213104,149.65097686767578,147.0406158372117,156.99654800415038,152.32904864530244,-4.857991575553058,151.78647483608717,6.275852584870549,4.916835040106403,5.087744963618861,129.21063232421875
2022-06-17,127.74724995941776,130.70349274398822,127.4918833825682,129.21063232421875,134520300,32.47749646963301,36.03934834621666,-65.4681058558233,-96.97483491971958,148.86491119384766,146.3414007974865,156.72368362426758,151.87125822310276,-5.0712024666971445,152.15023926470053,3.2116093614200167,4.673231371722634,4.953735277747515,133.4436492919922
2022-06-21,131.0374040187389,134.61240084976376,130.93919879539584,133.4436492919922,81000500,44.986307588625536,42.02060697011121,52.14428466309633,-50.35805432159602,148.15742614746094,145.83560662080043,156.49403091430665,151.50635507595206,-4.84277998835006,152.19009676048248,5.401768525545009,4.777308107982973,4.985737652590193,132.93295288085938
2022-06-22,132.38294065988546,135.29990419534238,131.51866571381353,132.93295288085938,73409200,43.8430916874185,41.51618428172238,90.23198435059192,-40.78813453147077,147.4799362182617,145.32962019962628,156.26387481689454,151.13856493347495,-4.649367447076202,152.05302222519785,3.7812384815288453,4.635012447060954,4.8997019975143825,135.80084228515625
2022-06-23,134.3767387138988,136.11512007981293,133.20798678744393,135.80084228515625,72433800,51.85831423136294,45.47454923348616,108.8421276435245,-14.535895254711212,146.94492858886719,144.95594263435297,155.95358032226562,150.83484765331025,-4.216071658019416,152.0054079848074,3.1821671989535503,4.4274631259027535,4.777020940474324,139.1302947998047
2022-06-24,137.40171459924213,139.37583039772065,137.27404627901228,139.1302947998047,89116800,59.657246479703275,49.72854178164547,156.65168993001183,35.714282323337834,146.43904693603517,144.72748585652755,155.6329945373535,150.60307432947846,-3.5629511479543226,152.06089246034054,3.574988112564398,4.305680981140131,4.691161452766472,139.1302947998047
2022-06-27,140.15171629316146,140.92761717490586,138.45261415174812,139.1302947998047,70207900,59.657246479703275,49.72854178164547,113.49064089645498,56.02913596798953,145.87942291259765,144.50798816802862,155.31407379150392,150.3758905764156,-3.010643612741461,151.90725168614645,2.47500302315774,4.044155558571218,4.5328644220801335,134.9856414794922
2022-06-28,139.59189131103963,140.85884829692233,134.86778919791303,134.9856414794922,67083400,46.80880684047975,44.69429706732446,43.8033870636567,30.974654134252123,145.3371337890625,144.13456280769387,154.94165954589843,150.07113316855572,-2.874242320246424,150.80594273386066,5.9910590990093056,4.322284635776659,4.6370211847179315,136.74366760253906
2022-06-29,135.0052865296894,138.15795490582852,134.22938572393656,136.74366760253906,66242400,51.9318551302633,47.13878306001304,9.389855086418713,40.01458353203267,144.83431915283202,143.84472378004074,154.61562118530273,149.80722295932767,-2.594378912376243,149.7685892111389,3.928569181891959,4.2660395709359875,4.586417470230363,134.27847290039062
2022-06-30,134.79900702917675,135.89900141660408,131.38115662088498,134.27847290039062,98964500,44.862991017583475,44.18930358265403,-84.78208685670278,1.5252422155428536,144.23650146484374,143.46957668672113,154.26777481079102,149.49972295816062,-2.542200846411447,148.5905343388522,5.362510981654083,4.422678343895716,4.641852721046343,136.44898986816406
2022-07-01,133.6105999003664,136.55702609474315,133.2373961064284,136.44898986816406,71051600,51.6266364356337,47.31502611953051,-47.871675884171374,39.88656162907535,143.6854278564453,143.19425955658164,153.94879287719726,149.24129259994285,-2.299202992782881,146.69973068722874,3.3196299883147447,4.265100007384149,4.547408240136943,139.0320587158203
2022-07-05,135.30974606974897,139.08116882706543,134.4847351652157,139.0320587158203,73353800,58.6664328780315,50.84338256760665,30.316830553737347,78.14451617022728,143.20190307617187,143.03103599419885,153.62455322265626,149.03912955273248,-1.8765615413487922,146.16563563751438,4.596433661849716,4.312433386593516,4.55091005597357,140.3677520751953
2022-07-06,138.82579671678738,141.54631963942614,138.56061414428805,140.3677520751953,74064300,62.00244091910444,52.61072700879869,121.19720196916361,122.34165720601862,142.8359048461914,142.92659348757127,153.29945053100585,148.8674191076327,-1.4174958451315263,145.62716314041225,2.9857054951380917,4.122900830671313,4.439109730199607,143.7364959716797
2022-07-07,140.73112869012363,143.93292138573145,140.72131266462554,143.7364959716797,66253700,69.29447578623099,56.826722513874316,156.1243688462983,150.6316824179459,142.5159017944336,142.95835436930102,153.04883239746093,148.765816669297,-0.7729434834738527,145.0698252184026,3.5651693105361346,4.04322489922343,4.3766854145093586,144.41421508789062
2022-07-08,142.6660027762283,144.9151173141752,142.41065114166443,144.41421508789062,64547800,70.61791552334276,57.64313626734523,111.80617599164282,152.79566094914412,142.32870635986328,143.01544694650062,152.83911956787108,148.67964634095233,-0.20508078078535164,144.84574084614835,2.5044661725107744,3.823402223978765,4.242955468652317,142.28294372558594
2022-07-11,143.06866052706354,144.02133971358117,141.2124122640522,142.28294372558594,63141600,60.97563448296412,54.173710703039326,61.60430186269117,106.02328645021434,142.10339630126953,142.98672132999417,152.6057405090332,148.55297896243022,0.07214704889540258,145.2108019960938,3.2018028238384204,3.7346023096730017,4.1685874225941815,143.25527954101562
2022-07-12,143.15705931439427,145.79902455570198,142.45974665881124,143.25527954101562,77588800,63.619605095693316,55.4899365138669,72.39462319879918,114.97783089545416,141.7588623046875,142.99725302454402,152.34373962402344,148.4480740233923,0.36609140159814046,146.15544112926668,3.5160808301160387,3.7033849554505784,4.121979808845743,142.89186096191406
2022-07-13,140.4365056872071,143.83470899507392,139.58203186092555,142.89186096191406,71185600,61.79400867693752,54.85575520887634,10.437833234264913,66.34761579487385,141.5245489501953,142.9931200024801,152.08045806884766,148.33805000237294,0.5632270459628614,146.70964752269478,4.252677134148371,3.78185526669312,4.131315332081645,145.81866455078125
2022-07-14,141.50706056941064,146.29008864591398,140.69188068401962,145.81866455078125,78140700,69.90746382809135,58.9269961864584,94.56039644874018,99.79197594286455,141.34269134521483,143.10392567104094,151.88243621826172,148.28816118154933,0.9447367169165091,147.71787351068724,5.59820796189436,4.04133422315044,4.236093377068267,147.48828125
2022-07-15,147.1052464203459,148.1659617146879,145.55346006304742,147.48828125,76259900,73.63387418183518,61.08310410147162,194.08713988167355,132.24059384573013,141.1644128417969,143.2758611839413,151.71660537719725,148.27232197498398,1.3660628713971619,149.0482494896337,2.6125016516404855,3.837215284363304,4.120122539537711,144.44363403320312
2022-07-18,148.0480934472088,148.86327312192967,144.08023129522527,144.44363403320312,81420900,58.27998767944863,55.374514266934966,82.19790188925751,91.01051904969756,140.7969647216797,143.32165619763785,151.54955322265624,148.19650637217646,1.437716201671435,148.96566708690446,4.783041826704391,3.9723333618406023,4.167473917192473,148.30345153808594
2022-07-19,145.27845218517842,148.52934001645056,144.2864940964481,148.30345153808594,82982400,68.11376725669975,60.42407182335799,93.72010555569689,102.17636302307471,140.6881430053711,143.5170207207927,151.46277908325195,148.19862409823406,1.785376290433419,149.5121879624473,4.242845920002452,4.01097801300658,4.1728576316789,150.30703735351562
2022-07-20,148.42132610705224,150.97490184976564,147.6847194489196,150.30703735351562,64823400,72.0968332536037,62.77852373605339,135.6649198543449,138.76937306909284,140.60485748291015,143.78329588286024,151.36985595703126,148.2403748557644,2.19724358980622,150.78484993234676,3.2901824008460494,3.9080072112693616,4.109809400905125,152.5758056640625
2022-07-21,151.7409787508479,152.79187815956976,149.2266969700013,152.5758056640625,65086600,76.0492473925839,65.29621483363032,135.6088048047797,159.9493021632862,140.6694827270508,144.12810018800545,151.27892791748047,148.3262249707802,2.6758761985344393,152.2314459935054,3.565181189568449,3.8590320653120886,4.070907385809648,151.3382568359375
2022-07-22,152.61504443026655,153.4891502088084,150.6704074708932,151.3382568359375,66675400,69.76085372012889,62.80086546813449,100.42983069567823,139.13466440122673,140.66123229980468,144.41085142910083,151.1729766845703,148.38586916612985,2.9216570971630063,153.34213746267577,2.8187427379152155,3.7104193042553923,3.981467053817189,150.2186737060547
2022-07-25,151.25974222884446,152.27134767920083,149.5606401112027,150.2186737060547,53623900,64.16123675774406,60.5465662712581,50.6492779044656,99.8521744404618,140.78792877197264,144.63860916545195,151.07465866088867,148.42216232533627,2.991613766956391,154.21888864382822,2.710707567998128,3.567603341932926,3.890698519115827,148.8927764892578
2022-07-26,149.54097900815464,150.3561589035467,148.10705966352916,148.8927764892578,55138700,57.75588373998134,57.89603491992823,-9.845015493997959,56.75677340918878,140.96550048828124,144.8054392565816,150.9301303100586,148.43148141769115,2.9065610805035362,154.7725961853139,2.249099240017557,3.3792456130878734,3.773441427751665,153.9900665283203
2022-07-27,149.8552563235132,154.5204317003286,149.4427584043403,153.9900665283203,78620700,70.82107782303017,64.35617455951557,101.62306322026306,115.0765317651389,141.1556427001953,145.1656207182184,150.83981124877928,148.54155240998082,3.213422584769063,155.76519088679623,5.627655211070788,3.70044698422829,3.905885269417316,154.5400848388672
2022-07-28,154.17668202554245,154.82489948966665,151.65258430440582,154.5400848388672,81378700,71.91456909106125,64.9805569254922,123.7360725492847,114.12891253993688,141.38762420654297,145.53324676216545,150.7850018310547,148.66033523035483,3.4610970463908757,156.77025133598704,3.1723151852608282,3.6249995843757956,3.853487406263281,159.60792541503906
2022-07-29,158.3606155964203,160.70793488273625,156.65168275313596,159.60792541503906,101786900,79.97967114094043,70.16622801247578,200.38807978893215,184.26155177683873,141.6482846069336,146.08519494463107,150.81882385253905,148.87711919440798,4.019973470588155,158.29918437136908,6.167850043869066,3.9882639357319767,4.018799023235123,158.62579345703125
2022-08-01,158.1347223194791,160.66865118760447,158.01687004208316,158.62579345703125,67829400,75.10346098525049,68.06275549876688,117.92199753852456,154.68660065091422,142.05469421386718,146.57698312158794,150.86106567382814,149.0701622491134,4.333681242518878,159.402237782963,2.651781145521312,3.7973378228447388,3.9211548891127075,157.15255737304688
2022-08-02,157.24096155464215,159.50970748502837,156.77935355303202,157.15255737304688,59907000,67.86271480158845,64.91886910148855,62.03383550640758,115.68057780157584,142.49980072021484,146.99171152360597,150.83453826904298,149.23020967731009,4.412553897673604,160.15733995698474,2.7303539319963477,3.64491155272354,3.8360976778901104,163.16329956054688
2022-08-03,157.96775857743674,163.61507661089456,157.87936937014717,163.16329956054688,82507500,77.97168943106817,70.83751414416406,97.76967357703073,148.35834769887956,143.06040802001954,147.62589144662326,150.91156341552735,149.50611244727517,4.903552603733004,162.15699329642484,6.462519237847687,4.047426936312704,4.02369921788708,162.8489990234375
2022-08-04,163.0454244700845,164.20436008201335,161.49363796486168,162.8489990234375,55474100,76.50362954597566,70.17084991583408,109.57505864973274,134.4524713956036,143.5063006591797,148.22287605747871,151.02261413574217,149.77032802304078,5.207284850776745,163.93243983752916,2.7107221171516755,3.856469105003985,3.929915139263122,162.62278747558594
2022-08-05,160.51808440274291,163.11454067024195,160.31154145785612,162.62278747558594,56697000,75.31295531353678,69.66269231411101,74.24908489871424,100.83752500066954,144.00168670654296,148.78757846603193,151.17170959472656,150.02483217061592,5.367864067853844,165.38658379001424,2.802999212385828,3.705973406058534,3.8494211444861723,162.15072631835938
2022-08-08,163.62598619996888,165.04223808745311,161.49177870542815,162.15072631835938,60276900,72.56342218573869,68.54711657834258,79.22291895387684,97.02606668988417,144.48448883056642,149.3116234798487,151.27224731445312,150.2649488864128,5.394844455382213,166.29101963041498,3.550459382024968,3.683757116910882,3.8280667328818008,162.19989013671875
2022-08-09,161.31474028979756,163.08505499075815,160.55743608300256,162.19989013671875,63135500,72.68459106803222,68.60350785863395,33.551319613114046,73.70026893831643,144.90423919677735,149.8170457016867,151.32914505004882,150.50128435671587,5.358425126786301,167.02023140589742,2.5276189077555955,3.5185945156029836,3.7351776025156433,166.4486541748047
2022-08-10,164.91437134851807,166.54699582568117,164.14723743893427,166.4486541748047,70170500,81.10015468958323,73.09318820055896,164.1282132174061,114.67458702267625,145.29385711669923,150.469265641809,151.41842910766601,150.81707385806416,5.6077595347503575,168.24211541313923,4.347105688962415,3.6369532546543306,3.7788867515475557,165.71102905273438
2022-08-11,167.25512657950156,168.16979550252623,165.41597407733548,165.71102905273438,57149200,76.33663061411082,71.18987485472876,132.0109981639409,112.99622335778957,145.6844369506836,151.06698185400214,151.46738555908203,151.1120036638992,5.680359023733672,169.2763422205186,2.7538214251907505,3.510791564730962,3.7056677996649268,169.261474609375
2022-08-12,167.0190809905204,169.33031226065586,166.60599505436244,169.261474609375,68039400,82.20582493378865,74.61615337530408,125.51089255922234,127.13622087706857,146.1485791015625,151.7804913738207,151.53811630249024,151.47139912816604,5.9557319552477,170.9163073268086,3.619283207921484,3.526290370901037,3.699497471683252,170.33348083496094
2022-08-15,168.6910268994302,170.5301791193321,168.52383260735886,170.33348083496094,54091700,83.63558641341267,75.56120690152262,115.10847715102092,142.90035635043822,146.58505401611328,152.50805958798307,151.58583099365234,151.84490569661745,6.189124555423689,172.0285589401916,2.0063465119732484,3.3091555339113525,3.5785581174182517,170.17613220214844
2022-08-16,169.93025557179138,170.84492444042124,168.82873307006977,170.17613220214844,56377100,82.50043336723326,75.11912792817617,92.8419280609659,127.81333751604711,147.13290008544922,153.20092518069546,151.61834060668946,152.20790028088538,6.288898644050306,173.17979872379053,2.0161913703514642,3.124446367688511,3.466960492627767,171.67105102539062
2022-08-17,169.9204107737534,173.24465231523857,169.72371248841205,171.67105102539062,79542000,84.7888119487382,76.52438955462851,100.6291197471814,128.8699608174326,147.6957159423828,153.92524384127177,151.6279444885254,152.59330920651914,6.414653649312129,174.5119942406754,3.5209398268265204,3.181088290422512,3.470816159356249,171.2776336669922
2022-08-18,170.8842371095866,172.01526346746522,170.26462327491188,171.2776336669922,62290100,81.51596314889377,75.31875602261537,78.77473696425108,103.80576860165212,148.20018127441406,154.60572971679022,151.6272393798828,152.96329582949878,6.408694463598721,175.6570911566521,1.750640192553334,2.9767385621554867,3.3479464474417555,168.6909942626953
2022-08-19,170.17608328056133,170.87437931316396,168.4844513494394,168.6909942626953,70346300,62.89398986355524,67.75991280261474,-9.19364535708082,63.55652324120155,148.66764556884766,155.15809303231592,151.5920376586914,153.27473540243338,6.124650425861148,176.01364403059625,2.793182317552777,2.950516241497957,3.3083204381639715,164.80616760253906
2022-08-22,166.89119627908354,167.05839055907853,164.38325206492678,164.80616760253906,69026800,44.915245459982415,58.29711235056224,-186.08104449788047,-19.918959251563287,149.16191284179686,155.53644889781486,151.48503631591797,153.50308059451467,5.522411512568681,175.54032508381385,4.307742197768533,3.144405663822325,3.3797077067071544,164.4717559814453
2022-08-23,164.3242360378254,165.92735612503327,163.90132052092278,164.4717559814453,54147100,43.66179183131634,57.5520340421431,-126.71779354819765,-41.13824093524203,149.75772430419923,155.88685309717295,151.38636138916016,153.7202820873252,4.9609617330919775,174.426667134068,2.02603560411049,2.9846385124349197,3.283016842235964,164.76681518554688
2022-08-24,164.56028725907692,165.3372506609901,163.50792827667766,164.76681518554688,53841500,45.235021088603496,58.061343660111575,-86.75314885933568,-50.81341105782952,150.46256225585938,156.23508690456018,151.32162704467774,153.93902531699294,4.48808173715571,173.90431144639618,1.8293223843124338,2.819593351274565,3.1791815238128547,167.22561645507812
2022-08-25,165.99623327523008,167.3338027751895,165.57333266477946,167.22561645507812,51218200,56.92842156022701,62.1381982008079,-23.8187810382454,-8.717534149831865,151.1992901611328,156.66608806340403,151.28442291259765,154.20212613160848,4.262589172243395,173.3976740198494,2.566987589642622,2.783506813898573,3.1354533856578377,160.92135620117188
2022-08-26,167.75673954884368,168.22881854744674,160.8623482022366,160.92135620117188,78961000,34.740037450638894,48.98887121463531,-93.40194307822888,-98.28088133506124,151.75748718261718,156.83296132370864,151.143673248291,154.3351801923919,3.534440741618795,173.30463170472163,7.366470345210132,3.4382158898002246,3.437668882768716,158.71827697753906
2022-08-29,158.49205968709833,160.21319598841637,157.18400930436007,158.71827697753906,73314000,29.976588547515405,45.375235067693815,-186.48335351798207,-198.39267951164445,152.37710388183595,156.9068952709177,151.01404037475587,154.42197418813737,2.7479313409066606,173.29422947146796,3.7373468968118004,3.4809488908018786,3.4590744552003647,156.28903198242188
2022-08-30,159.45592432505862,159.8788249449609,155.11865676791015,156.28903198242188,77906200,25.48179949684267,41.72075936515127,-135.30389830996737,-181.2101041728897,152.918671875,156.8826653380355,150.89179153442382,154.45894562960834,1.9066188895598088,173.4308618964347,4.760168177050758,3.663694503123147,3.5520097210468213,154.6268768310547
2022-08-31,157.66590799399623,157.9314589229971,154.54819451849457,154.6268768310547,87991100,22.75781460012574,39.38350752910626,-103.78150279335588,-158.7933928057201,153.34233642578124,156.7942030436441,150.7498812866211,154.462270999934,1.0931495336711805,174.17936646749712,3.3832644045025404,3.6236330604630607,3.539956484150801,155.3546600341797
2022-09-01,154.05642452911226,155.8070645231953,152.11891593895604,155.3546600341797,74229900,26.757405564845442,40.94354780203278,-91.72239495568267,-141.69665374231502,153.79077056884765,156.73775037660627,150.63535339355468,154.47994206991905,0.5014152279260031,174.63852089982936,3.688148584239258,3.6328495638596605,3.550541634157119,153.24014282226562
2022-09-02,157.11516076913463,157.71510032446895,152.41400097767612,153.24014282226562,76957800,22.762261689043072,37.892219536680805,-75.83060847983565,-113.97212762659548,154.13955657958985,156.60058929604392,150.54224258422852,154.4553915897675,-0.13658784023701287,175.25086053845868,5.3010993467928245,3.871170961421541,3.6755814707739556,151.98126220703125
2022-09-06,153.88926726791752,154.49903651153815,151.15512032719968,151.98126220703125,73714800,20.62346203394597,36.164231598102205,-101.88613831949955,-112.26196299507369,154.39657592773438,156.41943921412187,150.41781143188476,154.4063989287232,-0.7353147622040979,175.87011561553564,3.343916184338468,3.7958488504096732,3.651891093171421,153.3876953125
2022-09-07,152.2664983933652,154.08597659166026,151.0764488090942,153.3876953125,87449600,29.28415695729842,39.48452401315227,-85.55477607188584,-93.21000031058853,154.6817239379883,156.30054729641122,150.28057342529297,154.3862265798871,-1.0838290571870175,176.17042978971205,3.0095277825660673,3.6835172692891582,3.6060079995567524,151.91241455078125
2022-09-08,152.08943851032333,153.7810708236077,150.1617592438652,151.91241455078125,84923800,25.834590209057083,37.29331638858265,-100.5553370718259,-92.63955913961502,155.02025939941407,156.1284636593277,150.1786965942383,154.33724020307312,-1.4622164538242828,176.17723380184395,3.619311579742515,3.674345027925352,3.606958255284307,154.77439880371094
2022-09-09,152.90574262919617,155.21698869351633,152.19761681404773,154.77439880371094,68028800,41.44559195252403,43.80820202119614,21.486872909448664,-59.35475736936861,155.3808740234375,156.0753630767545,150.10759658813475,154.34589680902633,-1.5137039443596336,175.89857871345617,3.3045741427350777,3.621520615755313,3.5853593901022194,160.7344512939453
2022-09-12,156.9577901423654,161.5507634451195,156.67257987610813,160.7344512939453,104956000,61.2581140568476,54.42685626236564,219.9378507310509,26.83857794121023,155.9099935913086,156.25807241860514,150.07324752807617,154.47240283843064,-1.0613471762491429,175.04352236475964,6.7763646414085486,4.072212619420061,3.8132883366241,151.30264282226562
2022-09-13,157.26269006575274,157.89213365235918,150.8403935469479,151.30264282226562,122656600,37.70425034702371,41.16846577848751,-30.981789069927757,-63.80943211139565,156.20706665039063,156.06374184619966,149.94624725341797,154.40963531335805,-1.4472364562253688,174.08484399014532,9.894057746997419,4.9039047805025415,4.247629008793623,152.74839782714844
2022-09-14,152.23697022602627,154.5088829319825,151.0764397160354,152.74839782714844,87965400,41.712203997160664,43.44277777230533,-43.37442138210253,-67.09589456551473,156.48139343261718,155.93372835525648,149.84164825439453,154.3767395215519,-1.6177477554613802,172.8070970250901,3.432443215947103,4.69369598556605,4.189401452161728,149.85690307617188
2022-09-15,152.0992970318854,152.67957735931762,148.88324109971128,149.85690307617188,90481100,36.26769497226083,40.103627866918835,-111.1108552577514,-113.61332017166372,156.67117645263673,155.69542148156688,149.75354064941405,154.2872378097622,-1.9635639073001414,171.0931597489554,3.865156727437153,4.575333234404779,4.166241114681401,148.21444702148438
2022-09-16,148.71604501032593,148.85373533906042,145.92287475909458,148.21444702148438,162278800,33.380313684279756,38.30267055682041,-141.93929875217663,-181.39647251881505,156.76073547363282,155.40204993411265,149.6383186340332,154.166984526826,-2.3431478265528938,169.20617438058267,3.934028317077292,4.483718246215138,4.149654486281107,151.93206787109375
2022-09-19,146.84734147012324,152.0107501857091,146.64081352548533,151.93206787109375,81474200,44.953039267218124,44.39002357036108,-59.25261756087677,-97.73144995252852,156.91109252929687,155.26597220615113,149.61989944458008,154.12272875146496,-2.3172777487729377,167.3387054401775,5.369936660223772,4.6103208767878,4.236817498705583,154.3121795654297
2022-09-20,150.8699064647989,155.47272515734463,150.5551921564435,154.3121795654297,107689800,51.27515665934472,47.93203266399009,23.837679521705528,11.774944495075859,157.15167724609375,155.22856857318166,149.62753677368164,154.1264802527316,-2.0807349857359156,166.13147266462818,4.91753300090113,4.654208323089705,4.285440034576693,151.18463134765625
2022-09-21,154.74492033364538,156.12183853779936,151.06661536137307,151.18463134765625,101696800,43.59876893587988,43.9689392565934,47.166859841516874,-4.352589697421913,157.31026428222657,155.06998279963165,149.53456329345704,154.06822581896773,-2.1211884054497148,164.84912027675995,5.055223176426296,4.711496159280647,4.3404245447088075,150.22080993652344
2022-09-22,149.86674694503645,151.9222722255848,148.42099098039108,150.22080993652344,86652500,41.37189970308756,42.794649757032566,-35.825802015085614,-89.44907705212346,157.45684326171875,154.87981915794114,149.49069610595703,153.99203936585002,-2.2055956314075615,163.2781984232275,3.5012812451937236,4.5386083144110865,4.280485737600587,147.9488983154297
2022-09-23,148.69637297479187,148.97175363651883,146.1097456802274,147.9488983154297,96029900,36.2764047067189,40.07752470890557,-109.95667782835544,-142.4083930639962,157.49944793701172,154.60801834058776,149.4210696411133,153.87237320643573,-2.4278267710184025,160.5584902110554,4.111064256296032,4.477530591823222,4.26838420322169,148.2832794189453
2022-09-26,147.19158660210013,151.2337989231627,147.1719122700789,148.2832794189453,93339400,37.59614780395634,40.67455468035641,-46.66706922504886,-86.09326462744932,157.51534790039062,154.35998936326845,149.33988037109376,153.76169808193097,-2.5475976696237126,159.39382114920392,4.061886653083803,4.41815288628902,4.253634378211841,149.25694274902344
2022-09-27,150.22078993520137,152.16812862553914,147.47679836474876,149.25694274902344,84442700,41.69805692655917,42.47192674761301,-33.086438211803554,-55.81182428654799,157.61161407470703,154.1598698882,149.20428939819337,153.6724950060318,-2.5347316673325224,158.51082134323596,4.69133026079038,4.4571782255035,4.284898369824594,147.3686065673828
2022-09-28,145.20489532446575,148.1554147485666,142.45107419388137,147.3686065673828,146691400,36.29933894791456,39.94433263689519,-126.78426356134698,-128.7361021761184,157.59291717529297,153.89354583640326,149.14053009033202,153.54766553199912,-2.6464021396587896,158.15899477198707,6.8058685551420695,4.792705415451867,4.464967668775842,140.12997436523438
2022-09-29,143.6902774000374,144.30004650786495,138.35966001189522,140.12997436523438,128138200,22.988422077381458,32.06632436978211,-174.99165763609017,-208.1893180372135,157.38937591552735,153.3537979355731,148.99711669921874,153.2819686772117,-3.281175566984274,159.14943037091578,9.008946555487597,5.395025578314114,4.789537589255254,135.9206085205078
2022-09-30,138.9498106360333,140.7397998435746,135.72391020279727,135.9206085205078,124925300,18.408698278871555,28.541171873320366,-147.18448471714586,-221.21519885188852,157.05627197265625,152.6701434487078,148.8628773498535,152.93817936717795,-4.076902729089483,160.3645832680241,5.015889640777317,5.340863301523143,4.805705592935401,140.10049438476562
2022-10-03,135.93043653465315,140.71027860420344,135.41900896557823,140.10049438476562,114311700,33.70840576391038,36.058197581894454,-82.33662471817306,-151.3728655408905,156.8315167236328,152.17721603443553,148.74637451171876,152.6839677833678,-4.320437072289877,160.5151612807305,5.291269638625209,5.333778492537724,4.840388739056102,143.69029235839844
2022-10-04,142.6379332973476,143.80830832520158,141.88062916042142,143.69029235839844,87830100,44.19358308538276,41.727671794529094,-6.949574507587623,-62.58244577063591,156.7009490966797,151.84439549812035,148.74443893432618,152.50587520069513,-4.175638932202219,160.3309972954749,3.7078139404359547,5.101497842237471,4.759490539154663,143.9853515625
2022-10-05,141.6937945288243,144.94919877755754,140.65126498965273,143.9853515625,79471000,45.02735998463332,42.18145550993843,9.915360694155002,-51.78623766124672,156.60280059814454,151.5361976967235,148.7841505432129,152.3371519603348,-3.991069980727133,159.90162895415918,4.29793378790481,4.986702977332805,4.726522199779674,143.03134155273438
2022-10-06,143.40507882099124,145.1065408456924,142.8248135939426,143.03134155273438,68402200,42.62509121714369,41.06788599687877,49.042768195141996,-38.81148313592994,156.38362609863282,151.20267392637098,148.76963439941406,152.152878486917,-3.877085760484647,159.61494907887297,2.2817272517497997,4.60027787367809,4.551893989206111,137.7794189453125
2022-10-07,140.18900681575843,140.73978304959337,137.1499753994762,137.7794189453125,85925600,31.746864148320014,35.51014519371495,-68.56641962723305,-100.06934540132134,156.0484127807617,150.67627177025102,148.71801849365235,151.8682555256971,-4.162555359912517,159.21911591596898,5.8813661532581705,4.783290485046673,4.646856286638402,138.10398864746094
2022-10-10,138.10398864746094,139.54974448383035,136.28451052504542,138.10398864746094,74899000,32.980063421139306,36.085807232881216,-63.780561723400915,-96.89651269598075,155.61833404541017,150.18324105955335,148.63330932617188,151.595695785534,-4.312885749493319,157.05237120265727,3.2652339587849326,4.566425267009281,4.548168977506011,136.6876678466797
2022-10-11,137.5924916199001,139.01858741081432,135.94020864457016,136.6876678466797,77033700,30.20197279818244,34.633010748816545,-82.09676637103672,-99.13691233048641,155.17957153320313,149.65400289434263,148.61713287353516,151.30048731149728,-4.494499130002225,156.82696252074683,3.078378766244157,4.353847195471406,4.443183962415878,136.0582733154297
2022-10-12,136.8352517842159,138.04496046792565,135.88124936484056,136.0582733154297,70433700,28.938184514542783,33.97834947807118,-80.73351405095994,-93.31248779081974,154.75768585205077,149.1208370285029,148.62874328613282,150.99866129177315,-4.6357775630362426,156.20257357780463,2.1637111030850917,4.04097061084479,4.280364472463679,140.63157653808594
2022-10-13,132.76352584164425,141.2216713360496,132.15374170783133,140.63157653808594,113224000,47.54524272538582,42.485693658581916,-37.583457669811295,-61.780891172499935,154.30705139160156,148.7879248524081,148.68372970581055,150.79337248476944,-4.328814510608424,155.61683557442223,9.06792962821828,4.759107613326718,4.622333412160437,136.0976104736328
2022-10-14,141.9297957953737,142.13633872738868,135.9107418701706,136.0976104736328,88598000,36.49308539424597,37.34758689935085,-24.87146047649873,-53.897306022423706,153.77202362060547,148.29026546500515,148.6391621398926,150.5023672964301,-4.400669075692747,155.38473656048706,6.225596857218079,4.968606076739769,4.736852229664554,140.0611572265625
2022-10-17,138.7432621845146,140.5430657827838,137.95645402263972,140.0611572265625,85250900,48.663803151461195,43.75171617760178,166.2795163391672,-11.229713546275255,153.320791015625,147.9675553380074,148.66123886108397,150.2956106613832,-4.090634944676765,154.2413521662926,4.4454553091509865,4.893870252798514,4.716038163913585,141.37905883789062
2022-10-18,143.0903655439518,144.2804000004446,138.2908490399077,141.37905883789062,99136600,52.216201359489666,45.737825580474635,168.3805347544955,56.32000229230123,152.90535766601562,147.7091829262381,148.69492324829102,150.11904527873978,-3.6959820360577,152.34040624819337,5.989550960536889,5.050396068189711,4.807003363672393,141.4872283935547
2022-10-19,139.35302135031444,142.5592467457927,139.1661527370201,141.4872283935547,61758300,52.53074377968343,45.90665358240655,96.54631522556029,47.61561299993305,152.49110443115234,147.46518470927012,148.69767181396483,149.9481182117064,-3.336032675450639,151.00332334473546,3.393094008772607,4.813638631130124,4.706009838322408,141.0249786376953
2022-10-20,140.66108608089553,143.48374457740485,140.2971785169794,141.0249786376953,64522000,50.861550668804924,45.25860909794103,88.15500484562016,54.466183225060426,151.98263092041014,147.21262760842404,148.6382440185547,149.77142237855767,-3.0528782261495735,149.70780507593412,3.186566060425463,4.581199692458029,4.597478139901197,144.8409881591797
2022-10-21,140.51355110159545,145.41142365797057,140.29717849836038,144.8409881591797,86548600,62.37588581451356,51.36263869926437,124.90817334270668,96.86348536265936,151.56523010253906,147.11962213982625,148.62483352661133,149.67379001777792,-2.49183192112406,149.16530999437083,5.114245159610192,4.657349044908338,4.634390069880411,146.98504638671875
2022-10-24,144.76232705447245,147.75218027161432,143.59195189473937,146.98504638671875,75981900,67.38547779579463,54.43680118764256,163.60552061884752,152.9062190474464,151.11970153808593,147.11434465931225,148.6341403198242,149.62054756963812,-1.852832798794708,148.88731557277436,4.160228376874954,4.5863318066178556,4.600521377522878,149.82737731933594
2022-10-25,147.6144876838341,149.97491229930705,146.89653213741997,149.82737731933594,74732300,72.95489336936672,58.20794655379929,147.77063521653432,186.53402799112368,150.70957946777344,147.22073809696025,148.64731674194337,149.624643208246,-1.1043389072020204,149.03848720687697,3.0783801618870825,4.370910143084887,4.491797004977465,146.8866729736328
2022-10-26,148.47011872840665,149.4831290241877,145.5982671053076,146.8866729736328,88194300,60.487212275065716,53.29329176095886,74.81184833099886,131.4378410237787,150.2437902832031,147.20763750388858,148.68834518432618,149.5704259758774,-0.7399131119396145,148.94118688207354,4.2291102140283385,4.350653010362523,4.473033662766813,142.4117431640625
2022-10-27,145.62781359762897,146.5916457586151,141.75279561471663,142.4117431640625,109180200,46.40731828734191,46.815592102874014,-27.255607886013156,44.26084545931476,149.65860412597655,147.01956321605226,148.67716003417968,149.42866988059393,-0.8029367259653668,149.05399359145417,5.13387735891618,4.4625422030130455,4.520236783920339,153.17129516601562
2022-10-28,145.75564835945892,154.90226106166642,145.3819261249116,153.17129516601562,164762400,67.57786802944622,59.54733911066413,127.53438697757049,156.51494971526355,149.29647735595702,147.2608076062469,148.74832931518554,149.50278127238445,0.015147915349359664,151.06864509038698,12.490517897603922,5.609395873668886,5.089542577754881,150.8109130859375
2022-10-31,150.63388908416607,151.69607811615833,149.41433537918505,150.8109130859375,97943200,61.37291747838571,56.359866715492274,88.67422148791518,123.04254290393804,148.93887573242188,147.40002742897988,148.80326065063477,149.52868487265283,0.46763220725236465,152.29683375044021,3.7569597868305777,5.344762146977699,4.99435809268886,148.1652374267578
2022-11-01,152.52217870801033,152.8860712842191,146.6703184608035,148.1652374267578,80379300,54.793817584572864,52.93927648927206,34.88571277981361,83.6265910576309,148.60605712890626,147.43003566418687,148.88398498535156,149.50168591332817,0.6057625006634453,152.8039481481482,6.215752823415613,5.469189386468829,5.081600573455057,142.637939453125
2022-11-02,146.49328294195223,149.66017491618842,142.60843546015093,142.637939453125,93604600,43.442887243049356,46.57891988226417,-87.16354866945714,3.449472645521612,148.16938079833983,147.2421103225766,148.96355255126954,149.365770141839,0.26615690927789615,152.72632238929216,7.051739456037495,5.695267967835782,5.222324779353802,136.58938598632812
2022-11-03,139.7169294177421,140.44472962212055,136.4615253404881,136.58938598632812,97918500,34.35645023437763,40.80186132761608,-156.17361466451527,-129.79344289337743,147.60583221435547,146.82435642703746,149.03419723510743,149.11277243578928,-0.48545466433591855,152.7816362880712,6.176414112636905,5.764003131378799,5.290474017445453,136.3234100341797
2022-11-04,139.97826383175124,140.54964571240953,132.38285778027205,136.3234100341797,140814800,33.99170840698133,40.56361318680282,-117.81960562266651,-143.18589807471776,146.9877880859375,146.4125546077097,149.09353912353515,148.8595177347673,-1.0900093388276844,152.86450275512533,8.166787932137481,6.107258102915753,5.495925011352027,136.8553466796875
2022-11-07,135.0722495976569,137.08192417351185,133.65364870551917,136.8553466796875,83374600,35.58726908288246,41.30181723464523,-87.08837407667647,-132.46885369567096,146.50646789550783,146.0377621399441,149.1319775390625,148.621811377241,-1.5088078347128828,152.9219121758048,3.428275467992677,5.724546297926742,5.34823575825493,137.42672729492188
2022-11-08,138.32320632796907,139.3280360915942,135.44660566800263,137.42672729492188,89908500,37.48108873839789,42.13320518385782,-52.105758456394845,-97.6098541068653,146.08063690185546,145.70007449896286,149.2288703918457,148.4001265439277,-1.7741517030975444,152.88227631819464,3.8814304235915813,5.461244030164576,5.243463948636119,132.8655548095703
2022-11-09,136.44161049413725,136.49087039963513,132.58971737719733,132.8655548095703,74917800,29.424171047518655,37.559815608845376,-81.69462742483653,-123.99840558087253,145.61216735839844,145.19676000133964,149.2654196166992,148.09251126205925,-2.3256781605996366,153.1993916516802,4.837009917724544,5.372067728387429,5.214431517856721,144.6872100830078
2022-11-10,139.14089348616804,144.6872100830078,137.42674799216064,144.6872100830078,118854000,57.22645828814328,52.078585092781324,86.51802083284798,-12.977951094357604,145.4133740234375,145.17677765160116,149.37785522460936,148.02507955554336,-1.7882443016663956,153.4196148518032,11.8216552734375,6.293437377680297,5.6863760718267775,147.4751434326172
2022-11-11,143.65281852957958,147.78053378231226,142.22435652176193,147.4751434326172,93979700,61.40918399598892,54.75076476566988,154.18859676623214,33.781992033300135,145.25578369140624,145.26690964301355,149.52327713012696,148.014189731327,-1.124399793967342,153.77226488872424,5.556177260550328,6.188114503804586,5.677076156735603,146.0762481689453
2022-11-14,146.7559957323241,148.04652398997993,145.238874932201,146.0762481689453,73374100,58.08418385904208,53.14928682401598,102.22803110435585,45.60554518686194,145.11250579833984,145.29864840873637,149.62603118896484,147.97581465088382,-0.7030728098924044,154.05302350922324,2.8076490577789173,5.705190868658063,5.472117078238696,147.81007385253906
2022-11-15,149.95768214517247,151.3073161661693,146.35207406862938,147.81007385253906,89868300,61.12763495298163,54.90971639024874,95.45843508329668,70.88310365238446,145.02908203125,145.39713568104236,149.7128289794922,147.972532654877,-0.22665021444854005,154.4990579678231,5.231067997223988,5.637459029881766,5.454899286737645,146.57864379882812
2022-11-16,146.91360206864496,147.64259440598903,145.1009371275507,146.57864379882812,64218300,57.65863824218399,53.37568272445871,52.80850067619967,39.588285972600445,144.89290100097656,145.44346933272024,149.78731246948243,147.94493089535126,0.05096452373081206,154.77134486860928,2.7091367249883547,5.21912727203985,5.258773389469838,148.47999572753906
2022-11-17,144.25374542723313,149.22869517163417,143.9779079987764,148.47999572753906,80389400,61.58562647999428,55.44542121737337,53.019844345197065,55.87998702397057,144.82425262451173,145.56254879918373,149.9222560119629,147.9555262385629,0.41956295366901486,155.22574780273837,5.25078717285777,5.223650115013839,5.258202945426119,149.04151916503906
2022-11-18,150.0463641188946,150.4305673318375,147.74114484123723,149.04151916503906,74829600,62.775168234098246,56.06571385630805,114.23248405499676,83.79675275808282,144.70959503173827,145.69897900960945,150.0452345275879,147.97703104898815,0.7483634456015693,155.62643856834126,2.689422490600265,4.86161759724047,5.074718627224272,145.8102264404297
2022-11-21,147.92828152734435,148.13515202766104,145.5245431197991,145.8102264404297,58724100,51.97077600592279,51.612700797250056,-45.33909488283786,52.91490893882392,144.41111053466796,145.70334165395533,150.16055206298827,147.9341240270365,0.739675369276739,155.5279021522412,3.5169760452399714,4.669525946954685,4.963451299939679,147.94802856445312
2022-11-22,145.92850754073268,148.1844671134609,144.7463298277078,147.94802856445312,51804100,57.603064753762254,54.204239916608664,-27.29621203162437,56.11050140770273,144.34401824951172,145.79136859162193,150.27554244995116,147.93439936441106,0.8949760445081267,155.28166341278188,3.4381372857531005,4.493613281068744,4.854500298926353,148.82481384277344
2022-11-23,147.22887996484198,149.5735133563615,147.1205141770319,148.82481384277344,58301400,59.855625794508036,55.26253835238282,64.74749521768094,69.5856798940288,144.2655465698242,145.91032722892197,150.3734700012207,147.95203133427964,1.076394190672147,155.49921369708528,2.452999179329595,4.202096980820294,4.6829645046694415,145.90879821777344
2022-11-25,146.1058228227629,146.66735873059727,144.93350612985708,145.90879821777344,35195900,49.625316158298844,51.0381926612502,-102.43072005430139,24.997428829543075,144.18658447265625,145.91026726770048,150.42888046264648,147.91157127256662,0.9736476833570862,155.6469060363167,3.8913077129163582,4.157698513976875,4.6264175909727925,142.0765838623047
2022-11-28,142.98290889279264,144.46061568789466,141.24907166473017,142.0765838623047,69246000,39.32107674272593,46.055596771241404,-186.8767847646625,-45.12845477234817,144.06382720947266,145.7599267419987,150.41228134155273,147.7960269674129,0.5763488736756415,154.41893706214395,4.659726553043271,4.229416805272074,4.628796802549255,139.07192993164062
2022-11-29,142.14555568748492,142.65783165746328,138.2641245866872,139.07192993164062,83763800,33.04473743660404,42.54830429842918,-151.57875176855308,-110.34134367360457,143.8066244506836,145.49765235727878,150.35885848999024,147.6232725706649,0.01881930610954896,153.57452941671568,4.393707070776088,4.252886843201219,4.6120046788511715,145.82998657226562
2022-11-30,139.29851639049443,146.50973424229787,138.46115805437884,145.82998657226562,111380900,52.81008213179,51.49544289798922,-34.974775454674365,-68.29977542822415,143.63698059082031,145.51068507159198,150.39432891845703,147.5877619568352,0.1208981597630725,153.29253570129583,8.048576187919025,4.7951281781609065,4.857474072356019,146.10581970214844
2022-12-01,146.00731491776455,146.91364010696918,144.4310880474874,146.10581970214844,71250400,53.46423302817028,51.82521233743201,30.53606580204629,-5.202981718091165,143.53540435791015,145.534023684555,150.42283432006835,147.5584165656533,0.2215004952399795,153.52678803183744,2.482552059481776,4.464760161206745,4.687836785722145,145.6132354736328
2022-12-02,143.7907393167646,145.80041408602733,143.48533393064037,145.6132354736328,65447400,51.96348475598178,51.15633566553418,15.883166355038393,-34.40113284359109,143.44325286865234,145.5371300292247,150.45004806518554,147.51989812818752,0.2585012983076638,153.4723004382758,2.620485771508072,4.201292391249792,4.540168856135425,144.45079040527344
2022-12-05,145.57384712908555,148.6770258303521,143.60357112015112,144.45079040527344,68826400,48.235692073634816,49.53166801563402,59.42365673183108,-9.395051569616891,143.37329071044923,145.49452847534425,150.43636932373047,147.45912371783277,0.191813987015081,153.1888053947645,5.073454710200991,4.3258870082428205,4.578260702854394,140.7860565185547
2022-12-06,144.88423366279338,145.11081116378415,139.81076461635996,140.7860565185547,64727200,38.165436151592324,44.71072994295651,-62.03231466998517,-117.48279798736813,143.22334625244142,145.30988251625448,150.369347076416,147.32698377329262,-0.1549632647844703,152.85444018941138,5.300046547424188,4.465052656697302,4.629816834609379,138.84535217285156
2022-12-07,140.07677467327488,141.23923029830829,137.91932004741116,138.84535217285156,69721100,33.80511804406467,42.359469540398855,-109.79797964838154,-153.05112689672126,143.01511444091796,145.05637152239555,150.3133642578125,147.1590306722938,-0.5797029025777078,152.696090841061,3.3199102508971237,4.301460884440133,4.536252078629932,140.52993774414062
2022-12-08,140.24425432184734,141.38701807504808,139.00298578220685,140.52993774414062,62128300,40.66957083046447,45.0602781402914,-84.10234063580168,-102.72256072476387,142.87834106445314,144.87886431540517,150.23562911987304,147.02776150539967,-0.7714869276111074,151.30596329975637,2.541665902196513,4.050061601262473,4.393781637456116,140.0472412109375
2022-12-09,140.22455886029022,143.4065658669265,138.80595753740835,140.0472412109375,76097000,39.3069387025266,44.41804740088247,-53.34030349821136,-78.69806597221167,142.87668640136718,144.6893888995437,150.13303115844727,146.88953338075686,-0.9514588994157691,151.45315137236562,4.600608329518167,4.128711133870429,4.4085549726034055,142.34259033203125
2022-12-12,140.5791849523235,142.35243630018152,138.9635592869445,142.34259033203125,70462700,48.82019177320056,48.19894633550558,-28.21082630830241,-57.46232222233595,143.00512603759765,144.59735758317066,150.03069900512696,146.79949490454445,-0.8985149713758744,151.16972053160282,3.388877013237021,4.023020545208515,4.335720832648664,143.30799865722656
2022-12-13,147.27810283544738,147.7411188094641,142.09628335791112,143.30799865722656,93886200,52.47544245870497,49.74729126932326,93.83802774517366,33.87025449636727,143.06927612304688,144.5467944880356,149.95039642333984,146.7303563649936,-0.7697825690911486,151.0184317657276,5.644835451552979,4.25470838897201,4.429229019713258,141.0816192626953
2022-12-14,143.1898139764628,144.48034234830936,139.06208336103646,141.0816192626953,82291200,44.01726992623558,46.30955505118862,11.901686927475732,-38.788142562738656,143.0171026611328,144.41090526351243,149.85902587890624,146.61850018475008,-0.8377543130860374,150.65243530762592,5.418258987272907,4.420929903014995,4.49987401739609,134.47132873535156
2022-12-15,139.01281523751095,139.69256282085553,134.00831270124763,134.47132873535156,98931900,28.246492070511493,37.92887707669416,-177.98424086559962,-186.03749430396311,142.82682220458983,144.02111794868262,149.7148114013672,146.37796213624713,-1.4087780940315895,151.17734193596377,7.07330656144768,4.799840854219665,4.683690627685489,132.5109100341797
2022-12-16,134.6585187405124,135.60424282446493,131.74250357896327,132.5109100341797,160156900,25.131075246233834,35.85640691961126,-149.1454458745267,-204.06591588436737,142.61641357421874,143.5697372461531,149.5000198364258,146.1033670451171,-1.9964936239937003,151.4093480573978,3.861739245501667,4.665826338688523,4.624979814672359,130.40272521972656
2022-12-19,133.1020090197244,133.19066784085936,129.3683422424563,130.40272521972656,79592600,22.076267261453452,33.72246710049801,-116.96963271180591,-192.75063141119142,142.46887969970703,143.05338383335206,149.25864624023438,145.7924632465945,-2.6023767323933953,151.50808555731817,3.8223255984030686,4.545326232933458,4.567647370653124,130.33377075195312
2022-12-20,129.43729149310985,131.26964891983806,127.95958437581338,130.33377075195312,77432800,21.974340268604067,33.651922513840944,-95.58876075727319,-158.39433039827586,142.31347534179687,142.55457547721878,148.9659046936035,145.48635052392834,-3.0529154018464055,151.74607658579234,3.3100645440246836,4.368860277375061,4.47782002589395,133.4369354248047
2022-12-21,131.003643429146,134.7767236692483,130.77706590433928,133.4369354248047,85928000,37.198202466024206,39.759385479258455,-39.69562128516856,-87.87141867066713,142.24846069335936,142.1970209653594,148.71401611328125,145.24774824473778,-3.1235645803431,151.01218594568874,4.442952917295173,4.379444940220791,4.475329518136894,130.2648162841797
2022-12-22,132.35331943074394,132.56019002895044,128.36350682744728,130.2648162841797,77852100,30.176430531615168,36.10106411206857,-71.4722308151273,-104.20712794427754,142.13259155273437,141.72909137001903,148.44513870239257,144.95105652274654,-3.396366864396441,150.18423670941272,5.073428597357406,4.478585462668879,4.518050880938359,129.90028381347656
2022-12-23,128.97425178436364,130.45195863115794,127.71327647766012,129.90028381347656,63814900,29.431575434755942,35.694605630520144,-85.55639605086117,-101.64444452060053,141.9179656982422,141.2652165638801,148.11250854492187,144.65302141959268,-3.6004753254698585,149.69501323006577,2.7386821534978196,4.230027847073013,4.390953114692606,128.09751892089844
2022-12-27,129.42746150347082,129.45701444690434,126.80699028424807,128.09751892089844,69007800,25.7626112726267,33.675330002389884,-117.97868501243292,-101.94965308576938,141.7579638671875,140.74883626415533,147.7649937438965,144.32518968694527,-3.8631686089043455,149.7576210628231,3.0932935292284895,4.067637230238081,4.298263144302312,124.16678619384766
2022-12-28,127.74283419111389,129.08262238361158,123.99931454878694,124.16678619384766,85438400,19.559940811592938,29.72660063088307,-159.52772764188254,-114.02061018205106,141.4400764465332,140.09855979080993,147.3804337310791,143.92601338015126,-4.338520446130218,150.4053331837006,5.083307834824637,4.212733030893304,4.354337765053907,127.6837387084961
2022-12-29,126.08781241864538,128.5408039711882,125.8316819463041,127.6837387084961,75703700,35.71588299168688,36.86046078048372,-67.19733533404217,-84.00551129957397,141.1661700439453,139.61170406209175,147.03576385498047,143.60438417873235,-4.380950654228343,149.4749791950843,4.374017777340555,4.235773708957197,4.355743480217239,127.99899291992188
2022-12-30,126.50159375139556,128.0186998919332,125.53615505504578,127.99899291992188,77034200,37.03832716979008,37.473204510846706,-55.37435535182295,-78.70782731265706,140.89640533447266,139.15630362514392,146.6937548828125,143.29536653004303,-4.339119847077768,148.2135073965788,2.4825448368874277,3.9853124415186585,4.221943577122253,123.21118927001952
2023-01-03,128.34375651124384,128.95453716141313,122.32456371138078,123.21118927001952,112117500,27.144275988641468,32.34011185527491,-123.82308758715176,-103.67977866584118,140.54012954711914,138.53100502298219,146.26138023376464,142.89766004964653,-4.638830818139155,147.211429712954,6.629973450032352,4.363121157020615,4.393945710901545,124.48204803466795
2023-01-04,125.00417001301612,126.7478686186016,123.22107249842936,124.48204803466795,89113600,32.710703092506165,34.889607215728404,-92.7229927379666,-103.50988896549228,140.1329507446289,137.98006553324439,145.849090423584,142.53299446519154,-4.719403890387497,145.97392294786206,3.5366793485820835,4.245058041529396,4.332712399307298,123.16194152832033
2023-01-05,125.24058317585433,125.8710708540062,122.90581107632524,123.16194152832033,80962700,29.938638376871353,33.4784211317959,-101.77808165329759,-112.88131151820276,139.65648864746095,137.3989626310905,145.38809509277343,142.14940925852082,-4.834056202309085,145.30621858127944,2.96525977768097,4.062229718122478,4.235037212048275,127.69358825683594
2023-01-06,124.13724683818648,128.35362894146016,123.03388952483932,127.69358825683594,87754700,47.69184331070639,42.131353128526165,38.943986607539365,-50.02418716459795,139.21381286621093,137.01835971445308,144.9616961669922,141.86315537729934,-4.507295668322655,144.53497178644508,5.319739416620834,4.2418739607651,4.312515940946315,128.21568298339844
2023-01-09,128.53093430540028,131.4272419402479,127.95955255827974,128.21568298339844,70790800,49.41475148187709,43.05046602564024,134.84315040004972,38.35576308099254,138.84039306640625,136.67315670539213,144.54209167480468,141.5929083992023,-4.158272927971353,143.3426316210917,3.7336536834119727,4.169271064000368,4.271168636836719,128.78709411621094
2023-01-10,128.32407802637962,129.30921608440133,126.2158831834938,128.78709411621094,63896200,51.45635442669301,44.096979633511,75.14613103021743,12.383707920307252,138.56790008544922,136.36389934895365,144.1132521057129,141.33932791835096,-3.791851682879468,142.10424726597356,3.0933329009075266,4.015565612129962,4.187037512841776,131.50607299804688
2023-01-11,129.29935853420528,131.52576493439358,128.52110615216108,131.50607299804688,69458900,60.341885407274,48.908123861252086,117.34607094239108,89.80807457128473,138.13459564208983,136.17339635480045,143.71553649902344,141.14460999913703,-3.2446589255484355,140.2425695020399,3.0046587822324966,3.871150350716039,4.102581889226828,131.42724609375
2023-01-12,131.89026209256642,132.26460425926095,129.48652329837336,131.42724609375,71379600,59.9706026023722,48.77706027537363,97.37368359407108,120.3532250360188,137.7469223022461,135.9872728151514,143.342899017334,140.9521869515056,-2.7852586672922826,137.68333713003506,2.7780809608875927,3.7149975807405466,4.00797468005974,132.75717163085938
2023-01-13,130.0677495016975,132.9147972949888,129.70325330640753,132.75717163085938,57809700,64.29490269839931,51.155302076618405,93.14007648638476,135.50832099295815,137.43876098632813,135.86060218047328,143.02240905761718,140.7899094204037,-2.287497924475531,135.53182395099313,3.211543988581269,3.6430756390035066,3.9510867735255637,133.91964721679688
2023-01-17,132.82614355724837,135.24957434953774,132.1365500404185,133.91964721679688,63646600,67.83800034066466,53.20067407167248,127.65574296005079,165.0156578844039,137.26439514160157,135.7844862995448,142.7168879699707,140.65386462429265,-1.7787129889235302,135.41572962955163,3.1130243091192256,3.5673540204486094,3.8912251689251107,133.2005157470703
2023-01-18,134.78658853017248,136.5499789381121,133.02318309021993,133.2005157470703,69672800,63.304255749423824,51.75679316366813,115.52577725593186,137.0852749429206,137.1966177368164,135.6831541210164,142.40122497558593,140.50627355741696,-1.4171886923988666,135.53222094678486,3.526795847892174,3.56155999579769,3.865194503137044,133.25962829589844
2023-01-19,132.0873116107182,134.22505937639417,131.78192122019502,133.25962829589844,58280400,63.53794745940738,51.872421512704065,52.64113894142007,92.44229075618372,137.13534210205077,135.5881138925804,142.06156509399415,140.3627756314463,-1.1130773314841633,135.91055470987425,2.4431381561991543,3.4017854472836135,3.763619049784338,135.82095336914062
2023-01-20,133.26944989272516,135.96873306889344,132.22520615532028,135.82095336914062,80223600,72.41753025933505,56.71358223629016,93.27383948814828,107.08985937574757,137.11465423583985,135.59724485244553,141.81056106567382,140.2728385569452,-0.657806574708502,136.77271607060362,3.743526913573163,3.4506056567535492,3.762183897197825,139.0128173828125
2023-01-23,136.06724948686616,141.18997887668803,135.85051793428082,139.0128173828125,81760300,79.62981532825734,61.86204164739948,188.95061018162744,155.842743697472,137.14637603759766,135.73118887324424,141.61350646972656,140.24788764260595,-0.03899495990805235,138.0005391301055,5.369025507547406,3.724665635438386,3.876958297937081,140.4116973876953
2023-01-24,138.22469014521045,141.03233904710638,138.2148441781761,140.4116973876953,66435100,82.03207783500127,63.88918164536065,133.67844812146276,151.24234657302736,137.29729888916015,135.91473822675212,141.4547331237793,140.25113139993445,0.5578649091702346,139.73141335279792,2.8174948689302823,3.5950698116515136,3.8012823387223094,139.75167846679688
2023-01-25,138.7960933961296,140.31319931491353,136.7470045349056,139.75167846679688,65799300,77.03153921757195,62.20906067286708,71.7301563444734,115.80099961353055,137.19858825683593,136.06520647145976,141.3059811401367,140.2412412428426,0.9664816458502514,141.0861784314473,3.664692852789699,3.6050159603855403,3.7915259468699802,141.82046508789062
2023-01-26,141.0421976938989,142.10614847767724,139.79106829556534,141.82046508789062,54105100,81.21826790040366,65.29018695657776,95.52971072093291,137.40700234996666,137.0854946899414,136.2909028877904,141.17063919067382,140.27251300215048,1.4406403392810887,142.75576446549292,2.3544700108803625,3.426366539027658,3.6888790942992933,143.76116943359375
2023-01-27,141.03234821855804,145.04185173584784,140.95353538112576,143.76116943359375,70555800,84.34197543212373,67.93155026293117,118.12390841387437,141.64920219914958,137.03919311523438,136.5838545170376,141.0758494567871,140.3415953077236,1.9505286612641441,144.4261515252305,4.088316354722082,3.5209307984125755,3.717410327186635,140.87474060058594
2023-01-30,142.80561778514152,143.38684562469143,140.72697590646771,140.87474060058594,64015300,65.45286013332507,60.55108175687266,63.42918227406362,94.72500384273359,136.9004864501953,136.75212455952968,140.96478424072265,140.35215264025553,2.0975291358398067,145.4220243892198,3.0341935271260354,3.4513969025144986,3.668609127182307,142.14556884765625
2023-01-31,140.57920288721874,142.19482875871702,140.1654466919342,142.14556884765625,65874500,69.01706898057108,62.483687386953804,37.89688696425232,79.40141133582772,136.81182495117187,136.9636321786719,140.85236297607423,140.38766583248128,2.2901735941957213,146.50451778273802,2.02938206678283,3.248251925981403,3.5515214800109156,143.26861572265625
2023-02-01,141.83032262446247,144.43108640849707,139.21971287170524,143.26861572265625,77663600,71.99580460069875,64.15490713653449,66.24864239226929,82.2018917286251,136.7075973510742,137.21088643529876,140.76592498779297,140.444714345158,2.504594802660364,147.18132252382304,5.211373536791825,3.5286978703828917,3.6700823412095525,148.57852172851562
2023-02-02,146.68704352311798,148.93315698101298,145.96789698553212,148.57852172851562,118339000,81.70053669300924,70.78218004255407,201.38057371678502,159.9812657426695,136.69833740234375,137.6566760546406,140.70396621704103,140.60577983789776,3.0676284815241672,148.82995575072735,5.664541258356735,3.833818354379155,3.812543692434351,152.20382690429688
2023-02-03,145.8299825944814,155.0410292646019,145.632957993241,152.20382690429688,154357300,85.65912708349222,74.27873167738883,151.2380796711031,181.99798401860377,136.8262094116211,138.2271525585487,140.61865997314453,140.8354441362423,3.7629911387415973,150.72080954668166,9.408071271360882,4.630140199662258,4.212224233786246,149.4749755859375
2023-02-06,150.30250288074524,150.82462478693864,148.53909754834626,149.4749755859375,69858300,71.9842934390553,67.71022865798619,80.51793528632147,138.0411842128175,136.85674835205077,138.668243657662,140.60038330078126,141.00652396692934,4.04722170645033,152.01107575533055,3.6647293559506124,4.492224364846309,4.1731174567979865,152.35159301757812
2023-02-07,148.40119485902974,152.92297488891165,148.40119485902974,152.35159301757812,83322600,76.58205294475474,70.65605623582421,80.55082360898639,133.97632270527654,136.92728393554688,139.204845593345,140.59641525268555,141.23117879961546,4.453261043715429,153.63001997890038,4.52178002988191,4.496446602708538,4.198021926303981,149.6621551513672
2023-02-08,151.5930321421785,152.28262569889247,148.9233016908853,149.6621551513672,64120100,64.95468651544346,64.7118952341734,52.86762068943168,97.90283737033849,137.00235107421875,139.6149361642478,140.5944677734375,141.39812882638282,4.506091565992165,154.36611179897736,3.428291326692829,4.343852991849151,4.143041169188899,148.62774658203125
2023-02-09,151.49450140964842,152.036330247997,148.1844375441137,148.62774658203125,56007100,60.81165209770743,62.532857633139045,24.232111162195153,73.15263886216519,137.1333743286133,139.96837971004322,140.59860076904297,141.54128957401943,4.413614607076852,154.93691902581125,3.851892703883294,4.273572950711172,4.1222448502384985,148.99281311035156
2023-02-10,147.46352995054943,149.3184067990407,147.22673043469464,148.99281311035156,57450700,61.81449585317114,63.00630629242794,-85.05535691461573,47.64501595932783,137.3317919921875,140.32227905907493,140.56920822143556,141.68884449553096,4.319985663096645,155.31919245805307,2.091676364346057,3.9618734383732983,3.977204244103324,151.79490661621094
2023-02-13,148.9336352385894,152.1994184714387,148.90403717735236,151.79490661621094,62199000,68.93359067060204,66.50493923921695,67.28937996345483,76.0121743789321,137.4510903930664,140.77218602209987,140.54403549194336,141.88896453752463,4.420927873686736,156.06313168329342,3.295381294086326,3.8666602749037304,3.9285026048163956,151.153564453125
2023-02-14,150.08798919443248,151.71595766811416,148.8448255867729,151.153564453125,61707600,65.6646155690014,64.98995275487107,41.12896418824532,63.12540312832607,137.55204528808594,141.17929890174793,140.54372482299806,142.07242196159592,4.398471508590205,156.55300530984667,2.9500810294380244,3.735720382694344,3.858615349432226,153.255126953125
2023-02-15,151.06478017591323,153.4228543120151,150.83785669682248,153.255126953125,65573800,70.93405551395273,67.59493604479734,146.0276526896779,93.03942092237313,137.7048831176758,141.65286078611567,140.57406799316405,142.29386166439846,4.498398470311287,157.02608989120753,2.5849976151926057,3.5713314159083813,3.7676426541293964,151.65675354003906
2023-02-16,151.45941308943844,154.24175084931028,151.3015618059057,151.65675354003906,68167900,62.432196722001265,63.71205169278778,105.05757959535904,85.02342664792282,137.8490023803711,142.04517030587738,140.61114654541015,142.47926546391608,4.397919453290314,156.8546112969956,2.9401890434045868,3.4811682198364102,3.7085388247919098,150.51223754882812
2023-02-17,150.31491216317963,150.95622343027773,148.83494918837297,150.51223754882812,59144100,56.75001064131308,61.00954736232125,-34.16125790387235,26.247598643114127,138.04352600097656,142.3772121585421,140.63343612670897,142.63833421807274,4.177777415547212,156.5933825225136,2.8218043516660885,3.386973381526364,3.645200648140065,146.49659729003906
2023-02-21,148.19362270368532,149.27893490600394,146.42754017987073,146.49659729003906,58867200,41.346355309809,52.58202801884522,-136.61863262284467,-82.98696175113074,138.19655090332031,142.53875667350277,140.60583267211913,142.71473546702256,3.63735548595281,156.25769208381402,4.084697368957393,3.486648236873654,3.676593271055588,146.92088317871094
2023-02-22,146.88140906273446,147.94698436963745,145.19425945136115,146.92088317871094,51011300,43.245291283909204,53.31579870799746,-130.33295828539005,-153.6228421276246,138.32436981201172,142.71060477174623,140.60135543823242,142.79802552071936,3.2063428144443833,156.00436689416708,2.7527249182763,3.3818020485026037,3.6106026744284963,147.404296875
2023-02-23,148.08508220881998,148.33174268890195,145.2731617688621,147.404296875,48394200,45.58696003570632,54.185687242413664,-78.63305597056078,-129.5098420540008,138.47151092529296,142.89467112873658,140.67409866333008,142.88923881486352,2.870678220636705,155.56081584408727,3.0585809200398444,3.3356276015793527,3.5711725491150212,144.7502899169922
2023-02-24,145.1449407917213,145.22387397766028,143.77350867783375,144.7502899169922,55469600,36.05783363055039,48.80848031880545,-105.92922072544167,-175.74183737623918,138.51966491699218,142.9674404929819,140.76239547729492,142.92609131193535,2.3632632035316306,155.32017985590312,3.630788197166254,3.37779340094891,3.575430809690109,145.94407653808594
2023-02-27,145.73689015780175,147.17737898488724,145.4803536136917,145.94407653808594,44998500,42.37857328998099,51.15643057131768,-52.50643036802491,-94.85903870416409,138.57238647460937,143.08417131828008,140.82083129882812,142.98585339562152,2.0340148926273685,155.21811525872448,2.4270890678950536,3.2419784962269307,3.493406399561891,145.44091796875
2023-02-28,145.08572620470352,147.08860849628215,144.86866373473268,145.44091796875,50547000,40.41413323244076,50.11313987877625,-59.38048444444674,-91.29926280912274,138.65957244873047,143.17659275555343,140.83833755493163,143.03446853568346,1.7127391518564536,154.7128365540573,2.2199447615494705,3.095973676987293,3.402444853989575,143.3689727783203
2023-03-01,144.86867310742886,145.26332395747403,143.07297711330398,143.3689727783203,55479000,33.05329340994227,45.956783340793,-134.51743888309582,-124.12789086581505,138.83752532958985,143.18413707017174,140.83217376708984,143.0410923820723,1.2762256172368893,154.53977089351937,2.3679408554460224,2.991968988195683,3.3285517112364644,143.96095275878906
2023-03-02,142.4513915466776,144.75026945161636,141.977792498003,143.96095275878906,52238100,36.88508306247465,47.301627085411916,-103.38268024157911,-112.75611393857312,139.06652618408202,143.21460043050968,140.8414698791504,143.05930743903698,0.9669074262505433,154.45691169603384,2.7724769536133635,2.9606129832553516,3.2888320856919573,149.01258850097656
2023-03-03,146.0625225420964,149.09152169323394,145.36201492513368,149.01258850097656,70732300,59.795026619430445,57.1099890530056,114.77925243843015,0.007163634807708548,139.43872344970703,143.44197251170445,140.95380157470703,143.17719419273877,1.1165247155810505,154.48095481053343,5.130568934444881,3.2706066905681412,3.4203847177457374,151.77516174316406
2023-03-06,151.7356876269036,154.21216902598104,151.41010897005816,151.77516174316406,87558000,67.35523991913814,61.34690641508404,187.75935411614518,115.07160991926555,139.86755126953125,143.7687642462715,141.09051330566408,143.3474509759155,1.4413985232301059,154.41004865605927,5.199580525004478,3.546174381201904,3.547470132549933,149.57496643066406
2023-03-07,151.64690605769945,151.97249979658332,149.11124338331118,149.57496643066406,56182000,57.337156478447376,56.555115624759345,79.07212255038478,59.467885860173276,140.19031188964843,143.996458449581,141.2193862915039,143.47076811363328,1.503988934228886,154.41814154269116,2.8612564132721445,3.448328957211938,3.4984548668872337,150.82794189453125
2023-03-08,150.76874578953723,151.41993305439257,149.8018409463936,150.82794189453125,47204800,61.173919123997635,58.54115735918703,67.26428009119851,79.6371747522899,140.60157440185546,144.2643597611477,141.36708297729493,143.616454723156,1.6358399891463478,154.18198993138142,1.84496662372851,3.219277195285734,3.3803485638044677,148.57843017578125
2023-03-09,151.50875841619168,152.47566345847628,148.2232384177023,148.57843017578125,53833600,51.4772428706997,53.78716222118138,33.85050210050184,65.28488659924922,140.97513732910156,144.43353899309412,141.44655151367186,143.71471166281196,1.5410518182651742,154.10499624283887,4.252425040773971,3.3668697446411966,3.442639740730861,146.51632690429688
2023-03-10,148.2034912322262,148.9237356272084,145.63821618700155,146.51632690429688,68572400,44.01563379471159,49.795154710198055,-51.72566847620226,-11.181155166302405,141.34351348876953,144.5152169503962,141.55073867797853,143.77018919234632,1.2847274710659065,154.06519019230205,3.285519440206855,3.3552482725791477,3.431416862122003,148.46005249023438
2023-03-13,145.83558063473313,151.09438534791173,145.72704939093524,148.46005249023438,84457100,51.71264258663675,53.31255691367672,-47.67307474660168,31.285912305219117,141.82937881469726,144.66991638333104,141.63472763061523,143.86305777250251,1.224317815915441,154.03210341639397,5.36733595697649,3.6426893703501966,3.569696797468752,150.55172729492188
2023-03-14,149.25922844223368,151.35090505544113,148.0949978910982,150.55172729492188,73695900,58.820549995338055,56.81859824523135,11.280392980302537,69.30066250725224,142.28673858642577,144.90057563476597,141.72645431518555,143.99550667393657,1.329893223611208,153.84408631548956,3.2559071643429434,3.5874347694920172,3.5472832522454802,150.94638061523438
2023-03-15,149.17042182051847,151.20290214198522,147.91738213550175,150.94638061523438,77167900,60.112983653871794,57.46759593686259,38.9102628835197,60.87010511259063,142.74568634033204,145.1376660261569,141.82104583740235,144.1331477420811,1.4289358366899592,153.81312713031335,3.285520006483466,3.544304089062224,3.5285858775481933,153.76817321777344
2023-03-16,150.127461556798,154.3700254849667,149.6144034630521,153.76817321777344,76161100,68.3890110566078,61.87925377934006,157.5128038874537,116.60019149715991,143.3568260192871,145.47611728857325,141.94847778320312,144.32394032575817,1.7153494210802762,153.93470712789002,4.755622021914604,3.7173495080411354,3.6162313164315085,152.92953491210938
2023-03-17,153.99511025228628,154.64629769155513,152.21915135199143,152.92953491210938,98944600,63.79912912799611,59.89097373623221,131.00408067732218,116.19064916220617,143.92577575683595,145.76840817577076,142.02936325073242,144.49434813934928,1.8532994651384342,154.1742332681184,2.4271463395637056,3.533034769687217,3.5312966752266655,155.29745483398438
2023-03-20,152.99859207349292,155.7118577491849,152.0908681263484,155.29745483398438,73641400,70.3534593721564,63.46096054483146,106.62291388299195,130.2447403618172,144.56848602294923,146.14209628001444,142.1124873352051,144.70827104419354,2.129153659064201,155.10010225585955,3.620989622836504,3.5455997487085438,3.537703314341654,157.15234375
2023-03-21,155.21853377224946,157.2707359778321,154.44893912645242,157.15234375,73938300,74.56248581826418,66.01292084405706,121.76171940977926,161.16059957393986,145.1576611328125,146.57387069060212,142.18573699951173,144.95468832549665,2.468983226989451,156.53514708638886,2.8217968513796734,3.4421993348044198,3.4865671384157984,155.7217254638672
2023-03-22,157.17209056471103,159.97415053377057,155.7019884063488,155.7217254638672,75701800,66.11615866342753,62.393440119597415,114.46005606325252,151.93192011840586,145.70778198242186,146.93261009347526,142.27408752441406,145.167896981702,2.5929715069318036,157.42495064416835,4.27216212742178,3.5607654480354713,3.54268106620194,156.80702209472656
2023-03-23,156.70836691747317,159.39203464017027,155.57371946683134,156.80702209472656,67622100,69.20373071919751,64.00579014787164,89.20795301134868,129.13381349866555,146.2681805419922,147.3198419366616,142.4180403137207,145.3983747067124,2.7471401582722024,158.42310837572458,3.818315173338931,3.5975582659359655,3.562369216711725,158.10939025878906
2023-03-24,156.73795839634036,158.1981844310787,155.74145533462084,158.10939025878906,59196500,72.68798833359574,65.89542695253635,71.25686915297038,108.46604653727393,146.80024688720704,147.7429614787058,142.46742126464844,145.65007798497132,2.9405137396946373,159.41319421027197,2.456729096457849,3.4345826702962343,3.4833949224078764,156.16574096679688
2023-03-27,157.80357078673757,158.6224856967079,155.76121401338384,156.16574096679688,52390300,60.72566926891552,60.76810917744996,40.14092045439392,83.13713626646802,147.29501678466798,148.07326655667015,142.52096954345703,145.85830893510646,2.9034581834456503,159.93891194774267,2.8612716833240768,3.3526811007287836,3.438957548187605,155.5441436767578
2023-03-28,155.8598764210837,156.37293460313032,153.8964529365925,155.5441436767578,45992200,57.21263276177155,59.18211591571776,-80.61779390102997,43.259961825116456,147.75075622558595,148.36624213000692,142.59475860595703,146.05010764286192,2.791752101327859,160.20637473121297,2.4764816665378078,3.2275097529872157,3.3702092709269054,158.62246704101562
2023-03-29,157.24115895998125,158.89872564622954,157.2214369560123,158.62246704101562,51305700,67.93135244680624,64.16945441177745,133.4831990603856,93.6004002875825,148.2448126220703,148.76844702847785,142.75460388183595,146.29906525470656,2.9179825093378895,160.54743981862595,3.354581969471724,3.245662926770717,3.3690930351086785,160.19122314453125
2023-03-30,159.37230833774987,160.29975438530866,159.1157867936236,160.19122314453125,49501700,72.08852553954856,66.42115180783509,174.58849620279193,118.5969379004113,148.78462677001954,149.21639903302895,142.99062225341797,146.57415749014862,3.1087705522548106,161.0095018245454,1.6772873442930347,3.021609272131048,3.2482497714789895,162.697265625
2023-03-31,160.270134648553,162.79593585053084,159.74721557415742,162.697265625,68749800,77.51975642384815,69.69724605567993,152.33046817892884,148.62226483736663,149.37337951660157,149.7450604680082,143.25436080932616,146.8934269581655,3.422732999680079,162.43638221631056,3.048720276373416,3.0254822727371007,3.2339976646857345,163.95030212402344
2023-04-03,162.07568831410026,164.06869434845072,162.0263532022681,163.95030212402344,56976200,79.81138436243033,71.20974830813937,126.56640062831146,169.765024221388,149.93596649169922,150.3021287682441,143.52531036376953,147.2311868624399,3.7296667974461286,164.0144531229218,2.042341146182622,2.885033540372175,3.148879341935512,163.41754150390625
2023-04-04,164.37458557847015,164.61137005549932,162.90448337873613,163.41754150390625,46278300,75.96989356096341,69.61866578903222,96.20998957992961,150.48442343213912,150.4240609741211,150.81645867944655,143.78521850585938,147.55170873652833,3.8851392471115958,165.14704201386922,1.7068866767631903,2.7167268455708915,3.0458798658517745,161.57252502441406
2023-04-05,162.53944524256352,162.84530192290984,159.6387146980463,161.57252502441406,51511700,63.60140607183113,64.26352816987745,24.62168139386012,77.22028387051225,150.84727752685546,151.23826520277862,144.07228820800782,147.8293486630211,3.8154922535041464,165.81858270955843,3.77882680585995,2.8684554113264715,3.0982332187095016,162.4604949951172
2023-04-06,160.26027222926052,162.75649064193277,159.83602334429725,162.4604949951172,45390100,66.6501038946516,65.63365569083989,13.258008037710935,71.24553541499608,151.30145385742188,151.67835264561543,144.25002105712892,148.1190743329636,3.788279338756638,166.32214881169912,2.9204672976355255,2.8758856807991933,3.085535652918503,159.86563110351562
2023-04-10,159.26377877195932,159.86563110351562,157.94168186492254,159.86563110351562,47716900,51.84531062240381,58.56715462931691,-128.96229849386907,-0.26299391358640145,151.66235717773438,151.9994223890625,144.37392593383788,148.351679417529,3.5167897151799252,165.9249760076682,4.518813130194644,3.1105896021414003,3.187912615581084,158.65203857421875
2023-04-11,160.18133670413533,160.191197704471,158.3659039598992,158.65203857421875,47644200,46.24086606125354,55.554561027762354,-118.36990057830708,-11.23034956759185,151.96017456054688,152.2603092982843,144.49968383789061,148.55564692558227,3.167195993913168,165.46596980453364,1.8252937445717805,2.9269759082028832,3.0905826962232767,157.9613800048828
2023-04-12,159.06641415582018,159.89518976902323,157.64564735892287,157.9613800048828,50133100,43.1442768871839,53.85670296687795,-94.17801916590861,-33.191383777786044,152.30190734863282,152.4838806985431,144.60119689941405,148.74189906576643,2.802109107117076,165.10337949488874,2.2495424101003607,2.830199694188237,3.0305083900716396,163.34848022460938
2023-04-13,159.47098360495934,163.58527977239888,159.26378211877287,163.34848022460938,68445600,64.67252436314948,63.28272475814113,53.2796367507876,70.07095855422321,152.7259655761719,152.9099434250555,144.76889526367188,149.0311382966346,2.91387969359846,165.26478272519483,5.623899767516065,3.229299704663641,3.2157506313176696,163.00314331054688
2023-04-14,162.39141498863978,164.0983166124722,161.63171143290737,163.00314331054688,49386500,62.89153461247188,62.40269812301349,98.553937925015,82.92573254959893,153.1206561279297,153.30575518527084,144.91412673950197,149.30781166324672,2.9406943913597843,165.5676236648001,2.466605179564823,3.1203433439352386,3.1622402419067517,163.0228729248047
2023-04-17,162.8847436304976,163.1807392768596,161.83890539432053,163.0228729248047,41516200,62.95952390894468,62.4348388855541,72.14142165398421,66.75647896526398,153.40954315185547,153.68681862603688,145.0539402770996,149.57939703476274,2.92976474326332,165.59696870913214,1.3418338825390776,2.8662705637357866,3.032211216237632,164.24632263183594
2023-04-18,163.8812698478859,165.17376867697192,163.43726882906975,164.24632263183594,49923000,67.29464062822828,64.46357447863289,101.97383217975707,117.43473587078786,153.65039306640625,154.10091682234275,145.23830123901368,149.8698312050018,2.985411123882386,166.0049726626423,2.15089575216723,2.7640741620831357,2.9692601116611748,165.3908233642578
2023-04-19,163.58526647837795,165.91374248336922,163.32872989204589,165.3908233642578,47720200,70.99900634625804,66.29724071551598,100.65317526533677,128.24580335930685,153.96871002197267,154.54365825535905,145.4127291870117,150.17717758439298,3.086286140071934,166.67468576324984,2.585012591323334,2.7384939376888786,2.941813860208472,164.42388916015625
2023-04-20,163.8713720291843,165.62759364761484,163.34845295487423,164.42388916015625,52456400,63.86866372869304,63.324324667841665,73.1057897588633,96.507272845085,154.2101559448242,154.93111829084128,145.56871994018556,150.45929068490315,3.053013567926598,166.91315835936217,2.2791406927406115,2.6728720455534116,2.894480062532196,162.81568908691406
2023-04-21,162.84528714652217,164.226580111448,162.29276996055185,162.81568908691406,58337300,53.45233347204674,58.616353171180634,-27.49956514963607,35.81549220074523,154.47322662353517,155.24031714558924,145.73778884887696,150.7039718413786,2.863863671452407,166.9420789177724,2.1311191996043988,2.59547878184641,2.839954286608782,163.12155151367188
2023-04-24,162.79595779149312,163.387949114539,161.70078438233358,163.12155151367188,41949600,55.077954385166976,59.23707825936786,-68.30508607863061,22.87854065771661,154.76310272216796,155.54938516002386,145.94823852539062,150.94986450815668,2.7074319669880254,167.05251622403466,1.6871647322054173,2.4657196318976964,2.7576121755799705,161.58238220214844
2023-04-25,162.98341218856248,164.08844653165775,161.54290808705858,161.58238220214844,48714100,45.70651093560114,54.783915603384514,-83.06629393207798,13.381568484970844,155.0148941040039,155.78597327932286,146.17334304809572,151.1604094129882,2.4312348521210367,166.74767562649262,2.545538444599174,2.4771223194264786,2.742464051938485,161.57252502441406
2023-04-26,160.8818784792827,163.07222541881754,160.62535692108122,161.57252502441406,45498800,45.64847887677617,54.75552636366967,-108.06555886810595,-16.516962428442632,155.21044647216797,156.01289687716957,146.3307684326172,151.36658992014515,2.18634839350716,166.14152945069156,2.446868497736318,2.472800344899313,2.721350083781187,166.160400390625
2023-04-27,162.98341161052969,166.3083906842776,162.98341161052969,166.160400390625,64902300,67.82865347652731,64.08437127499101,96.41958786074764,115.10818459764728,155.51058319091797,156.41083819142273,146.53131423950197,151.65953666213483,2.3355544919717204,166.55812628888611,4.735865659863549,2.7960953898942043,2.865244053501356,167.4134063720703
2023-04-28,166.23931504498196,167.58114875947356,165.63746282624027,167.4134063720703,55275900,71.53052270865334,66.13790737783185,140.43557773135907,164.2103277852374,155.79374877929686,156.8423114534089,146.74931594848633,151.97149447817316,2.525792744365816,167.30705574228801,1.9436859332332972,2.674322610371217,2.7994184734822087,167.3246307373047
2023-05-01,167.0187740939811,168.17314354860417,166.387323749872,167.3246307373047,52472900,70.85658542005005,65.85062822124546,107.29039093997704,148.4691265367505,156.1071063232422,157.25338279787542,146.97805435180663,152.27551697835398,2.6389740282902494,167.94630928274475,1.7858197987321773,2.5473936372799257,2.727018568142921,166.28866577148438
2023-05-02,167.81796415576136,168.07450075678005,165.3020235951721,166.28866577148438,48425700,62.801072142330895,62.44209821664259,61.124654994911964,105.59715462177329,156.42263488769532,157.6077076203699,147.23308044433594,152.55300507326746,2.6149339653931065,168.2508415608042,2.772477161607952,2.5795484264696436,2.73026561053328,165.21322631835938
2023-05-03,167.23584575291258,168.63687581044152,164.92710671677185,165.21322631835938,65136000,55.20053984695848,59.026403108909335,40.115167304588084,81.06456269950142,156.79696746826173,157.90596325558516,147.496759185791,152.80370252366532,2.4805092991657887,168.41715748916164,3.709769093669678,2.7410085217839346,2.800230145043023,163.5753936767578
2023-05-04,162.68742177323023,164.8086963510818,162.11516752574818,163.5753936767578,81235400,45.43126871810123,54.16677711300379,-76.50330188759538,-41.13584776274093,157.13005767822267,158.12829386033704,147.72721374511718,153.01700333857804,2.216269600094506,168.45872319222343,3.098058792611198,2.7920157033306867,2.821503619869321,171.25148010253906
2023-05-05,168.6960655683585,171.97172463520235,168.4790030974248,171.25148010253906,113453200,72.26760855108378,67.62135800331913,187.44454629725675,203.8396751789049,157.60700134277343,158.6429286149332,148.0392561340332,153.37808208637924,2.596324939914723,169.9232426045834,8.396330958444537,3.592632168346951,3.2197055726246937,171.18240356445312
2023-05-08,170.1760244116815,171.5277343198539,169.8109716539451,171.18240356445312,55962800,71.896394815583,67.42952854884916,121.50584438677208,160.50514629375485,158.13564361572264,159.13467273060067,148.32765426635743,153.73064290772723,2.8589909673349325,170.99731458044025,1.7167626659087887,3.3246508108557853,3.1123525078592715,169.4755096435547
2023-05-09,170.73841026688106,171.22185523763014,169.30778230115573,169.4755096435547,45326900,62.623032918571624,62.69653822393358,63.82833528258666,110.58047706100093,158.60627227783203,159.54019574679495,148.5893293762207,154.04242244705054,2.8960398672952294,171.3445635544545,1.9140729364744118,3.1231396859441602,3.02676110990321,171.24159240722656
2023-05-10,170.70881232248743,171.70531537679722,169.60376298512443,171.24159240722656,53724500,67.65851808337989,65.40248704212237,65.90738522902149,112.07475371934909,159.12228576660155,159.99907404720403,148.890929107666,154.38300007002434,3.032947574995262,171.73437411888105,2.2298057332425287,2.9955205498439272,2.9698357258560186,171.42904663085938
2023-05-11,171.527716852344,172.2578222934666,169.8701504721675,171.42904663085938,49514700,68.1892102555762,65.68699736379835,60.62800382591401,102.94885377826112,159.68348724365234,160.44730826617092,149.26050628662108,154.72054554647653,3.1206015567025247,172.5462784713403,2.387671821299108,2.908685017194667,2.928252589816239,170.50035095214844
2023-05-12,171.5377460938216,171.97247152405595,168.94917294661113,170.50035095214844,45533100,62.28215067909434,62.92612083997638,32.06829653788413,73.48162404031333,160.21427520751953,160.84154523424849,149.6404006958008,155.03301694064825,3.079629932026677,173.05186266877598,3.0232985774448196,2.925058382944689,2.9350415889325663,170.00631713867188
2023-05-15,171.08324080469038,171.1326441539854,169.4135070987024,170.00631713867188,37266700,59.10449913632004,61.4465591572391,-83.94266081723748,56.44435319224664,160.63414978027345,161.2009480540298,150.03643661499024,155.32951793466853,2.9730240537038526,173.39652420937836,1.7191370552829994,2.752783907564447,2.8481912651004544,170.00631713867188
2023-05-16,169.92727479495693,171.06347644981523,169.73955111310707,170.00631713867188,42110300,59.10449913632004,61.4465591572391,-51.33074117967647,50.15326648681353,160.9987728881836,161.5462566455844,150.43316207885744,155.62014762187653,2.8556203136651277,173.7311494796844,1.3239253367081574,2.548661254584977,2.7393151273581475,170.61886596679688
2023-05-17,169.6506236984481,170.85597790757677,168.37608671361758,170.61886596679688,57951600,62.34658600879776,62.70745031194818,-86.3243978596211,34.29332517148489,161.41965087890625,161.9020452464163,150.80498138427734,155.91715194553834,2.779958938799581,174.12715919288013,2.4798911939591903,2.5388369602098644,2.7207848464010795,172.95059204101562
2023-05-18,170.92517510124802,173.13831574371522,170.51021405749552,172.95059204101562,65496700,72.15134539699365,67.11622246091213,167.71579954791594,99.87342656071802,161.86210388183594,162.33532159130255,151.2318391418457,156.2544477890131,2.8750062785001376,174.84860974913667,2.6281016862197077,2.5515890639255567,2.714164620673839,173.05923461914062
2023-05-19,174.27447848042385,174.27447848042385,172.84187196742704,173.05923461914062,55809500,72.54003408222778,67.31013945145966,153.37602950157913,132.67260276933305,162.35171997070313,162.7558672002374,151.66342864990236,156.58721584505525,2.92537660753473,175.3593154045789,1.4326065129968129,2.391734413792879,2.6226247558397655,172.11077880859375
2023-05-22,171.89341610998645,172.61467191708667,171.36977372037438,172.11077880859375,43570900,63.51156123185116,63.77438449572067,47.914078881263286,82.70645855314856,162.86360900878907,163.12272647899644,152.1035612487793,156.89461313146197,2.8558426228027542,175.60314211700612,1.6894608987662423,2.291409625931931,2.5559701946202282,169.50245666503906
2023-05-23,171.0536346915268,171.30063640969706,169.22581594675142,169.50245666503906,50747300,45.387255485401674,55.18860218208324,-63.57282210951451,-21.05890415095559,163.28445709228515,163.37291197648833,152.55691795349122,157.1442733994536,2.560747932455058,175.20090320188635,2.8849628618423253,2.376202945347702,2.5794696708503784,169.7790985107422
2023-05-24,169.03809335131075,170.35214430979713,168.4749372695529,169.7790985107422,45143500,47.24992210293549,55.86723685532297,-79.58313708103667,-107.61286431563937,163.66900451660158,163.6241349778316,152.97787155151366,157.39446795611278,2.322434371498474,174.57063674377324,1.8772070402442296,2.304917816047206,2.5293080543785105,170.91531372070312
2023-05-25,170.3422679275043,171.814388514026,169.63090177565675,170.91531372070312,56058300,54.65984434582489,58.6378630188617,-18.86903958820135,-4.228925301746836,164.06838317871095,163.91006355598344,153.40703475952148,157.6622074762037,2.1998932294182794,174.612140660226,2.183486738369254,2.28757051923607,2.5046065318064206,173.32603454589844
2023-05-26,171.24135456411133,173.6619683326656,171.03386649216068,173.32603454589844,54835000,66.35776149866825,63.82676185268158,63.83812755852007,119.83353449054783,164.45954040527343,164.27931732029384,153.90818321228028,157.972382269663,2.2711234177822632,175.03347537706458,2.7466546119624695,2.3531539610541268,2.521895680388995,175.17361450195312
2023-05-30,174.8376957969301,176.84334846181008,174.45237373510062,175.17361450195312,55964400,72.66392001325883,67.22076368181826,145.02093328394142,214.41208183617942,164.9044219970703,164.70654466075106,154.41509887695312,158.31300072970834,2.4484340927067194,175.74705935907573,3.517313915911643,2.5194625260337724,2.592996982926327,175.1242218017578
2023-05-31,175.20326416230037,177.19904230758075,174.64009299685546,175.1242218017578,99625300,72.24156905460742,67.03967105464622,113.3175212418814,164.2836662075326,165.30095733642577,165.11508101922192,154.9347216796875,158.64589619648157,2.5555101714188027,176.22337852247415,2.5589493107252963,2.525103495275419,2.590565006340539,177.93016052246094
2023-06-01,175.568824614325,177.95979952365096,174.8080550736066,177.93016052246094,68901800,79.96109781477071,71.70338504806608,100.66050796851002,163.77857148918386,165.716513671875,165.61763315660386,155.43708740234376,159.027762816798,2.834114630506633,177.05880852367466,3.1517444500443617,2.6146236316709826,2.6306492523193836,178.77981567382812
2023-06-02,178.8588580217184,179.59986307293,177.11008187963884,178.77981567382812,61996900,81.7536927374823,72.95144002542011,103.28788483952371,164.27301120125063,166.17767547607423,166.13379717688716,155.94272872924805,159.41889257634315,3.087875633257113,177.4481759105183,2.489781193291151,2.596788997616721,2.620587248103081,177.42626953125
2023-06-05,180.43969339813148,182.73186141970515,175.90473056039738,177.42626953125,121946500,70.09908303974119,67.81963954857304,96.65394136039063,133.43983652290217,166.59006042480468,166.57663922999942,156.42912048339844,159.7754742982225,3.143526576935642,178.20226490117827,6.827130859307772,3.2011235492868715,2.9210546489034166,177.0607147216797
2023-06-06,177.81159450251565,177.95978950011877,175.30204865399,177.0607147216797,64848400,67.08575180696923,66.4598878258343,17.16119730497519,72.35666078919058,166.9690869140625,166.98777944535942,156.88466690063476,160.1177562868058,3.1221430115107864,178.78854401096396,2.6577408461287746,3.123497448835715,2.9022465201337995,175.68739318847656
2023-06-07,176.2999526387169,179.03673595726826,175.19338974130497,175.68739318847656,61944600,56.45006583715709,61.47338914418236,-21.976418845371683,59.065820378498714,167.3595199584961,167.32894076861893,157.32726837158202,160.42606592842304,2.9602568135975105,179.0164031754355,3.843346215963294,3.226332986996798,2.9694679269787634,178.4044189453125
2023-06-08,175.76642717021195,178.6711699623807,175.33171678380066,178.4044189453125,50214900,68.117117259318,66.78342194219918,18.73778220085656,69.38269529751004,167.8167254638672,167.76327324613632,157.78374084472657,160.7820729188565,3.0164305728876855,179.73188483039914,3.339453178580044,3.242493014365833,2.9958954449502833,178.78970336914062
2023-06-09,179.3232203666376,180.04446105377914,178.46365934119785,178.78970336914062,48900000,69.47022297228591,67.46814909522055,103.12380258262846,94.99728420666005,168.22007019042968,168.1956822705679,158.23244140625,161.13865966044628,3.056801015567032,180.42980772612077,1.6400421084666448,3.0135714563802347,2.899048778058595,181.58575439453125
2023-06-12,179.09598823299092,181.68456110008825,178.7995831921066,181.58575439453125,54274900,77.5404482833238,71.98200810656948,144.5963127781002,119.81163780751547,168.64796081542968,168.72078313817428,158.7162937927246,161.54355262547764,3.27664174601,181.59906399351146,2.8948577309476207,2.9966123527470043,2.8987494175506683,181.1115264892578
2023-06-13,180.6076484418825,181.94144859403625,180.2519653861507,181.1115264892578,54929100,73.68622274429308,70.20282557640073,114.33183170502488,121.14891208574737,169.01624603271483,169.20669464213833,159.1948127746582,161.93103725644357,3.3737108415659236,182.41816156507898,1.6894832078855586,2.8098796177667977,2.8123732597174462,181.74383544921875
2023-06-14,181.17078973520816,182.1785608236948,179.83698969165084,181.74383544921875,57462900,75.57480488597913,71.22412252990232,85.63503691150657,116.74920512557217,169.37211669921874,169.69834722280817,159.65404159545898,162.32336989392428,3.4617558808551507,183.1961954194696,2.3415711320439527,2.742978405520677,2.7787445363121965,183.77914428710935
2023-06-15,181.7537423543279,184.2830374169013,181.57589328622848,183.77914428710935,65433200,80.76038016329889,74.27998520036506,116.93486920911246,152.62799685187645,169.77934875488282,170.25053534297683,160.10170486450195,162.7482367135913,3.653647646502037,184.2947581757756,2.707144130672816,2.737859223399554,2.7736302216236695,182.7022247314453
2023-06-16,184.4905147162389,184.7474061455162,182.0600263098281,182.7022247314453,101256200,71.40260335628474,70.04161362061195,101.63038600196167,131.78550647606312,170.20194274902343,170.73883688762265,160.52461013793945,163.14336518919237,3.676445075015664,185.1065590976328,2.6873798356881196,2.7306478822979203,2.76746947977113,182.7911376953125
2023-06-20,182.1983426443928,183.86807659469076,182.1983426443928,182.7911376953125,49799100,71.71825578254266,70.19283541719025,69.36601184013401,104.09852024812207,170.60855560302736,171.21147613498306,160.9550047302246,163.53242999129375,3.6595022702563256,185.81758121501133,1.6697339502979673,2.57908874915507,2.689059799094476,181.7537384033203
2023-06-21,182.6824521359612,183.1863452547994,180.40015882951445,181.7537384033203,49515700,62.350225034461346,66.00637126577872,-17.34090562297639,59.13773732831912,171.04631774902344,171.6248981847218,161.3543374633789,163.8932479796507,3.521768764371359,186.1884098548737,2.7861864252849387,2.6086741314593374,2.6959974152509374,184.75726318359372
2023-06-22,181.53636658960147,184.8066665365007,181.4671988803744,184.75726318359372,51245300,73.87637178783781,71.33666627894215,89.11729231969166,103.42992033880549,171.56842224121092,172.1398928905599,161.7642984008789,164.30639679557038,3.613321199333768,186.61513866177182,3.3394676561262884,2.713073206411759,2.7419595753134622,184.4411163330078
2023-06-23,183.32467881492,185.3105672079408,182.7911466595608,184.4411163330078,53117000,71.19964515972575,70.09084050575699,109.74990239619177,104.78101969574399,172.09801696777345,172.6222938098716,162.19996215820314,164.7051041131434,3.61865317369535,186.71943708534525,2.5194205483799976,2.68540854097865,2.7260639305325003,183.0480194091797
2023-06-26,184.5893075659166,185.79467703737228,183.0084906957425,183.0480194091797,48088700,60.01987639756787,64.72664321202807,79.45584793742532,87.09446818459067,172.49200775146485,173.0311457941582,162.60898666381837,165.06833015860946,3.4704621947422822,186.48036309650678,2.7861863416297865,2.6998053696430984,2.7303583884680207,185.8045654296875
2023-06-27,183.66059237854205,186.1306094986342,183.4432296659109,185.8045654296875,50730800,70.65638887711563,69.67256997931068,134.28357697151426,111.70990409668467,172.94803619384766,173.53206421123778,163.03434616088867,165.4789486788288,3.5347041337255973,186.9089675187327,3.0825900894544986,2.754488901044727,2.75551779568134,186.9803009033203
2023-06-28,185.6761245932701,187.62249934110088,185.350095591546,186.9803009033203,51216800,74.0869476061155,71.50766274964239,159.0790015901494,147.22711276900233,173.42718475341798,174.05944604229987,163.41836395263672,165.90471802980883,3.6385454726065802,187.6381269959481,2.272403749554883,2.6856195936890352,2.7210096495294502,187.31622314453125
2023-06-29,186.8123450566035,187.7904773075337,186.67402469467496,187.31622314453125,46347300,75.05889534090622,72.02844108259718,119.98953100629548,159.49027256475952,173.88858276367188,174.57931965415207,163.76948791503906,166.32870823010037,3.705234957095911,188.22215290328356,1.116452612858751,2.461452882141852,2.6063984326244003,191.64366149902344
2023-06-30,189.3317294308403,192.14753949056515,188.96615669898216,191.64366149902344,85213200,84.05014422688372,77.68651950440787,166.73136392583504,228.13947011020144,174.41363952636718,175.24850953042153,164.19117477416992,166.82999443344536,4.060468411033128,189.99744689441712,4.831316346033901,2.8000048055550018,2.765321140725079,190.1517791748047
2023-07-03,191.45594020037944,191.5547469022835,189.4601624130482,190.1517791748047,31458200,73.40652202592412,72.25979960492822,103.71289976310898,157.36007180552224,174.92819732666015,175.83295147726008,164.5691766357422,167.29181195307626,4.173501519609971,191.10736995502668,2.183499085975228,2.7119325599007484,2.723762422528661,189.03536987304688
2023-07-05,189.2724969662243,190.6655752957469,188.33387831143204,189.03536987304688,46920300,66.09882710379765,68.40876809406232,51.20806956955704,104.42333686573997,175.4525909423828,176.35069337513409,164.96290878295898,167.72237745644202,4.125440660154084,191.7135526301476,2.3316969843148456,2.657613191959905,2.6957577483705317,189.50958251953125
2023-07-06,187.56320791106293,189.7170705815605,186.9308841600135,189.50958251953125,45094300,67.69266227844025,69.16059975664994,14.593542136580659,73.69070484145898,175.9803515625,176.86672824354181,165.37172714233398,168.1538072596715,4.078601500924918,192.19795681324376,2.7861864215470007,2.6759807961866326,2.702216939311708,188.39312744140625
2023-07-07,189.1143832525221,190.35926638037827,187.95841711755844,188.39312744140625,46815000,59.95090836527657,65.22491438353902,1.146262641415946,67.16030148019519,176.51656646728514,177.31874389836003,165.76573028564454,168.5545858771316,3.906362421212094,192.07099001567215,2.4008492628198326,2.636676291419947,2.680690676705145,186.3479766845703
2023-07-10,186.9901751208951,187.7114309918433,184.796798659538,186.3479766845703,59922200,48.17596006094024,58.64171454451779,-140.45180624980077,-4.174813939586523,177.0120755004883,177.67283145860355,166.11126098632812,168.9069302495561,3.563754393299604,191.90688814758838,3.5963287818682375,2.7737695043411312,2.746093398502509,185.82432556152344
2023-07-11,186.8913747422291,187.0296950947768,184.3620796809065,185.82432556152344,46638100,45.50605435096751,57.053862731319725,-128.9219903897863,-26.676303778460902,177.40535400390624,177.9924978940122,166.4579685974121,169.24192817652573,3.212943975366727,191.61971753771144,2.667615413870294,2.7586046342738686,2.7404878281716365,187.4940643310547
2023-07-12,187.40513225686783,189.4009103170613,186.20965240962747,187.4940643310547,60750200,54.82055752136632,60.70733619533836,-22.311422496214504,21.65557899142509,177.80696716308594,178.36510834252365,166.8003579711914,169.60335661522927,3.03467629648884,191.7123381444791,3.5765847555378514,2.8754589373115804,2.8002090372692234,188.2548065185547
2023-07-13,188.21529288043007,188.89701997543003,187.5039267878899,188.2548065185547,41342300,58.58344452385789,62.28170875724772,22.917577428475663,31.120249662560504,178.22557067871094,178.7529396435445,167.16633850097656,169.97269225687927,2.9211106679208,191.76888586947894,1.4029556443753393,2.6651013240349744,2.7004052234910887,188.40306091308597
2023-07-14,187.9485710508826,188.88717470401284,187.3557758848065,188.40306091308597,41616200,59.3531491164748,62.59624162929665,37.150365670605744,22.94957146988751,178.66785858154296,179.1313757717618,167.54524673461913,170.33765005205169,2.8106722990290223,191.81768046687003,1.5313988192063448,2.50314382334517,2.6169047660421785,191.6634521484375
2023-07-17,189.598506397075,191.9894962144421,189.5095893997432,191.6634521484375,50520200,72.47686730911427,68.76505464338592,163.88159440687886,129.94806158608523,179.19686309814452,179.62282974731772,167.99691528320312,170.7599431628712,2.952204247600207,192.52501974651102,3.586435301356147,2.6578997487753098,2.6861569471360336,191.4065704345703
2023-07-18,191.0311380681889,191.9993805984401,190.1122838217696,191.4065704345703,48288200,70.38786907809158,67.81605285970633,119.16125468148225,116.95766468173233,179.75348663330078,180.0849372252492,168.44177215576173,171.16878726726128,3.008955760074258,192.96663654400507,1.8870967766704894,2.547785038474621,2.629081220674209,192.7601318359375
2023-07-19,190.7841182449009,195.85258285437448,190.3395031262878,192.7601318359375,80507300,74.84499259219376,70.15340168722989,117.54403194718482,159.3853154387597,180.18365966796875,180.58200368057032,168.8953305053711,171.59633864485883,3.127105509727727,193.5603616956792,5.513079728086666,2.9713985655620556,2.835081114060813,190.81375122070312
2023-07-20,192.7502360363635,194.1136901954007,190.19130213491889,190.81375122070312,59581200,59.75592009463166,63.061201890563325,57.481259479462594,90.89507571852063,180.57628662109374,180.98324868214416,169.3559651184082,171.9768814681429,3.0287696176742145,193.45926537782202,3.9223880604818078,3.107254207693449,2.912745895948027,189.63803100585935
2023-07-21,191.77212935032983,192.63169045749677,188.93653953192955,189.63803100585935,71951700,52.322161153312095,59.169908108040225,-6.55588375933813,42.37960997963864,180.97953704833984,181.32265191052517,169.79290466308595,172.326607201563,2.8234202877567043,193.48972023402538,3.6951509255672192,3.191239453103987,2.9686319694922547,190.43833923339844
2023-07-24,191.09042743728983,192.5724378593397,189.94433575938183,190.43833923339844,45377800,56.608911277368584,60.936907414494904,3.857385495114028,62.22975211632129,181.36347198486328,181.6801298447555,170.24287887573243,172.68525536060923,2.6942005826078628,193.5065377113232,2.93440685348034,3.15454908172918,2.9661873183485463,191.29786682128903
2023-07-25,191.01135149008,192.1080396126164,190.6062650944163,191.29786682128903,37283200,61.00230272238785,62.798986065976656,-4.822554018625245,65.22282753146695,181.7608483886719,182.05729600069802,170.7221678161621,173.05382192418705,2.6308232356408325,193.2559887337562,1.6697003792179714,2.9424278385132934,2.873581108410648,192.16732788085935
2023-07-26,191.34728040522955,193.29365506077997,191.00148706119936,192.16732788085935,47471900,65.16480688203762,64.63541836138671,64.51882368265495,81.67116125664415,182.1941879272461,182.4537678391357,171.2042315673828,173.43230719065582,2.6205464444997233,193.46968683544952,2.292167999580613,2.849533575808625,2.8320516006370746,190.9026641845703
2023-07-27,193.66908608151945,194.8349268024685,190.2407014755217,190.9026641845703,47460200,55.17163657445824,59.996113999264004,35.680605247906826,67.40595042690134,182.61211486816407,182.78509710758414,171.62313232421874,173.77825485390164,2.4817461970983175,193.53932096244097,4.594225326946798,3.0987752545426495,2.9579211525163407,193.4813690185547
2023-07-28,192.33527753863385,194.2717774555962,191.81163515269853,193.4813690185547,48291400,67.15407175543689,65.44279755774707,151.73614820508962,103.48607461428877,183.0816159057617,183.20455875115164,172.04019439697265,174.16841553042943,2.5504262043000097,194.02575728823274,3.3691132710258955,3.137394971183113,2.987292018124166,194.0939483642578
2023-07-31,193.70862628447964,194.13347708185935,192.91821776612247,194.0939483642578,38824100,69.41947076491519,66.60597023447636,128.2533316210051,126.76642328273519,183.55111755371092,183.6315936379401,172.4853842163086,174.5629805370399,2.6240373690947365,194.47733256133782,1.215259315736887,2.8628041632622234,2.860718253667932,193.26402282714844
2023-08-01,193.88647197429415,194.3705856880401,192.93797875368105,193.26402282714844,35175100,62.5956035695807,63.48809061848457,81.31543222854506,106.96938118241619,183.9573861694336,184.00933595908555,172.90974502563478,174.93329820615094,2.5856014881919123,194.84502057337008,1.4326069343590575,2.6584902734189138,2.7587103022887267,190.27035522460935
2023-08-02,192.70084355962268,192.83916391140565,189.5491144671544,190.27035522460935,50389300,44.278601270268005,53.719588146357445,-109.38924391731871,-47.81750011127606,184.30160858154298,184.254866126361,173.32666427612304,175.23700230552635,2.287211271462155,194.87230163360093,3.714908359994041,2.8094071429296466,2.827010163553392,188.8772735595703
2023-08-03,189.2724853572926,190.06287880116,188.4030344780921,188.8772735595703,61235200,38.208567435080454,49.87396023134437,-162.81630608314407,-169.98878273718324,184.6369384765625,184.43613700609473,173.75027374267577,175.50710668679454,1.9162356552011204,194.87148156455993,1.8673207465172368,2.674823372013588,2.7584609194793814,179.807373046875
2023-08-04,183.2950360404776,185.13272939460776,179.7382053306166,179.807373046875,115956800,18.71789193941082,33.20652828749559,-200.9039068754386,-359.82084419500086,184.84303680419922,184.2546168508312,174.0637469482422,175.59226047610306,0.8802229730129341,196.30335101204759,9.139068228953704,3.598286923005033,3.2142185844418334,176.70504760742188
2023-08-07,179.94570917112617,180.93371611312844,175.22303719441848,176.70504760742188,97576100,15.552073183775732,29.56680216665937,-142.40937714601063,-264.89236337578495,184.98155578613282,183.958555311874,174.3252801513672,175.61429586484203,-0.18897785832180602,197.90623544737406,5.710678918709959,3.9000572081057365,3.3925371797466997,177.6436309814453
2023-08-08,177.5349496271552,178.10799539743132,175.45025461361834,177.6436309814453,67823000,20.309456995856976,31.99538977347315,-95.30444022644545,-181.21032304137466,185.11612213134765,183.71091122048463,174.59225265502928,175.65448071863614,-0.9496444757323559,198.8216829005095,2.657740783812983,3.722583433206772,3.3400517228942914,176.05294799804688
2023-08-09,178.70079919463467,178.76007719518685,174.88709204262926,176.05294799804688,60378500,18.273964342053503,30.101068069762405,-75.50855444821057,-136.4312221142468,185.17066040039063,183.41059893725176,174.81510040283203,175.66237115981258,-1.6616782803481271,199.7414286881627,3.8729851525575896,3.7440693931140316,3.37811839644167,175.8355712890625
2023-08-10,177.3274561288203,178.58222898523437,175.47001359754938,175.8355712890625,54686900,17.98655858209122,29.841055366828712,-62.885994923064366,-106.40408249051049,185.1838995361328,183.11353902947963,175.04416076660155,175.66580086534228,-2.217943610831071,200.3739856605533,3.1122153876849836,3.6538045351955963,3.359125324387621,175.89491271972656
2023-08-11,175.42993638319382,176.71606748177,174.66813966002076,175.89491271972656,52036700,18.395319678262723,30.01877029739856,-65.05279267958699,-94.48304857785962,185.19931335449218,182.83045564478343,175.25013534545897,175.67033773374592,-2.6237545264461346,200.76305279301903,2.047927821749255,3.424393576131833,3.2654683599134517,177.54713439941406
2023-08-14,176.07301094207762,177.7746785921086,175.42004228880285,177.54713439941406,43675600,29.766057825293103,34.95874546161076,-28.902552089280654,-71.50675662853091,185.19165283203125,182.62326657633758,175.45408325195314,175.7075020241552,-2.7799960553837764,200.50462608994354,2.354636303305739,3.271571108585248,3.200408927298615,175.55857849121094
2023-08-15,176.97334414092546,177.56693975444728,175.1628480821964,175.55857849121094,43622600,24.89519966382366,32.02831475574098,-82.55024959158655,-69.19490349252423,185.1272280883789,182.346219984764,175.65245178222656,175.70455304330483,-3.029357883492054,200.2792968564877,2.404091672250871,3.147645474823194,3.1435291233666334,174.68795776367188
2023-08-16,175.24198634047178,176.63694575843348,174.61869664349865,174.68795776367188,46964900,22.97487236431148,30.810583587882178,-129.75383628984213,-68.70256550769533,185.07246185302733,182.04589597609373,175.831261138916,175.68442244370814,-3.2596554663037125,199.7361463198429,2.0182491149348323,2.9863031376962854,3.063151979907219,172.1453399658203
2023-08-17,175.25187020963352,175.6179215615527,171.6308784010705,172.1453399658203,66062900,18.193306451179055,27.519799673420337,-197.96601942904314,-83.69141672596488,184.97415435791015,181.65763887765164,175.97162063598634,175.61434160256186,-3.6057708843887326,199.48538573164595,3.9870431604821874,3.1292659980942714,3.1291442070911453,172.630126953125
2023-08-18,170.46346761685473,173.23362560342792,170.12709527960956,172.630126953125,61172200,21.812971692558847,29.07523480099148,-142.55567515460797,-93.09412729451478,184.91300903320314,181.30361880218,176.13626449584962,175.55524824316706,-3.7971800604322823,199.11733844910825,3.1065303238183617,3.126018044626284,3.127528929714518,173.96572875976562
2023-08-21,173.20394701107267,174.25264612165492,171.88812158676677,173.96572875976562,46311900,31.54802598611235,33.320782638200555,-54.87931568753847,-78.46449545722663,184.8242352294922,181.01585840835986,176.3204803466797,175.52377260983238,-3.79732807349302,198.36519106929686,2.3645245348881474,3.017233257520836,3.073028615798349,175.34091186523438
2023-08-22,175.17272569654477,175.78611232307705,174.3713618531986,175.34091186523438,42038900,40.45409205751118,37.47113161116433,26.701544622288747,-44.70220838606575,184.75525939941406,180.79331148510005,176.48766479492187,175.52015160498885,-3.64446842775115,197.25413496932123,1.8203835633114238,2.8462547297766343,2.98355396919214,179.18943786621094
2023-08-23,176.61716031274474,179.61486234805133,176.42918310654636,179.18943786621094,52722800,58.20742083911621,47.34815908480142,144.60062820668938,89.56060362865766,184.70733306884765,180.73041448043773,176.67764694213867,175.59281073887445,-3.176169270151803,195.82607599428724,4.273950482816957,3.050211265925252,3.07572514873677,174.49998474121094
2023-08-24,178.74425133745834,179.16967585239115,174.13391827576947,174.49998474121094,54945800,40.88057717654849,39.21885978761852,47.35872219151223,10.801809254994886,184.57510223388672,180.48608390242885,176.7956741333008,175.57117062010883,-3.147159988327246,194.47259825379277,5.055519590441463,3.336683883713282,3.217139037429962,176.70619201660156
2023-08-25,175.4893068451812,177.2404295003986,173.9459373407173,176.70619201660156,51449600,49.18326586440365,44.08296486059888,42.75353487633031,19.190323673430303,184.4743493652344,180.3378528480827,176.92323303222656,175.5936462913265,-2.912573104663437,192.27466086392226,3.2944921596812833,3.330656494565854,3.222664260447914,178.2693634033203
2023-08-28,178.17042326142217,178.66509377862053,176.6468447107556,178.2693634033203,43820700,54.46897291971755,47.30093481057486,89.85125992205067,111.14128446375597,184.3641537475586,180.25673561495475,177.0717512512207,175.6466307885937,-2.5708908133405544,189.53754373258388,2.0182490678649287,3.1431697193228643,3.1366346038348434,182.157470703125
2023-08-29,177.78458503986462,182.9291555203976,177.58671984756458,182.157470703125,53003900,65.02559750583418,54.33965028183683,141.14095144147052,208.3121727041521,184.3532586669922,180.3312742458634,177.2776007080078,175.77555831165375,-1.9637307057574276,186.86764485322067,5.342435672833005,3.457350569824313,3.294191823048998,185.64984130859372
2023-08-30,182.9687355268348,185.84772159478027,182.77087033679464,185.64984130859372,60813900,71.8621532905012,59.56392767986351,167.93802355815936,237.68135456776326,184.4104327392578,180.5398455032254,177.5094941711426,175.97108866802878,-1.1870631007388397,185.5233836477446,3.6902508916552677,3.490622044371592,3.3224817565208746,185.86749267578125
2023-08-31,185.8378136528603,187.10416895130783,185.4816502816628,185.86749267578125,60794500,72.25646235542762,59.872075747912,121.59899938345421,191.09982678488174,184.49270782470703,180.74877284332564,177.76951278686522,176.1670570642219,-0.547672553547045,184.5892476709762,1.622518669645018,3.223750133696367,3.2010558217440277,187.4405670166016
2023-09-01,187.4702460412081,187.8956554579994,186.27313669620688,187.4405670166016,45766500,75.18828275612621,62.11898055656536,96.7348205443099,156.87526354872432,184.5463739013672,181.01119614423845,178.05739807128907,176.3902948850611,0.08500315082588372,186.15833663065183,2.0281627822181463,3.05295194062805,3.117277747492179,187.677978515625
2023-09-05,186.27311615331163,187.95499277883357,185.61025951662367,187.677978515625,45280000,75.64151939686583,62.46061552142099,71.5608573639984,120.46419957835897,184.61111114501952,181.27263859017518,178.3545640563965,176.61381337279502,0.5986593561589473,187.73959157959902,2.3447332622098997,2.951777843711171,3.0620959985434446,180.9603729248047
2023-09-06,186.3918455631262,186.8370611072444,179.53571941437733,180.9603729248047,81755800,47.187047317555326,48.995884275769825,-30.57694683570904,44.76764334719334,184.56935821533204,181.2603928778077,178.53068298339844,176.69988385897344,0.45839685615607095,187.97367372812636,8.142259101247674,3.693275166216386,3.4249647915937467,175.66737365722656
2023-09-07,173.31273740579792,176.31045432139675,171.6902188794394,175.66737365722656,112488800,35.06246356482362,41.41940704189336,-169.957847149056,-70.72916136648867,184.3666143798828,181.04105879072608,178.65732528686524,176.6794381124042,-0.07895287152942387,187.97479343414912,9.270154045365274,4.489972148951941,3.8424783097202844,176.28077697753906
2023-09-08,176.4489782367689,178.3188321743013,175.89493458078306,176.28077697753906,65551300,37.242679482465455,42.528553313750955,-95.90319735088724,-45.568733284071236,184.15262390136718,180.8543810725619,178.78990432739258,176.67154383250588,-0.45012116400420155,187.97532563045263,2.6514585170747296,4.227327344398054,3.757405467388459,177.44821166992188
2023-09-11,178.15065045906456,178.3781946740771,175.4497385181934,177.44821166992188,58953100,41.596549561268056,44.6755116780554,-64.50576602656331,-48.219800816214295,183.955263671875,180.72080580187014,178.92192321777344,176.68692339364281,-0.6426642534281939,187.99521472344335,2.92845615588368,4.041774317467429,3.6981948022809745,174.42083740234375
2023-09-12,177.5768378987377,178.21001559327632,172.95661681425068,174.42083740234375,90370200,34.38044419534384,40.455028198758335,-68.52371680350538,-79.47094168010368,183.6108071899414,180.473748217575,179.0122233581543,176.6420504037161,-1.0276932336848006,187.99684395214857,5.253398779025645,4.21486352626146,3.8092808006198795,172.3531036376953
2023-09-13,174.62857587906927,175.4101637291933,172.12554433664133,172.3531036376953,84267900,30.205025264387558,37.826560125160434,-83.24536816541953,-97.19887009141625,183.2548336791992,180.15529156738367,179.0915155029297,176.557120764785,-1.4825899346705285,188.11710562195452,3.284619392551974,4.081971507160105,3.7718049857578864,173.86679077148438
2023-09-14,172.14533201670497,174.22295413122683,171.72981061302968,173.86679077148438,60895800,36.76407245038293,40.85603143362275,-81.66327595026193,-91.24299247572218,182.95146209716796,179.90868369303467,179.2020265197754,176.50384690353152,-1.701344901298171,188.13972746137821,2.4931435181971437,3.8549960801653964,3.6804720237892616,173.1445770263672
2023-09-15,174.5989096220804,174.61870067060727,171.96727382158934,173.1445770263672,109259500,34.936508748115614,39.858117595330775,-75.40202935999748,-85.667813144626,182.6241619873047,179.6434246080673,179.30225677490233,176.4373267079441,-1.9109580667702062,188.07916604923975,2.6514268490179234,3.6830576185729003,3.6069687970198805,176.07298278808594
2023-09-18,174.59885956646116,177.46795693444136,174.2921663348814,176.07298278808594,67257600,47.32378365559949,45.65442295775949,43.718970573219046,-44.26873114894842,182.3777590942383,179.50340728179353,179.44716278076172,176.4301119768578,-1.8198025878801616,187.97548442796608,4.323379908074173,3.774532231358797,3.658141019238044,177.1613006591797
2023-09-19,175.62781908525017,177.71532920549458,175.24197669791334,177.1613006591797,51826900,51.3405528737402,47.672838618925205,79.99227131848825,-29.8010273157454,182.19402557373047,179.41155996325966,179.60305053710937,176.44459096066615,-1.6408286065784523,187.9431094451757,2.4733525075812395,3.5886494136762885,3.573513268405415,173.6194610595703
2023-09-20,177.3492658362857,177.78457830053213,173.5304088946865,173.6194610595703,58436200,39.81361735124156,42.18208163563665,17.642922343574707,-48.723074770089816,181.9499282836914,179.18441882978163,179.67764114379884,176.38864779430781,-1.7644478359368065,188.0013789127885,4.25416940584563,3.683723698271909,3.6221315639368585,172.07606506347656
2023-09-21,172.6894667209782,174.42081339229338,172.00681904661934,172.07606506347656,63149100,35.73475203499588,40.01905814014334,-74.74670813915054,-80.82972832655713,181.64156829833985,178.905659858554,179.72426773071288,176.30325011646957,-1.9643127493853,188.02612206455535,2.413994345674041,3.5023337907579277,3.535836048346657,172.92689514160156
2023-09-22,172.80817906033587,175.19249433338604,172.19479251227028,172.92689514160156,56725400,39.707433575768356,41.79109522141987,-46.10229797350227,-67.6330639620425,181.3350100708008,178.6711984971049,179.78029037475585,176.23639160211573,-2.0306442536966927,188.08283984552753,3.1164292699094744,3.4472045734938632,3.5058784213154297,174.20318603515625
2023-09-25,172.34321990077478,175.0836990271703,172.2937498255981,174.20318603515625,46172700,45.593338811357526,44.44260316453188,-30.590105995227695,-51.58193681936626,181.0510125732422,178.49598232212654,179.8594355773926,176.1961301057403,-1.9576597569767955,188.07950152757698,2.789949201572199,3.3533109489336255,3.454740619905199,170.12710571289062
2023-09-26,172.95662192119033,173.33256128157663,169.8303003575296,170.12710571289062,64588900,33.43260946132719,38.42294415952039,-134.20749630856542,-154.6218127270199,180.62028564453124,178.16779108254866,179.9085743713379,176.07595140489178,-2.2033260629527263,188.20999017326048,4.372885677626641,3.498964481604056,3.5203224097424446,168.61337280273438
2023-09-27,170.7800319235512,171.19555331579562,167.24809254140138,168.61337280273438,66921800,29.969322624742603,36.448506863246,-148.84623892850104,-189.61555359816398,180.16442169189452,177.79310801275201,179.95895416259765,175.92817757118567,-2.491444158040906,187.96057825649322,3.9474607743942443,3.563035380574083,3.550832292931859,168.87063598632812
2023-09-28,167.5350194532839,170.19634944676713,165.8333515413796,168.87063598632812,56294400,31.37877952859543,37.04064907086811,-114.81987815112349,-183.5950504195854,179.68663177490234,177.44320714897069,179.93514572143556,175.78842427247562,-2.6682627631020353,186.84791890423062,4.362997905387516,3.677315741261716,3.6088441223929775,169.38507080078125
2023-09-29,170.18643455541363,171.22524557281096,168.52433390834895,169.38507080078125,51861100,34.45625248245986,38.27907512617457,-51.97266241935202,-109.77861423244484,179.2580581665039,177.12720180198286,179.91717239379884,175.6616251938282,-2.735350770323464,185.37005603387095,2.700911664462012,3.5378294445760443,3.543991803969337,171.89801025390625
2023-10-02,169.39497856408786,172.44215085955082,169.10806120104496,171.89801025390625,52164500,47.79821272082068,44.06689641281618,8.471859643842684,-49.83892923529958,178.90325775146485,176.9221354667642,179.94139739990234,175.5870981653149,-2.556278104275293,182.96566540792142,3.33408965850586,3.5087237608517325,3.5289987935790887,170.5623779296875
2023-10-03,170.42387079713225,171.77927819729268,168.99923247491208,170.5623779296875,49594600,42.441144840759634,41.82209439026073,-3.3197295158762987,-62.28315089937227,178.50573852539063,176.67273321040824,179.93460525512694,175.48759875470842,-2.493393800850157,179.7086694721482,2.898777778994173,3.4215886205863666,3.4839830068230233,171.80897521972656
2023-10-04,169.26636140324675,172.35311583182798,169.14764530465982,171.80897521972656,53020300,48.70159292290123,44.65584286152268,69.15693184048516,-36.199672862494005,178.11596069335937,176.48199760293053,179.93840454101561,175.41475472431273,-2.3162670693219525,178.2503326459152,3.20547052716816,3.3907146072409087,3.464089258276247,173.0456085205078
2023-10-05,171.9375365234678,173.5798459273994,170.83936759627778,173.0456085205078,48527900,54.4370338185374,47.39327837010105,129.2415705874205,8.517321731483163,177.73352630615236,176.3472372467571,179.96385711669922,175.36784093809877,-2.0524475483264553,177.9771482886078,2.740478331121608,3.297823710652437,3.4124027634794873,175.59812927246094
2023-10-06,171.947458780219,176.09279974358,171.33405713065292,175.59812927246094,57266700,64.10213987689978,52.60431310590124,159.57029569243173,75.02754329130968,177.42743560791016,176.31786046345138,180.0197752380371,175.37240110313564,-1.6187417377231554,177.86008525615645,4.75874261292708,3.506526410977386,3.508569895582887,177.0821533203125
2023-10-09,174.9253820623563,177.1415113656987,173.92615307401468,177.0821533203125,42390800,68.61757476549231,55.37217725086116,142.5655356490418,137.14599117880516,177.09945129394532,176.3478327323479,180.09053359985353,175.4062575826837,-1.1421128539435301,177.7767242605361,3.2153582916840264,3.4649309653640485,3.487626209590111,176.488525390625
2023-10-10,176.20162316730602,177.80435062036204,176.0532129722285,176.488525390625,43698000,64.81294041091616,54.01334729978508,110.28670614415233,148.04190740202668,176.74734283447265,176.35335009149605,180.14923019409179,175.4276886283855,-0.8030250692600305,178.09025587681026,1.7511376481335503,3.2201033486168344,3.363591312343214,177.88352966308594
2023-10-11,176.30057789253502,177.9329997364432,175.7069823006886,177.88352966308594,47551100,69.45606696672651,56.702306236215584,89.55475120654404,130.99282339798708,176.4397329711914,176.4133571335192,180.1985595703125,175.47631914392414,-0.4169243265423006,178.78706277817085,2.2260174357546134,3.0780910753508026,3.2823360354440285,178.78384399414062
2023-10-12,178.1506662685904,180.3964597864409,177.13163100626258,178.78384399414062,56743100,72.21651560320072,58.393213741184645,105.49075173288277,139.51400338356189,176.21000274658203,176.5063174025632,180.2558056640625,175.54181468551258,-0.03785252362757774,179.53679588757038,3.2648287801783056,3.1047678903261606,3.2810855172107627,176.9436492919922
2023-10-13,179.48624788964275,179.9908063804386,176.24121051823693,176.9436492919922,51427100,59.41243337522606,53.77092676509059,62.93029741328495,97.32042509831786,175.97133026123046,176.5234676727369,180.30413436889648,175.56957378663097,0.11277626336928392,179.90947614536793,3.749595862201687,3.1968861720226647,3.3145505418529715,176.81504821777344
2023-10-16,174.86604498115446,177.17121162893596,174.62859767499688,176.81504821777344,52517000,58.56582261877513,53.45248652419371,-33.77253806839698,55.91715401803327,175.91148376464844,176.53490220391478,180.37726028442384,175.5942366466536,0.21924629554177955,180.0119446855375,2.5426139539390817,3.1034187122964383,3.2594122141448367,175.26174926757812
2023-10-17,174.7670787756051,176.51821654411026,172.93680701299223,175.26174926757812,57549400,48.77233775459238,49.629396277336184,-135.52178210243144,22.057327589825732,175.88261779785157,176.48497463778392,180.4320867919922,175.58765273815703,0.17625456636741887,179.76082123626725,3.8782412047812045,3.214107639794262,3.3036142849045773,173.96572875976562
2023-10-18,173.7085055181981,175.68718764266174,173.24351401125745,173.96572875976562,54764400,41.944656131393664,46.63246672250471,-123.81266512052173,-1.8968180037800115,175.80905975341796,176.3861806817832,180.4625909423828,175.55553543165422,0.03717673728715454,179.78020551765027,2.4436736314042946,3.104045638595695,3.2421899525117,173.58978271484375
2023-10-19,174.16358722416024,175.9444040866048,173.32265641144056,173.58978271484375,59302900,40.04736460586591,45.76907475215639,-87.44322980248243,-12.945695422723738,175.7597964477539,176.27651801641304,180.46522842407228,175.51660963528172,-0.10220103822291549,179.81538565883278,2.6217476751642437,3.0351459295340595,3.1978726469868817,171.03729248046875
2023-10-20,173.4413840831658,173.55021220691836,170.79984518424126,171.03729248046875,64244000,29.483517937918066,40.311808411385265,-131.9460501141202,-95.27129375391107,175.66383087158204,176.07105819147407,180.42386520385742,175.42791028568146,-0.4138529204875283,179.8227270981763,2.7899375306024865,3.00011615825812,3.168734424387996,171.15599060058594
2023-10-23,169.08827156264798,172.15521956196545,168.11870652701532,171.15599060058594,55980100,30.47845159969212,40.666107708624395,-141.44459080185763,-138.15417643852675,175.56905242919922,175.87831044281177,180.3841828918457,175.34331781666967,-0.6438395546115601,179.7523086388135,4.036513034950133,3.148172854928408,3.23071861085672,171.59133911132812
2023-10-24,171.20549664949476,171.8188833590379,169.62254470055612,171.59133911132812,43816600,34.436710816864334,42.02535315687761,-80.74667761027153,-120.2544325653071,175.4499365234375,175.7101939200085,180.32079467773437,175.2690212086431,-0.7819626539417186,179.70250954508813,2.1963386584817783,3.0121965411503178,3.156834328544224,169.27626037597656
2023-10-25,170.04794519039626,171.21536038795298,168.83104482476435,169.27626037597656,57157000,25.447747092503448,37.15137750049986,-94.44345813889147,-140.7083041707398,175.3242901611328,175.4578828006347,180.22575912475585,175.15035267730318,-1.0659461476450645,179.63642819018085,2.760294286563777,2.9762105047808123,3.1285100398313355,165.1111297607422
2023-10-26,168.55403244057868,169.55327657792432,163.90413245355498,165.1111297607422,70625300,16.440224544029462,30.334873231867874,-163.75121074492458,-176.42733939996296,175.13275360107423,175.05212777946247,180.10260772705078,174.95155618390592,-1.6085539351219609,180.20113728669457,5.649144124369343,3.358058164722031,3.30855533158405,166.42697143554688
2023-10-27,165.13093692905153,167.15908932984755,165.05178782457455,166.42697143554688,58499100,26.08339475463123,34.42808622734724,-113.45306341466551,-136.49653078039276,175.01838623046876,174.71388635421087,179.99627029418946,174.78275252552257,-1.9103754705098197,180.5042688560688,2.107301505273,3.1793786419435976,3.2227514868475464,168.474853515625
2023-10-30,167.21840145454993,169.34547832959018,167.0699912633637,168.474853515625,51131000,38.888754936161426,40.306522130755276,-28.57254839541658,-81.93019909846895,174.93528076171876,174.46921839975653,179.92414489746093,174.65784363423745,-1.9617108611292906,180.60463980165076,2.918506894043304,3.142111249386413,3.201019730218672,168.94976806640625
2023-10-31,167.54490564738762,169.07837213199355,166.1103491096919,168.94976806640625,44846000,41.62487366598344,41.61374536616766,-22.146072400047927,-76.2558498733996,174.83496154785155,174.25276936707613,179.82959838867188,174.54481243487444,-1.9416902957559898,180.66136804041278,2.968023022301651,3.1172415026600184,3.184377108224599,172.11566162109375
2023-11-01,169.1773175299865,172.37288485640974,168.3066925856151,172.11566162109375,56934900,56.70176031010458,49.54580031157439,92.22687174554468,-11.517181104001894,174.77045654296876,174.16896122017485,179.7628579711914,174.49671043856193,-1.6513272296820958,180.66865039267742,4.06619227079463,3.25280589810782,3.2473639055510297,175.67730712890625
2023-11-02,173.64915484595178,175.88506030695757,173.58979679508,175.67730712890625,77334800,67.66347239700144,56.67657827427012,167.84950792177284,93.14083998403551,174.70021392822267,174.2281120401251,179.70377349853516,174.52008859084597,-1.1208963855003162,180.8897883928707,3.7693986858638198,3.326604867787249,3.2846521041448002,174.76705932617188
2023-11-03,172.38275929327585,174.9352605593319,171.50224651940002,174.76705932617188,79829200,62.91434756683234,54.55448869577509,88.92572838278309,70.44805415792419,174.70555541992186,174.2492472278132,179.6403288269043,174.5249791004564,-0.7651552766244265,180.8034035723881,4.175060609506232,3.4478128308899607,3.348252711670617,177.319580078125
2023-11-06,174.4999673355032,177.51744525540883,174.3317811800047,177.319580078125,63841300,69.83982337019926,59.17108838959541,104.87573847436461,131.55600259585944,174.71782318115234,174.36965243762938,179.59608627319335,174.58031773367756,-0.27410112533652864,180.84056218387002,3.1856640754041337,3.4103630086776997,3.3366392376515823,179.8820037841797
2023-11-07,177.27012882075113,180.4953904276926,177.06237564620827,179.8820037841797,70530000,75.25241200384883,63.21136621155131,118.04772424186115,167.33627824195617,174.75007598876954,174.5858230786706,179.55711486816406,174.68530161586574,0.31816143841001576,181.43747756973372,3.4330147814843315,3.4135989762215044,3.3435232050682075,180.94058227539065
2023-11-08,180.4063447558776,181.4946108426327,179.65443590363796,180.94058227539065,49340300,77.22254376747469,64.76269180311101,114.92346838092963,161.9743192294034,174.72573822021485,174.83502932167923,179.53949844360352,174.8091685596187,0.8630040510327319,182.03279716387095,1.8401749389947497,3.1888241137605395,3.236141186062961,180.4656982421875
2023-11-09,181.00983881988668,182.1574629246798,179.87208759448916,180.4656982421875,53763500,74.13374491635366,63.46967328283089,91.10266182420416,127.26340506146066,174.6220553588867,175.05583986758154,179.51624404907227,174.92117904838244,1.2421577528487546,182.3544770348802,2.2853753301906465,3.0597600018219837,3.1682293392149385,184.65611267089844
2023-11-10,182.2488540012565,184.8245355233408,181.81296804065445,184.65611267089844,66133400,81.6782243973833,69.29525660519596,118.04318393088906,137.4996706950769,174.59782775878907,175.43232115398612,179.54526779174805,175.11395001120454,1.859337926614927,183.90239958196165,4.358837281153313,3.245342470297888,3.253272763639108,183.0710906982422
2023-11-13,184.0815522328342,184.28957909475852,182.4866141219331,183.0710906982422,43627500,72.36406281573147,65.06838657635251,85.4267451804525,108.46010036107732,174.51043823242188,175.73188074395694,179.52840606689452,175.27151715352213,2.195254111358139,184.92760118088086,2.1694985489653504,3.091650481536097,3.1758603197338395,185.68638610839844
2023-11-14,185.94394820695572,186.35011603301567,184.55705211313364,185.68638610839844,60108400,77.33863558849502,68.48434000458376,114.75672073872629,114.42156334039215,174.47060638427735,176.1222535033468,179.54085876464845,175.47775218233156,2.6420467205983584,186.56109373027874,3.279025334773479,3.118418317712866,3.1832292493795284,186.2510681152344
2023-11-15,186.09257648247507,187.72713387082,186.023224111364,186.2510681152344,53790500,78.32160218730316,69.18502528263875,113.40912335852342,110.55964612278959,174.57642028808593,176.51946191949926,179.57288925170897,175.69108517110192,3.0070349737324875,188.18790880331466,2.0407477624215744,2.9644653812426816,3.1016234288825317,187.9351501464844
2023-11-16,187.79646053927945,189.1734556093977,186.88505441646572,187.9351501464844,54412900,81.16435606367105,71.23877687637213,115.32833049105385,112.0887620773157,174.8217758178711,176.96713596761634,179.59419509887695,175.9335419032877,3.3930689526269475,189.99243473569857,2.922387494163303,2.9584542545170556,3.0888208621168727,187.91531372070312
2023-11-17,188.47007209252865,188.59886068457092,186.8057969770521,187.91531372070312,50922700,81.01835954722037,71.17860127901046,82.67849942370826,99.1638420739729,175.05446655273437,177.39647627165897,179.60354522705077,176.17080471155333,3.6552673812981595,191.5475729846459,1.7930637075188258,2.7919698906601655,2.9962667796455835,189.6588897705078
2023-11-20,188.1134867424389,190.1145928994173,188.10358573904105,189.6588897705078,46505100,83.97443065384732,73.31250091746158,107.81712830549861,107.61348155497406,175.2986801147461,177.87735523239814,179.62697189331055,176.43789550479997,3.958126719628382,193.22593739644512,2.199279178714164,2.707299788953594,2.939339093864768,188.8564453125
2023-11-21,189.6192457228965,189.728217210096,187.9648714107105,188.8564453125,38134500,77.49446512423984,70.71745913378628,73.5722186766223,91.66894570389124,175.58739227294922,178.307907784559,179.5990997314453,176.68380738218016,4.086290156489042,194.5272485870757,1.7633457993855188,2.572449219015297,2.855339572830536,189.5201873779297
2023-11-22,189.6985112393308,191.12502655036587,189.0446822742513,189.5201873779297,39617700,79.05420985031137,71.61253925209965,109.60137665945568,97.08295197092923,175.9307339477539,178.74760502351472,179.59278381347656,176.93799312467027,4.193083781397178,195.59559026733072,2.268581237865874,2.5290395074225223,2.8134282631902034,188.19271850585935
2023-11-24,189.0842924224237,189.11401054524023,187.47945332619432,188.19271850585935,24048300,68.04988558228604,67.18908474929572,-10.527767785318675,62.56114059439479,176.2172525024414,179.11800163066547,179.58435729980468,177.1608589738027,4.123074617027299,195.66563278912756,2.0407340517353703,2.4592815851815004,2.758235819514858,188.014404296875
2023-11-27,188.14319291304204,188.886176253634,187.13273133734725,188.014404296875,40552600,66.5970981374339,66.59403386802151,-58.33229920457916,50.9522228022708,176.51464904785155,179.46688016659527,179.56940551757813,177.3757806633685,4.007013031496285,195.48061383511296,1.7534449162867531,2.3584477753393935,2.6864650407128505,188.61868286132807
2023-11-28,188.0044881862593,189.29232889633607,187.62803848681267,188.61868286132807,38415400,69.19704839592258,67.6399584471618,-16.234109770876074,55.79294649797968,176.7655630493164,179.82577438991814,179.57166107177736,177.59841239006076,3.918622181518174,195.28350989059044,1.664290409523403,2.259282437365681,2.6134525670564615,187.5983123779297
2023-11-29,189.11399699712592,190.29286617117475,187.2020606914072,187.5983123779297,43014200,59.99722494667913,63.99630857336285,-48.46349910099928,45.87358152161709,176.9743032836914,180.13057980121272,179.58416442871095,177.7964302116027,3.723316352443476,194.56092217786278,3.090805479767539,2.378071443423089,2.6475492036786816,188.17291259765625
2023-11-30,188.06394110215783,188.53946132762457,186.42938378571617,188.17291259765625,48794400,63.21065376067759,65.13527807621571,-109.12195827713391,13.003326891780532,177.26537231445312,180.44596540107324,179.60765029907228,178.00190511033645,3.5737050639734775,194.04857972750023,2.110077541908396,2.3397866003495618,2.60915837069509,189.4508514404297
2023-12-01,188.5493613565116,189.76784980640184,187.4596464071562,189.4508514404297,45704800,69.55619375098938,67.59089737038892,49.568337286479185,64.5581387685944,177.6128680419922,180.79909818693037,179.627218170166,178.22861691885316,3.5177060981971806,193.99165439052598,2.3082033992456275,2.335274714477571,2.5876615870201287,187.6577606201172
2023-12-04,188.2026180609542,188.2719704243489,185.69628894913777,187.6577606201172,43389500,54.24125537373117,61.08934317674685,-146.48603211505485,-71.94992334201055,177.9074853515625,181.068065341173,179.62124771118164,178.41533263570986,3.290705861872283,193.18429262862995,3.754562491291921,2.538030111165335,2.671011651610971,191.6104431152344
2023-12-05,188.43048297188668,192.58127042048943,188.40074973234695,191.6104431152344,66628400,70.78470695853699,68.32285687194414,200.4416655459196,200.9331583970327,178.25563049316406,181.48149192054794,179.65332153320313,178.6766219521361,3.3906694556798698,193.1056973505214,4.923509800372244,2.8788129239091793,2.8319043765224907,190.520751953125
2023-12-06,192.6308143978356,192.93791176533597,190.3127099631217,190.520751953125,41089700,63.41116670912779,64.74921182485443,127.64945211693413,181.2339196854301,178.66350341796874,181.83597270613922,179.64189453125,178.91115917987844,3.34342147258954,193.01822799547168,2.6252018022142636,2.8425827636670484,2.817139906929046,192.4524688720703
2023-12-07,191.8184571363125,193.17563496534905,191.7788229000596,192.4524688720703,47477700,69.89660017470179,67.94960624100563,114.44590023831178,189.76369035010458,179.14028533935547,182.2523058891169,179.652353515625,179.17930392625848,3.4223992289720684,193.2526676264415,2.6548830122240474,2.8157685134609056,2.805550128735832,193.8790283203125
2023-12-08,192.38314555463677,194.15640755182167,191.8581052152776,193.8790283203125,53406400,73.8848005852113,70.10795384982185,103.07265569009522,172.0334729468887,179.64045318603516,182.7082557883795,179.66354248046875,179.47038757762587,3.5590743020207753,193.41712615333157,2.298302336544083,2.7418447739013594,2.769318143579279,191.37266540527344
2023-12-11,191.30332816215127,191.6797778466323,189.62913681721145,191.37266540527344,60943700,58.10573454476439,62.18459062382528,8.649118087928782,54.416304318530486,180.080205078125,183.04803655766946,179.66913162231447,179.70607624748027,3.425658878257849,193.57556297400768,4.249891503101054,2.957280020929887,2.87507338354512,192.8883819580078
2023-12-12,191.2736267138596,192.8982829604503,189.92634969600127,192.8883819580078,52696900,63.591637953361136,64.77713207309597,41.01993526218969,82.1777530090228,180.50001251220704,183.43393245572196,179.70163513183593,179.96711200412437,3.403004138738538,193.59377081132,2.971933264449035,2.959373341432623,2.8819919464668287,196.10797119140625
2023-12-13,193.26481149731427,196.1475903161728,193.02706651664724,196.10797119140625,70404200,72.51174412821723,69.55220401950834,161.69811927667322,158.6524331261852,181.0109243774414,183.93095358261155,179.758331451416,180.28673297812995,3.60330735415846,194.7170936018458,3.259208358164983,3.002206915251531,2.9089359758738396,196.25656127929688
2023-12-14,196.16740691178524,197.75242887078264,194.32480773637585,196.25656127929688,66831600,72.86964318268294,69.7559873579347,132.0301125078984,157.7773001018084,181.49987609863283,184.41431074718744,179.8079183959961,180.60296720191542,3.731030081465576,195.6753181540024,3.4276211344067917,3.0629803751308544,2.94598491576905,195.7216339111328
2023-12-15,195.68199966761293,196.54385551373443,195.15695931123605,195.7216339111328,128538400,69.09140643548041,67.99174335243437,83.04127726276167,124.81336149371936,181.95339660644532,184.85773518498922,179.84346145629883,180.9023467407118,3.7459066152974287,196.43102265711263,1.3868962024983773,2.823539779040501,2.834621436249716,194.05735778808597
2023-12-18,194.25548367231937,194.7904401873893,192.5713909822812,194.05735778808597,55751900,58.147954797063804,62.68017687421509,-1.6468059284579462,59.27533259430995,182.3225811767578,185.21850469883617,179.875008392334,181.16284200897664,3.582110857169994,196.76163552440292,3.150242928851611,2.870211657584945,2.857165828578423,195.09750366210935
2023-12-19,194.32480226669028,195.10740466398732,194.05732405565035,195.09750366210935,40714100,62.4810356190903,64.54442831874545,29.446136309671484,74.5929099074392,182.68288818359375,185.60591642288608,179.89116973876952,181.43877590309808,3.495933670728192,197.25911647383873,1.0500806083369696,2.610192936263805,2.7280883128468902,193.00726318359372
2023-12-20,195.0578893685013,195.8305908429342,193.00726318359372,193.00726318359372,52242800,50.27711790081813,58.24749818751366,-33.14340810566846,43.11358087898873,183.0132629394531,185.89616531546284,179.88030288696288,181.6678548591475,3.221833401916655,197.400190201463,2.8233276593404923,2.640640753846189,2.7348911233107187,192.85862731933597
2023-12-21,194.26535554386368,195.236182736706,191.6896742873876,192.85862731933597,46482500,49.475412836812716,57.81555477445478,-109.35781387038493,12.938848812856047,183.31276489257812,186.16920304110494,179.87624893188476,181.8894543138047,2.9585094368737543,197.52114390792445,3.5465084493184236,2.7700504246279367,2.792863789454126,191.78875732421875
2023-12-22,193.3539621368764,193.58182122700063,191.164646529934,191.78875732421875,37149600,43.63274765139098,54.67278303635587,-125.83389768355765,-50.51829258412879,183.5728631591797,186.3895777188741,179.89143295288085,182.08548011599112,2.6331405251997637,197.4781457286027,2.4171746970666277,2.719639606404893,2.7660288542835905,191.2439117431641
2023-12-26,191.7986702097743,192.0760494430794,191.02596875756228,191.2439117431641,28919300,40.77204152762254,53.090047462119834,-128.30975321287863,-89.10801227865767,183.85886840820314,186.57994375904235,179.91509933471679,182.2668351977173,2.304751097619487,197.3678446998651,1.0500806855171163,2.4811311891352106,2.643461127943128,191.3429412841797
2023-12-27,190.68912753168,191.68967283701625,189.3022164363663,191.3429412841797,48087700,41.58417852328578,53.35436392781957,-115.74619050988328,-116.86070122355275,184.14942626953126,186.76672797571442,180.03045501708985,182.44656007071657,2.0291007562330776,197.2851534650732,2.3874564006499384,2.4677490764944574,2.625175075993614,191.7689514160156
2023-12-28,192.32370988068791,192.8388492190412,191.3627835700825,191.7689514160156,34049900,45.34541860270404,54.54100373336753,-36.0395172400062,-56.84784207688138,184.4795703125,186.96289360082426,180.18109405517578,182.63116187953437,1.8239954479288656,197.05644416964088,1.4959079348615205,2.3289146276897523,2.5445131373413217,190.7287750244141
2023-12-29,192.0859530857412,192.58127531145587,189.9362564400636,190.7287750244141,42672100,38.3174334847524,51.12135131174713,-76.6388086502118,-82.66791595138595,184.81483123779296,187.11057522527878,180.31194549560547,182.7915106546805,1.5595370988114325,196.84810209169802,2.645018871392267,2.3740723767901115,2.5516921183449606,183.9032287597656
2024-01-02,185.39909638597567,186.67703614744315,182.16960103197144,183.9032287597656,82488700,17.52440144210084,35.425373321832694,-233.33333333333593,-267.37634895548683,185.0211001586914,186.98479693251355,180.39044830322266,182.81352487458318,0.7900798628778318,197.83289696395818,8.559173992442652,3.2576583218833313,2.9807979664947957,182.52621459960935
2024-01-03,182.4964964795135,184.14096966630487,181.7138790075681,182.52621459960935,58414500,15.539632580136441,33.21003019951246,-131.58175800215002,-220.2745241685928,185.25087860107422,186.8099505665173,180.4573547363281,182.80783556220746,0.06837770955127098,198.73416007701528,2.4270906587367733,3.13900579857668,2.9412474445120798,180.2081451416016
2024-01-04,180.44589014802324,181.37709839926956,179.18778251294714,180.2081451416016,71983600,12.712040051507941,29.82837809083638,-111.09124013703001,-194.7210961804535,185.43192169189453,186.55105623612846,180.50048706054687,182.75635654397763,-0.6827549053411417,199.8845463733534,3.338432086662209,3.1674952683031843,2.969617776094232,179.4849090576172
2024-01-05,180.2873435577864,181.05012870891275,178.48436385651135,179.4849090576172,62379700,11.9223811900588,28.841604763146407,-87.87398716383457,-146.964134288614,185.5897930908203,186.27395242520646,180.5198648071289,182.69157540563384,-1.3211624831918698,200.79357232543308,2.5657648524014007,3.081533780317215,2.940771138687601,183.82395935058597
2024-01-08,180.38642231817897,183.8635935887416,179.80194579166275,183.82395935058597,59144500,38.61314629372923,41.37265024843848,-36.46363856157819,-85.15230124456862,185.8807470703125,186.17787426541742,180.60251861572266,182.71399885008836,-1.4601483116051384,200.78313802844784,4.3786845311244065,3.266841030432528,3.043479238147373,183.4079132080078
2024-01-09,182.19932576748687,183.41781421075365,181.0204564512382,183.4079132080078,42841800,37.34711025753561,40.6337604404498,-18.596598582574874,-69.92401532672484,186.2466827392578,186.06924834159744,180.689718170166,182.727739728463,-1.5855893416889444,200.5575592465641,2.8035028993477624,3.2006498688489904,3.026338071090258,184.44805908203125
2024-01-10,182.62527725276104,184.65608591378964,182.1992923562501,184.44805908203125,46792900,42.815836574901994,43.35738393479159,76.25310939621593,-46.28791965965499,186.6071044921875,186.0056722922027,180.81274536132813,182.76180545823664,-1.5828253571693836,200.44182437324892,2.4567935575395268,3.0943846815190668,2.9856563201223487,183.8536834716797
2024-01-11,184.7947925921475,185.3000308909078,181.90211286972465,183.8536834716797,49128400,40.46133589780648,42.16688112676757,78.92719017509782,-40.23581206648527,186.91468109130858,185.92128057375083,180.92498092651368,182.78342680503746,-1.6100365250277378,200.14415670373316,3.397918021183159,3.1377465871853656,3.015103584483835,184.1806182861328
2024-01-12,184.3193079074704,184.99295400827785,183.45745205458948,184.1806182861328,40477800,42.49078789145714,43.092478048444114,87.87881913835564,-26.09098779891322,187.21929809570312,185.85301930756972,181.02712982177735,182.81109396307897,-1.5869275513988441,199.25037988280593,1.5355019536883674,2.9088544966857945,2.9094177537127304,181.9120330810547
2024-01-16,180.45578462721195,182.5361287641061,179.23728115128063,181.9120330810547,65603000,33.30146103124817,38.48924191289119,-72.42849756643334,-70.1544662226142,187.41522552490235,185.69847082809855,181.09284103393554,182.7932907772963,-1.7317073456684966,198.2748877739455,4.943337134852186,3.1994948735667075,3.054697709508406,180.97088623046875
2024-01-17,179.57408931151755,181.21854729556367,178.61316316966668,180.97088623046875,47317400,30.145967926292087,36.73600467001694,-142.4210016897885,-86.9647011639971,187.52109710693358,185.5130753536817,181.11065551757812,182.75720355854725,-1.9004814934117462,197.26804732025582,3.2988699113880102,3.2136913075411795,3.072138581071235,186.86526489257807
2024-01-18,184.34901955890965,187.3704881134165,184.0914574471942,186.86526489257807,78005800,58.72387016011185,51.604620806324725,132.13062053386147,56.94876840273767,187.76306121826173,185.56610239442276,181.2343083190918,182.838551307736,-1.5408471974478744,196.3879201461901,6.399601882947763,3.6688213897421202,3.309814531205273,189.76785278320312
2024-01-19,187.5587198414397,190.15420352293785,187.0534966021051,189.76785278320312,68903000,66.57898646765685,56.96798893824455,160.5747404604444,151.50183515948186,188.01202667236328,185.73087691947296,181.36492492675782,182.9757651983393,-1.0099774506748247,195.45169697227212,3.2889386303597803,3.6145524241160714,3.308323395430595,192.07603454589844
2024-01-22,190.5009136397872,193.50256484427592,190.4612794003693,192.07603454589844,60133900,71.59422612784374,60.69805923392184,138.30854063205086,228.42245972568793,188.25590728759767,185.9797066303132,181.5029916381836,183.15596855175633,-0.3984156856583638,195.27741598296666,3.7347120610727984,3.6317180865384606,3.3387797286907523,193.3539886474609
2024-01-23,193.1954970136862,193.91866327514697,192.0166276255296,193.3539886474609,42355600,74.1043277546097,62.62951193665376,105.75340392719026,179.17687803895222,188.50417541503907,186.26889416039742,181.61495681762696,183.35790954375045,0.18721355356072422,195.37669190907562,1.9020356496173747,3.384620595549734,3.2361551516140823,192.6803436279297
2024-01-24,193.59173469903223,194.54276001272405,192.521836889642,192.6803436279297,53631300,70.28480784439456,60.92970465898199,78.97644184884825,136.14739346622952,188.7484683227539,186.52032355128105,181.68526184082032,183.54251219888272,0.5901683285582635,195.5361156616631,2.020923123082042,3.189806670911492,3.1493528638617936,192.3534240722656
2024-01-25,193.3936037302796,194.43378338829356,191.3033434118829,192.3534240722656,54822100,68.29188318247247,60.07753272687684,57.142136314213914,103.6719023573419,188.90241455078126,186.74907259131967,181.75012115478515,183.71698570132594,0.873069018733446,195.72085097163816,3.1304399764106563,3.1813257145542297,3.1480019433295694,190.61978149414065
2024-01-26,192.4524795638358,192.9378856146602,190.14427644491343,190.61978149414065,44594000,58.09966918625999,55.633872998151446,5.9343951760876426,67.82070023409281,189.0533883666992,186.90086509731265,181.78191329956056,183.85367472692622,0.9464690800888604,195.61370771895284,2.793609169746759,3.125937636724591,3.1226881737879397,189.9362335205078
2024-01-29,190.213612724154,190.40183756577807,187.80635425336047,189.9362335205078,47145600,54.367228907111475,53.9397998587284,-100.70705063279132,32.658948189362306,189.13838531494142,187.01989915312421,181.80449584960937,183.97412143571,0.9386622347631146,195.3423072881344,2.813427240780186,3.081293294446819,3.1005981071445285,186.28076171875
2024-01-30,189.15363947733223,190.0055942449072,185.71610228505008,186.28076171875,55859400,38.81123158229371,45.89181395025125,-156.05163788169497,-5.656379479676108,189.13897918701173,186.99091337138407,181.85769973754884,184.01979748091873,0.6302441668062784,194.8932530867494,4.289491959857116,3.253893103791147,3.1855190966239992,182.6748504638672
2024-01-31,185.29015149256165,185.34960286351708,182.62533032879216,182.6748504638672,55467800,29.196955056881237,39.6130714397773,-152.81958745887854,-70.43812157447019,189.03377319335937,186.82165600246185,181.92777450561525,183.9931648667197,0.09377276939295598,194.9103656527847,3.6554313899578403,3.311255716100675,3.219084260433559,185.11183166503903
2024-02-01,182.2686867903897,185.2009860420896,182.10027903950464,185.11183166503903,64885400,40.7663715630042,45.08167636511851,-95.62170593835143,-61.39851103938713,188.97770355224608,186.75460406766095,182.01608505249024,184.0153166845082,-0.1332051557735383,194.903045183654,3.1007070025849544,3.281177328455572,3.210628742015802,184.1112823486328
2024-02-02,178.1773164815156,185.5774319441079,177.57302274507782,184.1112823486328,102551700,37.80721895128076,43.346058064321625,-96.79151373784215,-86.09410049212708,188.8667514038086,186.65094439240494,182.08271575927733,184.01721699468888,-0.38933475593606204,194.7187082221799,8.004409199030079,3.9559247385376444,3.553041631802536,185.9241180419922
2024-02-05,186.38972207997213,187.4794368744002,184.10133612770585,185.9241180419922,69668800,46.08050193285168,47.30456817857612,-11.118017332524474,-37.4143590323578,188.80810485839845,186.62244139827112,182.19774856567383,184.05497741146715,-0.4409555582349185,194.42159180712085,3.3781007466943436,3.873378453988601,3.540545854294808,187.52899169921875
2024-02-06,185.1118168962398,187.53889270164484,185.02266252630227,187.52899169921875,43490800,52.593816979519325,50.59561606988615,37.100425469535125,-34.38027240422415,188.76828094482423,186.65799239046515,182.34950744628907,184.12376977360083,-0.34834996278448216,194.4970058725499,2.516230175342571,3.67950012846774,3.4673804486553625,187.6379547119141
2024-02-07,188.85644306077413,189.2626108824053,186.84543618864265,187.6379547119141,53439000,53.04312121226137,50.82019601183073,95.25499507840216,-12.059130118121345,188.7571856689453,186.69642228542395,182.48721908569337,184.19335759416148,-0.26313371504807037,194.5411504092782,2.417174693762661,3.4991679235098716,3.3923657518773127,186.5581512451172
2024-02-08,187.6181328392653,187.76672344535,185.59722501634783,186.5581512451172,40962000,47.80482928921968,48.4688399371702,53.08252801475908,-35.40715319662543,188.72806060791015,186.69099989168643,182.62135482788085,184.24018519121012,-0.2795083420640765,194.55148730222885,2.169498429002175,3.3092151385802007,3.30501808595766,187.32192993164065
2024-02-09,187.12353611951417,188.45270503827624,186.47880163607175,187.32192993164065,45155200,51.737939307574386,50.223191445063065,69.54544505115757,-13.05797846941362,188.7021255493164,186.71574224619445,182.73384429931642,184.30120983953546,-0.22822397123354676,194.56043705238858,1.9739034022044848,3.1184563190979557,3.209938465689576,185.63568115234372
2024-02-12,186.8954092628083,187.1433864030788,185.2785934649413,185.63568115234372,41781900,43.32828449961057,46.46233686543406,-6.544234046621729,-39.388108516790965,188.66287292480467,186.6733869091807,182.81858810424805,184.3276350140465,-0.31995863777765976,194.53006392805227,2.043336466699344,2.964867768755297,3.1266097514759883,183.54275512695312
2024-02-13,184.2668592804613,184.7033014728981,182.02513622573116,183.54275512695312,56529500,35.07317028786957,42.23495762240373,-187.24908335685777,-101.28543065818124,188.5702697753906,186.55061703536785,182.91782104492188,184.31209283806447,-0.5551413370923513,194.387374563138,3.6105449266125618,3.0571073627349064,3.1611765497000293,182.6599578857422
2024-02-14,183.82050423664705,184.0287965614488,180.9638026996327,182.6599578857422,54630500,32.06668213268274,40.5586807470386,-134.71036459537294,-113.52782803760805,188.43445190429688,186.3980421667551,183.02365997314453,184.27937729445415,-0.8034974616424222,194.1804240144351,3.0649938618160775,3.0582340054607875,3.1543063577083186,182.372314453125
2024-02-15,182.0648252110501,182.99722170980877,179.8826293342481,182.372314453125,65434500,31.054746819986534,40.001585978095264,-103.14587178158996,-117.52707168859351,188.32874298095703,186.24017049171078,183.11811416625977,184.24161367383377,-1.011867719528425,194.34243905226666,3.114592375560676,3.0662852011893427,3.1514696446977726,180.83482360839844
2024-02-16,181.9358425720657,183.3542794985624,180.20000281806105,180.83482360839844,49752500,25.94836202465882,37.070575647309326,-84.16057557125312,-108.93796045836493,188.1132305908203,186.02819610412993,183.18443054199219,184.1741524844192,-1.2862383568300686,194.364952422432,3.15427668050134,3.0788554125196277,3.1516701472551705,180.09091186523438
2024-02-20,180.31904659124555,180.9538674506024,178.54353696650966,180.09091186523438,53665600,23.744407877225726,35.70727873295412,-108.21349672966589,-137.39606268242193,187.9046337890625,185.79536142809482,183.28406860351564,184.09329623453436,-1.545886506799377,193.95040314625157,2.410330484092725,2.9833518513157844,3.0987173141721387,180.84474182128903
2024-02-21,180.46781179626527,181.4101217235041,179.19817028971428,180.84474182128903,41371400,30.702773233436403,38.187959408454134,-76.10971285127602,-101.58577231028995,187.67247924804687,185.60121948272987,183.40638229370117,184.02896842437107,-1.6715630208871914,192.9703034684356,2.2119514337898067,2.873151791669216,3.035376894144829,182.878173828125
2024-02-22,181.99537582737872,183.463411373256,180.98364000764028,182.878173828125,52292200,46.16309887702441,44.41791352108285,51.31002130453346,-40.6953632405922,187.45246215820313,185.49443337862772,183.54645767211915,184.00618041256422,-1.588767274731083,191.83095672963643,2.618669551966974,2.8367971859974674,3.0056120839892677,181.0431671142578
2024-02-23,183.51300991264984,183.5427659606793,180.75550513620703,181.0431671142578,45119700,37.38247087756787,40.4553152789502,27.105340163349517,-56.69036505863944,187.24587219238282,185.31987391727986,183.6630386352539,183.94750688190467,-1.6521755046353803,190.6396719917402,2.78726082447227,2.8297205629224393,2.9900155654523393,179.69415283203125
2024-02-26,180.7654158601022,181.28119739799624,179.18826979539264,179.69415283203125,40867400,32.139313443929694,37.78647925969148,-84.03814320051497,-91.62315776052894,186.98198760986327,185.09925740413289,183.74100006103515,183.8632820492339,-1.7906397812949422,189.81184605795937,2.092927602603595,2.724464425734033,2.9259378538202863,181.1522521972656
2024-02-27,179.6346334198553,182.43180748858956,178.1070858709482,181.1522521972656,54318900,42.33775486206745,42.22313309116966,-31.80052089259928,-70.5699777452532,186.68287322998046,184.94447288621654,183.84689880371093,183.80959828978897,-1.7624014187013017,188.84374993141608,4.324721617641359,2.953072596006508,3.0258509798075055,179.95204162597656
2024-02-28,181.03321827875988,181.6382830805114,178.67248629654023,179.95204162597656,48953900,36.99811173138848,39.71266444700878,-57.23674792769485,-80.962522305705,186.35678283691405,184.74869126816793,183.92832946777344,183.73321102911942,-1.8159362922284856,188.62962578911376,2.9657967839711716,2.954890337144317,3.0215613943906243,179.2874755859375
2024-02-29,179.80327228471162,181.09275646398507,178.07734590919267,179.2874755859375,136682600,34.2108618229169,38.35288714316683,-100.34404697895162,-95.49092827093762,186.02809967041014,184.53452594729615,183.99074813842773,183.64517666390788,-1.8901989536876158,188.7505984514872,3.015410554792396,2.9635360825226145,3.021122048705037,178.206298828125
2024-03-01,178.09718827908785,179.06925444803085,175.94474848019505,178.206298828125,73563100,29.93105884078591,36.182295541701286,-155.09859669154403,-155.5408488745353,185.71107849121094,184.2863601779169,184.0168298339844,183.53747611270424,-2.0130889403122865,188.73859902286944,3.342727105742455,3.0177062286968774,3.044093838493424,173.6831817626953
2024-03-04,174.7246735635979,175.46860492728393,172.38376893378626,173.6831817626953,81510100,18.58394210635001,28.830977213023772,-185.78852972880082,-270.60472525205245,185.28279205322266,183.8705492596729,183.9828401184082,183.3423415711199,-2.447247539721303,189.41146168602685,5.822529894338743,3.4183953237885727,3.24255355676809,168.74346923828125
2024-03-05,169.37829007310003,170.6479317427376,168.24751498810025,168.74346923828125,95132400,12.53106307362701,23.27038330351823,-163.61764401993835,-273.5892264763617,184.7975161743164,183.27733043530463,183.90538955688476,183.0532549902716,-3.1535625692432063,190.50782924426935,5.435666774595063,3.7065769596180713,3.399204500898588,167.75155639648438
2024-03-06,169.67586125903696,169.85441265484894,167.31511424596866,167.75155639648438,68587700,11.642688621231386,22.33868368726813,-110.21209218891912,-192.74996559866483,184.29537475585937,182.6684765514293,183.80406982421874,182.75025105772136,-3.7501322057442223,190.8835585348417,2.539298408880285,3.5398228809412444,3.3377826371829946,167.63253784179688
2024-03-07,167.78131806385875,169.34853532264208,167.12666995146384,167.63253784179688,71765100,11.528279515377179,22.223705700638646,-84.86479177920177,-144.76656100142318,183.81225036621095,182.0788318961496,183.69255676269532,182.45089039998027,-4.184287877385401,190.75527166108665,2.2218653711782395,3.3515432366893867,3.258074261039798,169.34854125976562
2024-03-08,167.63254371875993,172.29451084245372,167.5730316278488,169.34854125976562,76267000,24.077780840010135,27.97945272827883,-43.14473783493861,-94.57351566231335,183.37434295654296,181.57960481236987,183.61660568237303,182.19143794175818,-4.339864978492699,190.22930571072857,4.721479214604926,3.5472483763916065,3.36260318629445,171.3521728515625
2024-03-11,171.540637865641,172.96898835621417,170.65784001178963,171.3521728515625,60139500,36.37237554542694,34.11076352769885,10.704443531046728,-57.40195302863497,182.97452758789063,181.17852904920096,183.56197692871095,181.97679902908104,-4.252464859746908,189.1230537018545,3.620447096448544,3.55770533639974,3.381020608448314,171.82830810546875
2024-03-12,171.7489536078961,172.62183794587216,169.62626998762764,171.82830810546875,59825400,39.106242369278384,35.51567267189979,41.27383660647634,-52.65939981404755,182.57571472167967,180.81185371807422,183.52764251708984,181.7758388127719,-4.0975455457769385,188.12466723168927,2.9955679582445214,3.47739999666328,3.3534882762909,169.7453155517578
2024-03-13,171.37204497358655,171.78864474969012,169.37829909505535,169.7453155517578,52488700,32.07273681667503,32.27359665518557,29.89576063758726,-58.38565983964671,182.15604553222656,180.37787182919908,183.48543838500976,181.53761062938548,-4.095638987312697,187.47392490335426,2.450009010413396,3.3306298557704395,3.2889540430139355,171.6001739501953
2024-03-14,171.51090581587792,172.8995716896694,170.65786388331372,171.6001739501953,72913500,42.76681790584609,37.72518808437911,82.66265201484349,-31.750405370224676,181.90998443603516,180.03364838296366,183.46554229736327,181.34082970504508,-3.8995053842267566,186.72824589019987,3.154256137911574,3.30543361036203,3.2793327640780525,171.22325134277344
2024-03-15,169.7849869531436,171.22325134277344,168.91210257419098,171.22325134277344,121752700,41.228025250377826,37.072149023509276,-0.9906420861981802,-45.43071671140848,181.68392517089845,179.6881426166817,183.46740188598633,181.14048161866344,-3.7314685483927974,185.92613688192245,2.6880713760043307,3.2172390054537874,3.237099807787072,172.31434631347656
2024-03-18,174.1493830977455,176.27206668827822,172.11596763998543,172.31434631347656,75604200,47.595914096274015,40.294107861807255,164.5387194009768,21.820336974933543,181.52604919433594,179.39897413420306,183.47898544311522,180.9657066621251,-3.470252983641757,185.26512117822608,5.048815345504778,3.4788927683182145,3.366508060481194,174.6552734375
2024-03-19,172.92934697208057,175.18098380072715,171.6299490880541,174.6552734375,55215200,58.776046760938705,46.610160304718335,124.67680802722903,44.888563004789965,181.42945648193358,179.212946655901,183.50962478637695,180.8407475883701,-3.039309246565523,184.71748591714504,3.5510347126730437,3.4891987603689043,3.3796885356377544,177.22430419921875
2024-03-20,174.29817691484007,177.22430419921875,173.67326966604173,177.22430419921875,53423100,67.62064645079225,52.54339218015871,138.28561601772782,123.97891297466606,181.29746337890626,179.13496067720757,183.58910522460937,180.76913484799087,-2.4621023348551603,184.2091587081905,3.551034533177017,3.498032442198635,3.3919275354619876,169.9833526611328
2024-03-21,175.61740074055217,176.05384289670778,169.45764237357878,169.9833526611328,106181300,39.648400352352084,39.29002958514457,-28.119878654376286,15.277582949823238,181.02897216796876,178.7760740883419,183.63782745361328,180.55555500270654,-2.559442314931033,182.93890593591112,7.7666618256399715,4.107836639833112,3.7044085561889863,170.885986328125
2024-03-22,170.37018969692022,171.6497600715003,168.68394836122502,170.885986328125,71160100,43.073142729279255,41.278440436472856,-86.40938374079722,-30.487288677774263,180.75773071289063,178.46665888205888,183.68241760253906,180.36407839528908,-2.5345334334078586,181.88026536865112,2.9658117102752897,3.9446902213248514,3.651651638623722,169.4675750732422
2024-03-25,169.1898419011277,170.54875171721093,168.078894077347,169.4675750732422,54288300,39.014315681462456,39.110653948788446,-97.7978833006769,-72.67920917076566,180.47000854492188,178.1137536346543,183.69234481811523,180.14830605227826,-2.5992839718244056,180.99718887427517,2.8070922507779983,3.7821762255324436,3.591325968063313,168.33680725097656
2024-03-26,168.6244540719099,170.0329624014482,168.20785429573576,168.33680725097656,57388400,35.870550565074225,37.42335550597421,-97.5460979737626,-96.72284489661581,180.15313232421875,177.7303439725493,183.68621520996095,179.91441498690597,-2.710596681797881,179.6151220558826,1.8251081057124452,3.502595065558158,3.465167549323965,171.90765380859375
2024-03-27,169.03112531152695,172.19531573949365,168.7335497446837,171.90765380859375,60273300,50.5507079592187,45.4297213344795,-22.59177755716352,-22.693611347866582,179.95304473876953,177.50200318180595,183.68413513183594,179.75586526060275,-2.4820636473313016,178.30016593011925,3.8585084885170886,3.5534398402665768,3.4932633306949024,170.09246826171875
2024-03-28,170.36028779920613,170.8363996494882,169.13031578937776,170.09246826171875,65672700,44.508290330388505,42.456022497599385,-42.57970836745137,-67.47325072512507,179.73547637939453,177.21143318493978,183.62828674316407,179.56451086458523,-2.4195290497383155,176.8814565443898,2.777338019215989,3.442568151545064,3.442125808446409,168.65420532226562
2024-04-01,169.80482284392966,169.86433493378763,168.1086526063626,168.65420532226562,46240500,40.07964025935709,40.210103692406115,-89.21914551545247,-102.70451751214135,179.37125518798828,176.87585562169767,183.567158203125,179.3484652102819,-2.4576949522103178,175.52336232536382,1.9838156553561532,3.234174937803791,3.3379607975113905,167.4738311767578
2024-04-02,167.71189467068976,167.96978543762384,166.86876637308836,167.4738311767578,49329500,36.59337001817281,38.41408314620219,-147.70333243782298,-136.34773751006756,178.92537475585937,176.50714878071963,183.46870071411132,179.1133239422913,-2.5537499933646473,175.23602375413827,1.7854389491772622,3.0272126537142867,3.2270663797732384,168.27728271484375
2024-04-03,167.42424073989756,169.29894733031932,167.2159484161416,168.27728271484375,47691700,40.690222414213956,40.366580711343325,-65.72235783810555,-92.41920827100873,178.44939971923827,176.18440893499903,183.35265350341797,178.89874886848045,-2.535811227773735,175.25180199907263,2.082998914177722,2.8923249766376347,3.145347275087844,167.45399475097656
2024-04-04,168.9120862737285,170.5289019190824,167.45399475097656,167.45399475097656,53704400,37.77258560543153,39.00208043971026,-39.20773811029767,-74.79448859874086,177.9313998413086,175.8420397513119,183.21778762817382,178.67212007407446,-2.558533898826937,175.2727353095604,3.074907168105824,2.918408146847376,3.140315838874843,168.2078399658203
2024-04-05,168.217753601793,169.01128340394683,167.58293278713433,168.2078399658203,42104800,42.19996247523895,40.969702724737786,-46.47235246226063,-72.47452654002454,177.4419497680664,175.54265936756713,183.09520904541014,178.46490660658426,-2.4870436792505757,175.2395642357852,1.5572886529702714,2.7239625048649323,3.027242468453088,167.08702087402344
2024-04-08,167.66232974792138,167.83095241409953,166.8787285185847,167.08702087402344,37425500,37.56403056886806,38.95757014940615,-114.49066312254574,-96.97194237876485,176.93662170410155,175.21106570115364,182.9195181274414,178.23960193861274,-2.4921005153469196,175.3345493319795,1.3291114472356185,2.5246980680607445,2.9059473955089827,168.297119140625
2024-04-09,167.3349666518587,168.70380527202582,166.98780774616682,168.297119140625,42373800,45.15341394882624,42.25501725300614,-13.140598498721177,-64.82181398094399,176.49016845703125,174.93993054191722,182.77177841186523,178.04272109112785,-2.371130362641111,175.24166284065922,1.7159975258589952,2.4091694191747806,2.820950976248269,166.4224090576172
2024-04-10,167.43415997850798,167.72180678766216,165.75783217031642,166.4224090576172,49709300,37.0200700652036,38.76163380081369,-134.92332789001748,-131.5291139936136,176.01989196777345,174.60591009155252,182.57913864135742,177.81261590234544,-2.398881271129852,175.17776110519728,2.5392869703085807,2.4277576407653236,2.8008321186811487,173.62364196777344
2024-04-11,166.97785862713312,174.04025682035402,166.79932237773104,173.62364196777344,91070300,65.15115434946304,54.367815549463685,223.59746946028267,155.48027032736994,175.7667495727539,174.56738977297294,182.4528643798828,177.72966592344304,-1.8188284314304894,175.60771372163293,7.6178477627368295,3.169199086761253,3.144904664685126,175.12144470214844
2024-04-12,172.8499658132502,176.91679662448954,172.80038249764078,175.12144470214844,101670900,68.55896661464797,56.831969002406474,168.1268422968777,249.33925561911386,175.61568145751954,174.58911741725433,182.32472732543945,177.6780179784669,-1.2241608496483138,176.17235685268997,4.116414126848753,3.3045155210594674,3.2142981976968135,171.2926788330078
2024-04-15,173.94107267383276,175.20080068867838,171.10421379905583,171.2926788330078,73531800,53.07924952964431,49.47688387233989,66.37848296675557,113.2704848492793,175.3392984008789,174.45984531591134,182.1585009765625,177.55157561915087,-1.049731265452408,176.17801819017672,4.096586889622557,3.4176685737113375,3.2773188185486526,168.0094757080078
2024-04-16,170.360294137519,172.35402488220237,166.9084566077323,168.0094757080078,73711200,43.29877184847336,44.194968315817235,-23.436317515115547,-13.048997876734864,175.01726226806642,174.20688964501315,181.9420068359375,177.3626231456629,-1.1630151024447741,175.97300307214073,5.445568274470077,3.707368530962586,3.432193779685897,166.64064025878906
2024-04-17,168.23761366668208,169.2691919230274,166.64064025878906,166.64064025878906,50901200,39.737266789780335,42.173500021025845,-66.02292022580019,-64.51216789934922,174.63159271240235,173.9101739828083,181.7198487854004,177.15030665285352,-1.3477113626762502,175.3702122363319,2.62855166423833,3.5532518357162637,3.3747907714396423,165.68838500976562
2024-04-18,166.67037984876308,167.27544462394533,165.20235954360626,165.68838500976562,43122900,37.25047876329944,40.77620619898931,-88.82106896416593,-107.84475911650802,174.1947805786133,173.58775088582624,181.48153076171874,176.9233379074458,-1.553021257507055,173.89614137011938,2.0730850803390695,3.34179944209095,3.2818117935038873,163.66488647460938
2024-04-19,164.8651023016311,165.05355218450794,162.7523325602016,163.66488647460938,68149400,32.24745536005793,37.9024520992957,-118.14628863703287,-159.7216488699842,173.7153192138672,173.19861894813147,181.23625244140624,176.66079431471638,-1.8575970268312858,174.12475246350897,2.9360524495640163,3.2838355860156736,3.2571146975081824,164.4980926513672
2024-04-22,164.18068981978783,165.9066008250168,163.4367584871004,164.4980926513672,48116400,36.35392554667718,39.78430956913651,-76.4191239251402,-118.29120248561604,173.27411804199218,172.85742183845446,181.00108932495118,176.41994873722433,-2.0085889798444896,174.03643798864985,2.46984233791639,3.1675508362872047,3.2008809575373403,165.54953002929688
2024-04-23,164.01208389352126,165.69832539217154,163.58555534900174,165.54953002929688,49537800,41.56793725061331,42.16613594540859,-55.94560782940839,-92.01855617667977,172.8386700439453,172.57083784593848,180.77039779663085,176.20469292122579,-2.020122269238243,173.9673341210961,2.112770043169803,3.0168678658418613,3.1231587493682302,167.65237426757812
2024-04-24,165.19243035823263,167.93010742906517,164.86511388137603,167.65237426757812,48251800,50.944770151430106,46.706426520047806,31.987563722527213,-33.8237329081089,172.47900390625,172.3779569212969,180.57093841552734,176.0353400765991,-1.8383887274560777,173.9404521447556,3.0649935476891415,3.0237429632486155,3.1190040921054383,168.51535034179688
2024-04-25,168.15826264272923,169.22952573993217,166.7894239404159,168.51535034179688,50558300,54.44487191106083,48.49348966646903,110.959459934484,5.309814487160838,172.17845581054686,172.2264821534734,180.37436279296875,175.88642938878124,-1.6062132033021044,173.52383020662296,2.4401017995162704,2.940365654143995,3.0705110712062123,167.93011474609375
2024-04-26,168.50542350147623,169.95360145871248,167.81107543218243,167.93011474609375,44838400,51.53561809368992,47.33429172463173,110.1484610441187,13.731055858663682,171.8838589477539,172.05799715710558,180.1591554260254,175.7288786037775,-1.4526903392683153,173.33892662131245,2.1425260265300494,2.8263885644848594,3.0042264251579147,172.09613037109375
2024-04-29,171.9671774185786,174.60565774723543,171.69937301226366,172.09613037109375,68169400,66.4321485260368,55.490712947783926,161.5310312402318,108.22949973342938,171.6783352661133,172.05949257726198,180.00353912353515,175.6569429952095,-0.9835222866575748,173.79822360675522,6.675543001141676,3.3762677697215477,3.266463323442469,168.9517822265625
2024-04-30,171.92750782528833,173.57407962239418,168.6244505944639,168.9517822265625,65934800,52.281739353320326,49.286405927129266,70.4206755212116,41.29636254517941,171.44067443847655,171.9376215831169,179.77695251464843,175.52416753444422,-0.8555634388863496,173.87216036218925,4.9496290279302855,3.6010336637513674,3.3866894451915988,167.93011474609375
2024-05-01,168.20784791968214,171.31252641733016,167.74164970644674,167.93011474609375,50383100,48.375641065130864,47.430753524098144,12.321115625754908,12.565542565824714,171.19745849609376,171.78046445225326,179.55104614257812,175.3737902515066,-0.8270613094290695,173.85648881388218,3.570876710883425,3.5967255276273753,3.3998456784553004,171.62994384765625
2024-05-02,171.11414713776406,172.01678759624437,169.50726004906326,171.62994384765625,94214900,60.76146294609543,54.16141109549612,62.79206387125655,83.3650976117383,171.01316253662108,171.77456168344554,179.34282089233398,175.29965467915312,-0.5001623188813937,174.24158140692282,4.08667285015062,3.666718002273553,3.4489047621478233,181.89617919921875
2024-05-03,185.13970898312533,185.4868830000885,181.1820038934194,181.89617919921875,163224100,77.91478255721098,66.84598977417548,214.49935220274781,303.9110450663614,170.99352264404297,172.17148786053468,179.22299240112304,175.43027892707522,0.5806139247650322,177.3698610908187,13.856939152432261,5.122463880867654,4.192335790025283,180.23968505859372
2024-05-06,180.87450583987064,182.70952732957792,178.96011472526732,180.23968505859372,78569700,71.99049651893841,63.779178177059485,100.75485611201404,176.0744008187236,170.97745300292968,172.48788775065466,179.11166259765625,175.5255146920558,1.2886172733866772,179.27603896277864,3.7494126043106064,4.926313698502361,4.160698419617092,180.92410278320312
2024-05-07,181.965609726272,183.40387401178495,179.8528549315395,180.92410278320312,77305800,72.98079663496611,64.50379708881184,74.82498825659556,142.27370560893246,171.00205200195313,172.8187197127154,178.9920198059082,175.63241742653398,1.8832330798438477,181.0401688229971,3.551019080245453,4.729843038751374,4.117149895376261,181.2613525390625
2024-05-08,181.3704630721318,181.5886841382704,179.9817821844023,181.2613525390625,45057100,73.51903228152146,64.8766710996707,52.15803982650344,107.78104263385342,171.00423400878907,173.1498033529643,178.84355361938478,175.7438814881682,2.3545419334632243,182.60411842624984,1.606901953868089,4.283708598053762,3.93784647098282,183.07655334472656
2024-05-09,181.0828076359048,183.165821474438,180.6364518520254,183.07655334472656,48983000,76.46322776992076,66.89254660314359,56.07907935789749,100.71944347296676,171.06672424316406,173.53908766636675,178.71175354003907,175.88908291107035,2.841770963577403,184.17329511766204,2.529369622412588,4.033088744390737,3.837240981799232,181.81512451171875
2024-05-10,183.6526350835399,183.84135574437508,180.9013327671207,181.81512451171875,50759500,70.14073994468434,64.13765889158184,50.83151355739438,82.7728607181604,171.1172772216797,173.86363813089037,178.57268844604494,176.00643026949902,3.090491453898977,185.20090428857904,2.9400229772543867,3.8769364919426867,3.7731539814746005,185.0233459472656
2024-05-13,184.1890162605658,185.837821467034,183.37454074079744,185.0233459472656,72044800,76.0233738153091,67.77290333771056,174.11272506256415,94.10474146264899,171.2536181640625,174.30127373153255,178.4823483276367,176.18498305519736,3.506065155375154,187.05026471128016,4.02269695531524,3.897759415281623,3.790978479606075,186.16558837890625
2024-05-14,186.2450505169401,187.0297296576161,185.03327943466692,186.16558837890625,52393600,77.83705516059226,68.97859185970773,144.39405242405778,95.30614518660116,171.50326629638673,174.76654097260604,178.3930291748047,176.3826188041817,3.8828209826412206,188.9298689352632,2.006383710350491,3.627562886005747,3.6635074246592474,188.44012451171875
2024-05-15,186.6423374407049,189.36384333151435,186.1059718662387,188.44012451171875,70400000,81.14968472043326,71.28257194582628,128.70864677521908,105.26856207995638,171.89719940185546,175.30275993492418,178.34735778808593,176.62138129343987,4.315195855251915,190.96579861190176,3.257871465275656,3.5747498259014483,3.6345334275604193,188.55931091308597
2024-05-16,189.1850657006259,189.81082048816583,188.3805324914181,188.55931091308597,52845200,81.32036932453961,71.40242936031403,111.23638536599775,110.96440402967087,172.3133544921875,175.8226246791658,178.30436462402344,176.85777593937345,4.614282823300982,192.63477293185875,1.4302879967477224,3.2683981360223444,3.4770873253595123,188.589111328125
2024-05-17,188.23153932133224,189.5227724100756,187.90376371878455,188.589111328125,41282900,81.36957790312842,71.43453201857112,79.82109495725047,101.93351083502488,172.73248596191405,176.32327121441912,178.2723681640625,177.09007961043784,4.798403041367578,193.79580546622282,1.619008691291043,3.032771072489301,3.3443674229260503,189.75120544433597
2024-05-20,188.052749878466,190.6252736665876,187.73490137733788,189.75120544433597,44361300,83.36346758082944,72.7205615832525,78.08998077371453,103.73309431707047,173.14053924560548,176.84985687049428,178.25744110107422,177.34079497348532,4.980676782270024,194.89374157428531,2.8903722892497115,3.01242838916936,3.311939199092026,191.0523834228516
2024-05-21,189.80087387660717,191.42980957851572,189.6320225414164,191.0523834228516,42309400,85.40404525413312,74.12520660914494,113.981259058988,111.38311784161546,173.53454345703125,177.40681869607693,178.25453552246094,177.61231157644306,5.170521668359839,195.97208262913176,1.7977870370993116,2.8389081960164964,3.2037854732354036,189.61216735839844
2024-05-22,190.97293553544336,191.51922822288097,188.9864276944718,189.61216735839844,34648500,73.72649735238132,69.83870521977677,75.8635998873775,91.00977968479269,173.89022064208984,177.88545982008955,178.23296768188476,177.84993248301643,5.145448184589355,196.66552532018105,2.532800528409183,2.7951785292154514,3.155857977176388,185.6193084716797
2024-05-23,189.69164069264465,189.71151001586625,185.3709949768945,185.6193084716797,51005900,51.11877705161843,59.55607709176118,-144.26331683892553,23.399495656640298,174.20770050048827,178.18874800250487,178.18187301635743,178.00378151249492,4.748647473468679,196.63339762264636,4.340515038971745,3.015940887752065,3.240476338733199,188.6983642578125
2024-05-24,187.54620129756856,189.2943226367172,186.771449342652,188.6983642578125,36327000,61.688101478066606,63.962452162444784,-53.28536887523701,44.550456352188334,174.54966430664064,178.6008898164385,178.22982437133788,178.2155554282438,4.629270768510452,196.60778954237048,3.67501416503751,3.110094213078557,3.271514754897793,188.70831298828125
2024-05-28,190.21804799663707,191.6980017564593,187.82431762786635,188.70831298828125,52280100,61.71930343943653,63.97610910860224,25.269653217248713,64.52915338132546,174.8993655395508,178.9972593525892,178.2916453552246,178.42333280567027,4.483780419551948,196.8141158673795,3.8736841285929415,3.219178486723469,3.314526853018875,189.0062713623047
2024-05-29,188.3308660086988,190.95305560689752,188.2315345598267,189.0062713623047,53068000,62.77850059366205,64.41110532457594,17.99402441856905,58.08879433486963,175.23320404052734,179.38976962748,178.37962661743165,178.6328959454056,4.3424638008364695,196.25530674836975,2.7215210470708087,3.1480845667730892,3.272169295451156,189.99952697753903
2024-05-30,189.47310363654157,190.88352231957748,189.34399093884025,189.99952697753903,49889100,66.39473460221785,65.88976976194641,57.12381949253316,76.31568099933668,175.54008911132811,179.8058385431686,178.48477279663086,178.8579777480221,4.261492951481642,194.86820369982243,1.8772509572727927,2.9665369082730466,3.1725322712955584,190.95306396484372
2024-05-31,190.1485307236603,191.2709124904654,188.62885345568,190.95306396484372,75158300,69.69261179003513,67.29463704782523,78.6314962526379,83.90275273805919,175.81466430664062,180.24298463813625,178.55606384277343,179.09748440578093,4.225555858222435,193.63969907297277,2.6420590347854045,2.9201829263462407,3.134641325830547,192.72105407714844
2024-06-03,191.5986723140291,193.67458449503025,191.22124613590765,192.72105407714844,50080500,74.99975181898743,69.77990619378515,164.24104563890697,187.84395469459096,176.26941833496093,180.7323206945681,178.64919525146485,179.3672580626397,4.290281781485589,194.35057293691378,2.721520530186524,2.8918025840377095,3.1051326975702596,193.0388946533203
2024-06-04,193.32693160548868,194.0023521144802,191.7277922771992,193.0388946533203,47471400,75.88541408275603,70.21805507001409,126.32723536117818,178.02693806149972,176.71247650146483,181.21493143804858,178.73510360717773,179.6379835396829,4.317455678648685,194.74527008258138,2.2745598372810036,2.803625048786752,3.0458060646924556,194.54861450195312
2024-06-05,194.081784009374,195.5716646905796,193.55536071448276,194.54861450195312,54156800,79.84264337600837,72.27432326534426,124.51275605079823,200.32738103174077,177.21409729003906,181.7378209699664,178.84205291748046,179.93324355873773,4.409977487101571,195.3278633186174,2.532770037259297,2.7649314757114007,3.0091606341615154,193.16799926757807
2024-06-06,194.36984306207057,195.17437623382352,192.8600930073616,193.16799926757807,41181800,67.94660738374637,67.67279795928783,69.76017348190247,126.06609127524774,177.7107211303711,182.18606325614726,178.93192672729492,180.1953179292098,4.322075381157504,195.42372213200784,2.3142832264619244,2.700553154390047,2.9595265336115446,195.561767578125
2024-06-07,193.33687329712623,195.61143330627965,192.83031924399432,195.561767578125,53103900,75.36981067798263,71.10755633666423,89.90603063133479,126.51445349535004,178.18380340576172,182.71060068053856,179.06842407226563,180.4996040608715,4.394907666160577,196.07855076588783,2.781114062285326,2.7120618555179443,2.9467827856596718,191.8171844482422
2024-06-10,195.5716829020276,195.96899354752293,190.8537269722117,191.8171844482422,97010200,52.97829538676291,60.312151327562844,-12.824264865481656,55.878861956610294,178.61829772949218,183.06772161260537,179.17688705444337,180.7237145635917,4.103172395717479,195.58855913013693,5.115266575311239,3.055376815488415,3.101674484920498,205.7525177001953
2024-06-11,192.34359145933493,205.7624599378956,192.32373729563463,205.7525177001953,172373300,79.46535986043874,75.3253397176638,232.86723224766024,228.44767289043284,179.36026397705078,183.9573214591775,179.36575958251953,181.21933442768284,4.939495592583484,199.4909046282587,13.945275489653426,4.611076626083417,3.8762174138299925,211.6326141357422
2024-06-12,205.97105482418647,218.7145040828182,205.50422428227435,211.6326141357422,198134300,83.9233965513732,78.94467700699866,184.41928794911536,299.7332729856203,180.24343963623048,185.04262705433692,179.58440719604494,181.82157759021868,6.007511538347387,204.3485486533588,13.210279800543844,5.8395342224349065,4.542936155738125,212.7947235107422
2024-06-13,213.29135046662023,215.2877853731434,210.17253378994005,212.7947235107422,97862700,84.68978202045362,79.58211204380342,115.65733399184036,203.31714121721572,181.13378845214845,186.13094456243124,179.79159408569336,182.43490721240727,6.868518380033123,208.35034366034103,5.11525158320336,5.736065273973257,4.583815829128499,211.0565185546875
2024-06-14,212.40734441299963,213.71843162956225,209.874544034183,211.0565185546875,70122700,78.18576843114941,75.88170283057661,73.35633444765485,137.08294023124097,182.00583892822266,187.10841805232366,179.96861938476562,183.0016717934425,7.326162451753618,211.11066891291057,3.8438875953792433,5.465754177031256,4.530963812432123,215.20831298828125
2024-06-17,211.93057220447776,217.47293058672335,211.28496325493592,215.20831298828125,93728300,82.03124420308711,78.45823261129523,74.28968436882971,127.1719811532119,182.94584838867186,188.21037471647887,180.19389907836913,183.63942706462743,7.932423745362598,214.43874854546047,6.416412032035851,5.601562442031912,4.66563868526096,212.8443603515625
2024-06-18,216.12210108008887,217.15509356895643,211.56306955662495,212.8443603515625,79943300,73.43226669824172,73.6347683861629,55.94715972936103,98.95660386589442,183.86099517822265,189.17641336883509,180.39880844116212,184.2177425752598,8.128439377650096,216.73392663811217,5.592024012331478,5.600199809217564,4.731809065765996,208.26547241210935
2024-06-20,212.48680152632815,212.79472296910444,207.4410850045998,208.26547241210935,86172500,59.36876257549208,65.26511323691012,-27.88823698448666,56.345891649942466,184.66036224365234,189.92500391955173,180.5752653503418,184.69393524529642,7.824113676977049,217.95048305905317,5.403275346962687,5.572067743181153,4.779770942994332,206.09027099609372
2024-06-21,208.9707014370345,210.46058238700795,205.71282963889428,206.09027099609372,241805100,53.67185150801427,61.67851528794835,-151.65460722555147,33.37888128051372,185.4537194824219,190.55893596176907,180.73680572509767,185.11762506214387,7.322997830705162,218.6729288900663,4.747752748113669,5.454308458171512,4.777483929074284,206.73585510253903
2024-06-24,206.3186903055129,211.2650902197957,205.1963086085621,206.73585510253903,80727000,55.161662209815134,62.34000020996637,-91.03750405490293,29.33853142262124,186.1159637451172,191.19332494768162,180.94135665893555,185.54570882532,6.898432320542412,219.02852744986149,6.0687816112335895,5.542090337180381,4.869719477799949,207.6595916748047
2024-06-25,207.73903864641352,209.9540056652509,207.20268823087267,207.6595916748047,55549700,57.446041475851914,63.31574735655631,-57.25559230215733,27.55647780567997,186.7667266845703,191.83906089776488,181.19120407104492,185.9836074956068,6.560869299022528,219.5295261362343,3.2181505627118554,5.210098940827734,4.751750269579371,211.81138610839844
2024-06-26,210.07319184959564,213.41052543273105,209.2189929218928,211.81138610839844,66213200,66.4175516545371,67.40363153348835,28.397946543366913,52.691540577525544,187.57710083007814,192.62228933739758,181.45819961547852,186.49504865625616,6.552826381719285,220.3860280170095,5.7509337579263615,5.28736105755611,4.823120518747013,212.65565490722656
2024-06-27,213.2416710401095,214.28459061162127,210.91746067332397,212.65565490722656,49772700,68.01723240011553,68.18014097115817,76.79223678460517,61.980923432087,188.4700244140625,193.40791151660656,181.74364334106446,187.01308046320608,6.539197944630729,221.10028431702455,3.367129938297296,5.013042326233422,4.719121191572033,209.19911193847656
2024-06-28,214.31437813701,214.61235731022023,208.88127860134253,209.19911193847656,82542700,55.410062345504464,61.69967411085883,47.33363553448301,30.93464099558696,189.32119384765625,194.02717427824854,181.9763932800293,187.45240781915203,6.178263998468708,221.15797170518144,5.731078708877703,5.1156189523254625,4.791403871379581,215.2877655029297
2024-07-01,210.6591990639401,216.0426329500864,210.49034773322808,215.2877655029297,60402900,67.70979250588246,67.55053677049314,110.7972625160836,84.61433999458411,190.31318145751953,194.86092295372623,182.2539810180664,188.003603020811,6.310777983130407,221.89101792744785,6.843521011609823,5.3624621036518,4.937983667110312,218.7840118408203
2024-07-02,214.6917960084413,218.89327036159412,213.6488916761499,218.7840118408203,58046200,72.74612631398935,70.35137152231329,147.82047442049307,168.27254168815057,191.41556396484376,195.79908330223975,182.56544158935546,188.61311606675176,6.621584625040299,223.10180223634683,5.244378685444218,5.34559304390786,4.959869025562734,220.05540466308597
2024-07-03,218.5158580863075,220.05540466308597,217.55240059045883,220.05540466308597,37369800,74.43761670372902,71.32078627322382,134.25351281688035,175.33398051142518,192.52671020507813,196.7503115909004,182.90041412353514,189.2357356429168,6.891056098112955,224.1789997842443,2.503004072627135,4.9395089051534695,4.784378671781619,224.8130798339844
2024-07-05,220.1547167062081,224.92233836715076,220.1547167062081,224.8130798339844,60412400,79.88732200762415,74.65977666559948,138.71939305608038,198.6100011002812,193.71198120117188,197.85081230631548,183.2753256225586,189.94023750808645,7.403179561040844,226.01826881296125,4.866933704064792,4.929141019283658,4.790275459801846,226.28309631347656
2024-07-08,225.55801010059585,226.31289271610447,221.743919005718,226.28309631347656,59085900,81.32268064143454,75.60484583442509,114.12180453107275,171.76309013635165,194.88459564208983,198.9658038360081,183.68179977416992,190.65989807849022,7.837315445618572,227.4054360246157,4.568973710386473,4.87768854658406,4.774468191986462,227.1372985839844
2024-07-09,226.39235814584333,227.852442617068,224.84288445944628,227.1372985839844,48076100,82.18460904113547,76.16121177309446,102.08379919224524,148.6480438439885,196.0570346069336,200.07056833592873,184.11774520874025,191.38222284097526,8.156277753455129,228.72655847318626,3.0095581576217114,4.6108127767322955,4.6484031895318365,231.40826416015625
2024-07-10,227.75309748129465,231.5075956016721,227.7034317605367,231.40826416015625,62627700,85.96324809559731,78.76849269906732,115.59879342704076,146.00680461288067,197.32659759521485,201.29949758393767,184.60522827148438,192.1748177185828,8.65393176990537,229.5877656621532,4.3702970176877045,4.576453382583068,4.628538462971542,226.03477478027344
2024-07-11,229.82899641925096,230.8222502203033,224.2469149072093,226.03477478027344,64710600,65.5543814155919,68.60232042737745,56.028197834449635,95.68634891302904,198.40537048339843,202.26950845438222,185.04185287475585,192.8453119178242,8.516556911807015,230.7687456324041,7.1613492529469625,4.945724221206482,4.8094535193983585,228.98475646972656
2024-07-12,227.3756899381295,231.0705958043432,227.13730353661973,228.98475646972656,53046500,70.10085394746305,70.8282671545258,77.94473966623832,98.22714401008533,199.6060299682617,203.3171652392977,185.52335220336914,193.5609444832084,8.547198432264025,232.55497256640322,5.035821024069776,4.958595193044095,4.825622626874889,232.81871032714844
2024-07-15,234.8846802776345,235.6296207097681,231.5175501306247,232.81871032714844,62631300,75.08677009274506,73.46159138216221,139.34374450198888,118.1856561023068,200.90380187988282,204.47408857607618,186.05063018798828,194.3383259850686,8.779643823729629,234.92089519190455,6.644864240041528,5.199490771186585,4.955568456386792,233.23590087890625
2024-07-16,233.41467931591345,234.67611608181264,230.7626930760052,233.23590087890625,43234300,75.60324895514722,73.73938310238434,97.19830879686924,101.41022236388729,202.13592102050782,205.6020027840303,186.57454177856445,195.10857499286735,8.89498639583033,237.0129459280496,3.913423005807431,5.015766804703849,4.881129495631123,227.3359375
2024-07-17,227.9020842921952,229.8985341554608,225.1110435034522,227.3359375,57345900,56.3343319495813,63.60021065513486,-61.027383557248356,42.61365354645208,203.04471618652343,206.45431394936247,187.0191194152832,195.746740587068,8.413334792226323,237.90988533878075,8.124857375454042,5.459922600525305,5.112824344189903,222.66766357421875
2024-07-18,228.7265187407576,228.88544301040343,220.77056004528671,222.66766357421875,66034600,45.6047913894136,56.930050279866144,-131.41123454144366,-2.1735492972266233,203.89327575683595,207.09013158170978,187.4353643798828,196.27982817097197,7.5676960455543,238.20269436510904,8.11488296511672,5.839202652609793,5.327257102827533,222.79676818847656
2024-07-19,223.3033373506296,225.2699757257536,221.7737179376491,222.79676818847656,49151500,45.937022395318444,57.06416232287703,-105.6614848258665,-28.91664087109401,204.7307290649414,207.7060781153085,187.86639053344726,196.80491609211066,6.829215959178782,238.16944546414783,3.4962577881044865,5.504496243394749,5.196471437490173,222.4491729736328
2024-07-22,225.4785855552836,226.2433953805214,221.585031685846,222.4491729736328,48201800,45.072316913768184,56.55357481613027,-79.89831768178543,-43.922499187754305,205.5544854736328,208.28423869798786,188.27935974121092,197.31272315907148,6.145080478820944,237.68694353542935,4.6583636946754154,5.383620165006273,5.1580351701462614,223.49203491210935
2024-07-23,222.85635307829332,225.40902265142745,221.17775171010013,223.49203491210935,39960300,48.467670177761136,57.774309295898966,-61.59148741121878,-60.618941100872135,206.36279510498048,208.8806228632475,188.71475967407227,197.83112537200293,5.622238755925366,237.0786563245387,4.231270941327324,5.2189988473378515,5.091837725230623,217.0656890869141
2024-07-24,222.48886176091068,223.2834678697984,215.66521268088363,217.0656890869141,61777600,33.555485390226025,48.69463557610043,-130.4180278002319,-154.9240291888384,207.06780639648437,209.20160585241092,189.09254180908204,198.21200782180316,4.635890858701856,236.20483743523252,7.826822231225719,5.591545045036119,5.28719376137313,216.02279663085935
2024-07-25,217.4530695190144,219.36013034825797,213.1721476257605,216.02279663085935,51391200,31.708405182350162,47.39294052907907,-146.11182221292836,-169.03831276125672,207.68779541015624,209.46910352999714,189.47070678710938,198.5646967091112,3.7270868018904366,235.84746620140203,6.18798272249748,5.676750427530599,5.351535830024869,216.4896240234375
2024-07-26,217.22462220056255,218.0093012590926,214.55276681781487,216.4896240234375,41601300,33.61669654806913,48.06222836822855,-92.88183969676102,-134.04749067528422,208.29427612304687,209.74441805915166,189.89877120971678,198.9196457648404,3.00982669978643,235.52760079480285,3.4565344412777392,5.359576715208761,5.216178587971504,216.76773071289065
2024-07-29,215.4963669678409,217.82057739339885,214.2945231128628,216.76773071289065,36311800,34.8813876441005,48.4827240928844,-70.53847887722988,-112.79164584118227,208.86082824707032,210.01984208478848,190.3790138244629,199.27307318955425,2.435755908979985,234.5753712011495,3.5260542805360444,5.097644938826945,5.095455423154685,217.32395935058597
2024-07-30,217.71132777069815,218.84363662609172,214.6620309808042,217.32395935058597,41643800,37.65298394207395,49.365701642358,-45.30294092292638,-91.71987307758913,209.43612121582032,210.30627805599622,190.8747378540039,199.63051647987172,2.002598959543434,234.40771674810796,4.181605645287533,4.966782182607028,5.030180439021317,220.58184814453125
2024-07-31,219.94616619651228,222.310115545014,219.14163288872217,220.58184814453125,50036300,51.70044069872323,54.305695782253416,70.90739083754634,-32.97346036463175,210.07597595214844,210.70924158887996,191.40423095703125,200.04539433461744,1.9002979034102339,234.36505733534125,4.986156194428048,4.969549898581461,5.0270358501217975,216.8869171142578
2024-08-01,222.8563674568929,222.96562598955987,215.5559605569344,216.8869171142578,62501000,39.82700194725698,48.52355082587441,39.13122065609153,-54.84788964791569,210.61869018554688,210.9515033741889,191.87961471557617,200.37888983520438,1.5037393538434571,234.5073430475628,7.409665432625474,5.318137832016319,5.197223677443489,218.37680053710935
2024-08-02,217.6715836076827,224.0780833133434,216.24131073912352,218.37680053710935,105568600,45.69408392874911,50.79840423648759,77.53740485657048,-29.39247626379714,211.16517852783204,211.24269149822499,192.34986099243164,200.7352841065292,1.2947598019733846,234.39161323002975,7.836772574219879,5.677942795188256,5.3857628843560885,207.85824584960935
2024-08-05,197.74691336614487,212.0597055615941,194.6777624827749,207.85824584960935,119548600,25.341919978060503,38.022889294083306,-233.33333333333337,-248.40831361816018,211.53010009765626,211.10996813945576,192.71016036987305,200.87633285391692,0.27718730276498604,235.20612519092663,23.699038054334437,8.252384975066281,6.69385396792597,205.8320159912109
2024-08-06,203.91504310362455,208.5734066485796,199.7135830535153,205.8320159912109,69660500,23.036034332502354,36.13748870516944,-117.62056295632051,-198.0196663539576,211.93435424804687,210.90298962383832,193.07102737426757,200.97446519326925,-0.684851507857644,235.77542458106979,8.859823595064313,8.339161920780287,6.8485660841501375,208.40452575683597
2024-08-07,205.50421123787663,212.1987475040528,204.9976572409954,208.40452575683597,63516400,32.17696809031659,40.192282352165435,-51.3715823408381,-115.77418264588802,212.32847747802734,210.80501064866178,193.43907089233397,201.1215951054191,-1.2255665889182694,234.85731138728937,7.201090263057381,8.1765802553913,6.873746382643512,211.87098693847656
2024-08-08,211.6723391896897,212.7549823030523,207.42121371107248,211.87098693847656,47161100,42.8480877398008,45.23792674728327,-19.99379840856535,-68.41042236992385,212.79173095703126,210.84681364041924,193.845548248291,201.33445434963804,-1.3587103719669074,234.2948347739218,5.333768591979805,7.770464303475372,6.763747969024676,214.7812347412109
2024-08-09,210.66916408754707,215.31758519349225,210.5400362270979,214.7812347412109,42201600,50.479550446070206,49.11892959289513,28.11626248063912,-19.844364716771956,213.30723022460938,211.0011046639797,194.27021713256835,201.60072722867906,-1.215384902946795,233.02730270603053,4.777548966394363,7.342904969606657,6.621876611693939,216.31260681152344
2024-08-12,214.86078610016068,218.28152162650585,214.393415209592,216.31260681152344,38028100,54.23137424766511,51.08344473600161,75.56227692024764,30.019986900088373,213.83349182128907,211.20939886584415,194.6867904663086,201.89205157685421,-0.9670815936560189,230.6673921793414,3.8881064169138426,6.849362319221969,6.42660731206679,220.0316925048828
2024-08-13,217.7843306202791,220.64821789171992,217.7843306202791,220.0316925048828,44155300,62.319942666991196,55.57002420774539,122.37910919366618,77.9010208917316,214.41506439208985,211.55537116541427,195.11486434936523,202.25125238731022,-0.4648418903977358,227.96578006956744,4.335611080196486,6.490254999361186,6.277250438361769,220.4791412353516
2024-08-14,219.335583300448,221.78180736898403,218.4704419532304,220.4791412353516,41960600,63.232011359205266,56.09181541718709,99.3636992181614,81.21846106096324,214.9702261352539,211.9053229328628,195.61982223510742,202.61220068133085,-0.030357986093633826,226.70628888318709,3.3113654157536416,6.03612791598868,6.065401508175474,223.4623565673828
2024-08-15,223.3430330024236,224.0888356302054,221.51331902381992,223.4623565673828,46414000,69.0578064317163,59.50636520051964,108.33167183283794,107.21303791998585,215.57869537353517,212.3585399381381,196.1455859375,203.02507505531207,0.5483728826382332,226.8455744080164,3.6096943948538183,5.689494555826557,5.889993857223927,224.78494262695312
2024-08-16,222.6668580486994,225.56057624113717,222.39836482120643,224.78494262695312,44340200,71.40156926010393,60.95602474229636,99.63482790639074,107.28589474127165,216.18342193603516,212.84584984750342,196.6987596130371,203.4559635220772,1.1010506804692,227.21528365995226,3.162211419930742,5.3284541078414405,5.695152254560128,224.62582397460935
2024-08-19,224.4567771868955,224.72527040192085,221.791767703572,224.62582397460935,40687800,70.65042854258195,60.674596300210595,77.7760293556242,88.52168443186183,216.8125784301758,213.30780961719387,197.26164978027344,203.8751686795531,1.5088195392042678,227.59731901933165,2.993174923381133,4.994842795775682,5.502153873761628,225.2423553466797
2024-08-20,224.50650638916653,225.89866536829535,224.1882899519972,225.2423553466797,30299000,71.98278194795783,61.417882687429326,86.04316944036046,96.78294902706114,217.40619018554688,213.77583101835017,197.7949967956543,204.2982812868229,1.8602840304102983,227.9233050120519,1.7103754162981488,4.525633170136034,5.23131255537138,225.13296508789065
2024-08-21,225.2523038357409,226.70412456960105,223.7905293550798,225.13296508789065,34765500,71.31265889212297,61.19686840437208,81.92531094545012,86.34940580504916,218.07250579833985,214.22120882499883,198.34540176391602,204.71084928288366,2.1057218415610635,228.87307833405478,2.9135952145212514,4.295342033619637,5.065761316739228,223.2734375
2024-08-22,226.51518775043243,227.06211276120644,222.6469583809866,223.2734375,43695300,60.19837540375222,57.41456602141132,35.68526646810083,70.09411384920678,218.42292419433593,214.57619818480282,198.89159408569336,205.07842528718297,2.1256812097641102,229.47709004191162,4.415154380219832,4.31245808313395,5.019289392702128,225.5705108642578
2024-08-23,224.39712188969804,226.9427926991927,223.07456326985687,225.5705108642578,38677300,67.49859611857725,60.64997360417086,80.24019640062923,72.54094193803094,218.70168212890624,215.0073477016442,199.47256088256836,205.48420915999634,2.3003369237698337,230.37496987256588,3.868229429335827,4.248996846877075,4.93707082389025,225.9085998535156
2024-08-26,225.49095216733545,226.00804628168004,222.6370187250734,225.9085998535156,30602200,68.49096523853261,61.118199185138245,25.45767284020237,63.85269032203132,218.96395965576173,215.43484778603133,200.04887405395507,205.888652540066,2.43793084216216,231.2410675701468,3.3710275566066343,4.123572662552727,4.825210590512849,226.75384521484372
2024-08-27,224.73520717839608,227.5692634267734,223.63141860700009,226.75384521484372,35934600,71.06760696718803,62.3251729462207,135.39272044153972,74.81575909104262,219.27790618896483,215.87873003814164,200.64187255859375,206.30182467223983,2.585376637906961,232.1556322834684,3.937844819773318,4.09704011358424,4.7618273211743105,225.22247314453125
2024-08-28,226.64446298605537,228.57360836626123,224.41699349604747,225.22247314453125,38052200,60.59406164070006,58.76591417759304,123.1285002906626,75.42030898490702,219.47818939208983,216.24515133643143,201.21201889038085,206.67649097862184,2.5492731316660695,232.6364897317329,4.156614870213758,4.105550793102743,4.718597860391414,228.5039978027344
2024-08-29,228.8122756660522,231.6164859430432,227.5991020536236,228.5039978027344,51906300,71.20369773170827,63.56730446045861,210.0996274305871,157.59038934878618,219.79138214111327,216.72589041354138,201.82618865966796,207.10871883652507,2.753709409976011,233.7160467463346,6.3940127985119375,4.432473936732627,4.838270355971452,227.7184295654297
2024-08-30,228.9017723040151,229.1105885676507,226.20693181059323,227.7184295654297,52990800,66.2239330863541,61.714660729030264,76.48605160917664,114.52295028814441,220.1804412841797,217.1569703802821,202.420401763916,207.51683192026576,2.819832567385646,234.54827808622585,2.903656757057462,4.214071482493318,4.700083670334739,221.52330017089844
2024-09-03,227.2709519194148,227.7184305167556,219.9322482988032,221.52330017089844,50190600,40.29550717810741,49.46990012391461,-139.06320372340554,-79.71977057431022,220.48910186767577,217.32819899952196,202.97141067504882,207.794187727209,2.345305259611422,233.95129876655506,7.786182217952415,4.724373016130332,4.9205192808788585,219.6140289306641
2024-09-04,220.4194933741805,220.53881694406624,216.2628786668988,219.6140289306641,43840200,35.322925898789265,46.413513231361804,-171.1276143621457,-244.85827425843726,220.7466653442383,217.4178393889785,203.43131454467775,208.02824398866355,1.7944909422241722,232.5317508501351,5.260421503999623,4.80095137154023,4.94479801110177,221.13548278808597
2024-09-05,220.3896800699933,224.2181249188319,220.28029506440387,221.13548278808597,36615400,41.979416193744946,49.11163550116864,-63.45740136906123,-108.68764600553284,221.0161831665039,217.56362932619842,203.89145492553712,208.28779327182042,1.463860762615667,231.17087539721516,4.604095988167813,4.772829173915599,4.9204621523207726,219.58419799804688
2024-09-06,222.69667077468375,223.97945984429649,218.54007124155592,219.58419799804688,48423000,37.40060154021427,46.53864878771835,-66.83680411548302,-123.72018570821469,221.17163940429688,217.64286731332973,204.3743701171875,208.51148445451798,1.0643886356530174,230.17431719248734,5.439388602740564,4.868051949462022,4.957528327350758,219.6737060546875
2024-09-09,219.58421337102425,220.03169196273555,215.49721390972363,219.6737060546875,67180000,37.85687701694457,46.71212376347563,-89.6710094226287,-151.67686103935773,221.3120004272461,217.72250804828494,204.8910124206543,208.73251854561045,0.7464223568171064,229.56891008096676,4.534478053011924,4.820398535683437,4.92731045061227,218.87815856933597
2024-09-10,217.69481595725216,220.24048653111632,215.5170698289156,218.87815856933597,51591000,35.196704863385705,45.305001872072125,-79.84549974671076,-123.13261657742326,221.50558135986327,217.76782767656144,205.41338760375976,208.9334223084565,0.42533476223880484,229.2181559044831,4.723416702200723,4.806543988043049,4.912746611440016,221.41390991210935
2024-09-11,220.22062862304543,221.84149617822104,216.6706004766808,221.41390991210935,44587100,48.62213866545594,50.43056210070404,-7.719495248907727,-70.45762498604391,221.62810424804687,217.91081129364176,205.97064285278321,209.18056067684566,0.37120544611249784,229.1600849492233,5.170895701540246,4.858594232828362,4.931185832161461,221.52330017089844
2024-09-12,221.2548069431359,222.2989337858612,218.58981250678085,221.52330017089844,37455600,49.15231603909209,50.645433070408096,56.28474320085276,-45.57025525862369,221.68289001464845,218.05247752412242,206.5492269897461,209.4249713598962,0.33329246470768226,229.12237602962617,3.709121279080364,4.694383810864362,4.843895506941382,221.2548065185547
2024-09-13,222.3287642541488,222.78618142445663,220.66811202153605,221.2548065185547,36766600,47.74158518570767,50.071717947219014,77.32555090437474,-24.296191400538618,221.70687805175783,218.17805905331585,207.11679412841798,209.65922552145378,0.2783720601185564,229.09457403031254,2.1180694029205824,4.326338895443821,4.649193642368467,215.10939025878903
2024-09-16,215.32814508742544,216.00434741371936,212.72281255665072,215.10939025878903,59357400,27.027382045035964,39.142156741354796,-168.68134935255802,-152.46019400820185,221.51280426025392,218.0577191005893,207.61239273071288,209.76714957565844,-0.25806171417181645,229.59916963087048,8.531993961903964,4.927146762080985,4.926536522335289,215.5767364501953
2024-09-17,214.54256344637628,215.6861214463737,213.2995590231644,215.5767364501953,45519300,29.732343361902707,40.21097482433184,-110.69374961733686,-129.08948121420042,221.29867706298828,217.96042566331894,208.09163635253907,209.88219089990667,-0.6381225338692218,229.80330330227372,2.3865624232093126,4.564206142242175,4.745109800969148,219.4549102783203
2024-09-18,216.3324839032867,221.46360959170417,216.32253015734065,219.4549102783203,59894900,48.28961911480602,48.32184552406007,19.401823609396658,-35.36613980443143,221.145029296875,218.0190329031229,208.6010319519043,210.07174969947923,-0.6192489386948807,229.50409052790727,5.8868731415088575,4.753158570708844,4.826664325293414,227.5891571044922
2024-09-19,223.7308812843982,228.53385270483292,223.3728953656889,227.5891571044922,66781300,68.58884628522266,60.443002681238646,155.09927470701197,147.89839006875846,221.0686471557617,218.3943318914119,209.1976223754883,210.41862905403394,0.05148082073682758,229.8993023866755,9.078942426512612,5.371127692966525,5.130398475380498,226.92288208007807
2024-09-20,228.68298057338347,231.78551472560144,226.3461262129669,226.92288208007807,318679900,66.10888678664841,59.217793677792756,125.93135131664098,188.6212524630026,221.0864093017578,218.72878483998704,209.74588989257813,210.74544594563878,0.5232445240906429,230.3396204859629,5.439388512634537,5.3808792386333835,5.1524691923272155,225.20257568359372
2024-09-23,226.06770192621624,228.16589404695569,224.54626569168985,225.20257568359372,54146000,59.61579570052478,56.0581379147047,63.73582582564515,117.74525869045074,221.01076568603514,218.98265899071671,210.30839782714844,211.03172574242996,0.7496646415389705,230.29368061957456,3.6196283552658315,5.129271969580876,5.0429805611085445,226.0975341796875
2024-09-24,227.37036953161189,228.06646416724692,224.4667129366972,226.0975341796875,43556100,61.88775261300913,57.33356512301442,51.283706607368195,100.57005255600248,220.87634216308595,219.2616737040097,210.89007202148437,211.33005858277167,0.9899088341964273,230.32026015866836,3.599751230549714,4.910769006862139,4.939892751782914,225.10313415527344
2024-09-25,223.6711905684744,226.0179836305296,222.76629484001745,225.10313415527344,42308700,57.68118607213654,55.40913774403238,16.963436431629745,60.6077177859624,220.71368682861328,219.4907505844514,211.42480392456054,211.60279275252418,1.0875279708357652,230.08837664166447,3.3312393396700486,4.685121911548983,4.8249889366319945,226.24668884277344
2024-09-26,226.02791885863684,227.2212000254045,224.1484968482946,226.24668884277344,36636700,61.21787792446054,57.188772012039266,22.174347208500247,71.10176797743239,220.69190185546876,219.75568933967975,211.8683090209961,211.89277089292517,1.24284045500238,230.22792207223875,3.0727031771099007,4.4547763780576854,4.699825668094702,226.51516723632807
2024-09-27,227.1814309358191,228.2354962210898,226.02791923090672,226.51516723632807,34026000,62.085768913388925,57.61645234620517,49.271331504201115,76.35967675747825,220.76885192871094,220.02076690425417,212.33106384277343,212.18232329576483,1.3717776810574946,229.8618830223438,2.207576990183071,4.133747894075598,4.521807905386728,231.69601440429688
2024-09-30,228.75257338192355,231.69601440429688,228.36475662569327,231.69601440429688,54541900,74.78798306597993,64.90280418164005,168.10904154858468,118.38179709162107,220.94683685302735,220.4786197473931,212.83878295898438,212.56873302068624,1.8704510347442351,230.79394690457713,5.180847167968807,4.283333504631771,4.568882138428306,224.94403076171875
2024-10-01,228.2355040411627,228.36476618305375,222.4878528116685,224.94403076171875,63285000,49.54832198444559,52.286838491741484,-63.38997576140939,27.379742239203964,220.99673400878908,220.65373390481764,213.27560974121093,212.81378842149874,1.7012140721593028,231.01784101140476,9.208161592628386,4.986880374345573,4.9002592422997395,225.5108184814453
2024-10-02,224.6257999970642,226.09751288913097,221.77186688392143,225.5108184814453,32880600,51.16246234589906,53.11079379331459,-85.62766892526764,9.84906107083558,221.03710968017577,220.84420780978346,213.69995239257813,213.06521475931945,1.5944477905435122,231.27558345213663,4.325646005209535,4.892418321611854,4.8592154396504394,224.40704345703125
2024-10-03,223.88001079844628,225.5406628776434,222.0702042586661,224.40704345703125,34044200,47.6954934267898,51.25451830972483,-81.78732575489339,-1.734406389063439,221.18393676757813,220.98392685477359,214.12587158203124,213.28980542660088,1.4045782199164023,231.41689908989312,3.4704586189772897,4.689281221235488,4.760018523888072,225.5307464599609
2024-10-04,226.62458134960903,226.72402778202945,222.87569058700512,225.5307464599609,37245100,51.59165130401489,53.05346718738932,-41.798508019471896,5.541690038888341,221.37409576416016,221.16223350595743,214.53094558715821,213.5322002985486,1.329453545500229,231.60924497412782,3.848337195024328,4.56914636034818,4.694898428969233,220.4493408203125
2024-10-07,223.243612563182,224.42695529805292,220.0913549103801,220.4493408203125,39505400,37.03674624890264,44.97115684739168,-131.6721358491337,-130.34724690394503,221.45329010009766,221.1342769300498,214.87378311157227,213.66917337818748,0.8500904185583238,231.58344963659115,5.439391549580819,4.693467101667129,4.748076509012918,224.50650024414065
2024-10-08,223.0447257693685,224.71531649859696,222.00059897690352,224.50650024414065,31855700,50.139714933572925,51.34462041108522,-47.631612122706855,-82.79908855850245,221.60806549072265,221.26652098158277,215.2344468688965,213.88377391018656,0.7884814222162504,231.59395929387063,4.2659756782844624,4.632396898326748,4.713640735389457,228.25538635253903
2024-10-09,223.9695094391901,228.46421777631028,223.57175408478048,228.25538635253903,33591100,59.275833162019104,56.37276409245135,141.88592950550188,46.34670622192716,221.82669403076173,221.54059413338499,215.631407623291,214.16836029518362,1.030283163960462,232.0934021498354,4.892463691529798,4.669549297355756,4.726413803685196,227.7581787109375
2024-10-10,226.50523572074,228.21561101279016,225.89864895817115,227.7581787109375,28183500,57.64155865089503,55.552784808939805,121.17717740171982,75.73100494819826,221.97022064208986,221.78442097956352,216.02309829711913,214.43746561034706,1.1683245666925757,232.46572665474704,2.356737394367883,4.339147596928917,4.557151203019673,226.27655029296875
2024-10-11,228.01675665509575,228.1261416619367,226.0677188532196,226.27655029296875,31759200,52.599824627997435,53.0752934830213,72.25310315352849,50.00604810087369,222.15801330566407,221.96058291342254,216.38835174560546,214.671902930795,1.1449698424231656,232.6207287615296,2.0584228087171255,4.013329770041517,4.378670603426634,230.00555419921875
2024-10-14,227.4200987868959,230.433140461172,227.32066753158787,230.00555419921875,39882100,62.285907943785055,58.1357307493546,116.11034307334972,127.31868467985704,222.39058837890624,222.27607198345376,216.77788345336913,214.97553958957567,1.4110942892357627,232.37941413540457,4.156590168203252,4.033795541207479,4.362807715196392,232.5412750244141
2024-10-15,232.30261271123655,236.160903320606,231.0695468532438,232.5412750244141,64751400,67.54702699265012,61.1998990686661,164.97714460897353,204.5118434639347,222.88424896240235,222.6786289654522,217.2071745300293,215.32337593482,1.8057952260505488,232.3073863927026,6.155349121387246,4.336874624090304,4.490846387067167,230.48284912109372
2024-10-16,230.30386376880503,230.8209426799016,228.55370384388215,230.48284912109372,34082200,59.66441018939257,57.5194380524626,52.44549375717321,89.1020085094403,223.377265625,222.98467681469305,217.65580993652344,215.623563522667,1.9302500734206376,232.26223472524225,3.987571180531944,4.286974132153396,4.454898158028937,230.8507843017578
2024-10-17,232.123619666284,232.5412825211578,229.22991678936268,230.8507843017578,32993800,60.62269161343625,58.005580849328226,59.730697888169004,94.45630792859913,223.82619079589844,223.29315161810734,218.0773341369629,215.92509264700544,2.035111235220313,232.69764923908085,3.311365731795121,4.147601503530785,4.373217270440807,233.6848297119141
2024-10-18,234.8582185948981,234.8582185948981,232.7003647541102,233.6848297119141,46431500,67.55048788909913,61.64640614320134,113.30609089469822,146.11562735465012,224.2624676513672,223.7006684060998,218.52709930419923,216.27677060868677,2.320152961825414,233.740231643488,4.007434293140278,4.127577616332141,4.347089914919341,235.15655517578125
2024-10-21,233.1379171151628,235.52449481958175,233.1379171151628,235.15655517578125,36254500,70.67611638293229,63.42000961722019,99.34211760695777,129.6395144324139,224.6699740600586,224.14991886765594,218.98860214233397,216.65062772882726,2.6344383634133806,235.00485272345023,2.3865777044189542,3.878863343201686,4.207053328455027,234.54005432128903
2024-10-22,232.5810778432044,234.8980402556953,231.29830376272972,234.54005432128903,38846600,67.4986711252919,62.124019834750364,50.43801197951639,92.77993454921518,225.0345230102539,224.55737515995528,219.43400741577148,217.0048737999651,2.801471719701908,235.94876273465505,3.8582514130515335,3.8759187817516643,4.182138905926206,229.46856689453125
2024-10-23,232.76999409553275,233.82405947286145,226.4853561254601,229.46856689453125,52287000,47.15328902350399,52.60135387927059,-90.24386767574883,18.120498113830347,225.22326049804687,224.7499709142524,219.81916244506837,217.2516796038179,2.4958496061728965,236.04786519504364,8.054698195828934,4.472887269476988,4.458750283776401,229.27963256835935
2024-10-24,228.6929229452488,229.52823345451665,227.131717270346,229.27963256835935,31109500,46.543538293115155,52.2798446178358,-98.00795974714315,-14.469800101200091,225.39927032470703,224.92760470460956,220.18474822998047,217.48985689024445,2.2128876666344865,236.13914363976653,2.3965161841706504,4.17626282871894,4.311447848090276,230.11492919921875
2024-10-25,228.45427709115,231.91479719738325,228.28523030841905,230.11492919921875,38802300,49.88606938638299,53.629288621740386,-51.107715167958226,5.738302483151866,225.53232177734375,225.13102919459425,220.55550857543946,217.7398583221053,2.0326090957639735,236.2839458294016,3.629566888964206,4.098163408753978,4.262742065295557,232.09378051757807
2024-10-28,232.0142415868445,233.41633904858517,231.2485466113364,232.09378051757807,36087100,57.270576373612684,56.74961561863802,14.175820463457368,53.35202084205675,225.67849853515625,225.40407826608381,220.9309602355957,218.02409440518397,2.0260586500135673,236.3367229246499,3.301409849366422,3.9843414716986127,4.194075478443476,232.3622894287109
2024-10-29,231.7954872619061,233.01859945208068,231.0198536609764,232.3622894287109,35417200,58.244596764769355,57.170756090990984,19.99916505230552,40.77699907294069,225.83322784423828,225.6769492920692,221.32290313720702,218.3080190591152,2.01925706121105,236.64341184281577,1.9987457911042839,3.7006849458994227,4.037266215062105,228.8122711181641
2024-10-30,231.3082186556225,232.1634063461827,228.2653461113998,228.8122711181641,47070900,43.09279300672696,50.20961448756933,-52.0442397887765,-46.61959899130913,225.90462615966797,225.79990308917095,221.65540817260742,218.5160240503835,1.7077243607528203,236.62212194054172,4.096943317311116,3.7572932846725218,4.041528865222749,224.64572143554688
2024-10-31,228.05651850818117,228.54378173572667,224.10873499320772,224.64572143554688,64370100,31.774514454851484,43.512987758007625,-179.8056891105703,-178.66456827757247,225.8948812866211,225.75464106353863,221.98369354248047,218.63740419662435,1.1118104542505023,236.60251562717465,4.703536124956372,3.892470833284501,4.088815098060865,221.6625061035156
2024-11-01,219.73336072670745,224.08885327131992,219.03728125399172,221.6625061035156,65276700,26.05756457586355,39.455396143836936,-166.04984070617007,-237.85310915115522,225.86266265869142,225.59416518275341,222.14279342651366,218.69730720468158,0.39427884341853314,236.98771904993606,5.608440181555153,4.1376093116088795,4.197359746881885,220.7675323486328
2024-11-04,219.7532516264011,221.5431659237015,218.48041626355015,220.7675323486328,44944500,24.513841745565756,38.301477119011594,-114.18481540157401,-198.16834332231713,225.7666030883789,225.4048854637683,222.23414260864257,218.73830176198754,-0.24377692150790153,236.93394571151384,3.1820898399654425,4.001106529945531,4.1248404678164245,222.199462890625
2024-11-05,220.558703156551,222.69666464924055,219.902393193564,222.199462890625,28111300,32.030238440432015,41.26145487152356,-68.9394397796206,-127.83167734056516,225.6924203491211,225.2791826177627,222.3281900024414,218.80683960611896,-0.6266719998353949,237.15297984702661,2.794271455676551,3.828701519335677,4.029799824092148,221.4735565185547
2024-11-06,221.36417152277411,224.80481443000403,219.95212032394844,221.4735565185547,54561100,30.248857537591746,40.20834610174846,-46.29307128215227,-96.17637423464267,225.58681457519532,225.12994237857808,222.43236038208008,218.85964588161272,-0.9774265210852491,237.45986841760705,4.852694106055594,3.974986174581379,4.088577987089537,226.20692443847656
2024-11-07,223.37288331058951,226.6046949785728,223.31322152292373,226.20692443847656,42137700,50.98614426893576,49.29588418519889,39.03915238428839,-36.67665422509382,225.60650360107422,225.17217696916234,222.54234649658204,219.00513654610506,-0.8635048273574739,237.4419300624401,5.131138460018121,4.140150786786628,4.163046592298722,225.93814086914065
2024-11-08,226.1471868576639,227.63048374280507,225.39061415381417,225.93814086914065,38328800,50.001314266995955,48.84192626448752,93.1030700979928,-13.622778269640822,225.55518646240233,225.2022147691615,222.6732843017578,219.1424237604226,-0.78585085259067,237.44431189635634,2.2398695889908993,3.8686820442443812,4.025676806348163,223.22042846679688
2024-11-11,223.986965892186,224.68381119249955,220.5027242005297,223.22042846679688,42005600,40.72252402274285,44.390674635754564,-2.3280751525800345,-66.2741876784366,225.4652264404297,225.12449765926485,222.8228338623047,219.22317632886566,-0.9328528491558643,237.38221571675768,5.435416668610941,4.092501276296747,4.1263725107955045,223.22042846679688
2024-11-12,223.53899499841924,224.5743058460154,222.354350392842,223.22042846679688,40398300,40.72252402274285,44.390674635754564,10.83379522478593,-48.13515077528288,225.49916900634764,225.04982827916805,222.99413543701172,219.30232983654747,-1.0373945518875018,236.94911691848074,2.219955453173384,3.824994730136266,3.990199863822496,224.1064300537109
2024-11-13,223.00142703514817,225.629540269826,221.75705495073464,224.1064300537109,48566200,45.232338896230445,46.24303085188248,10.258699123866647,-33.909619814153615,225.5890170288086,225.0128322703266,223.16784118652345,219.39746053391704,-1.0368000949360976,236.6796962198132,3.8724853190913677,3.8317790999869947,3.9817916820559867,227.1924743652344
2024-11-14,224.0068849307252,227.8395417601809,223.9869707245471,227.1924743652344,44923900,58.165803775306735,52.2138175781811,92.72783624817941,24.018055821390167,225.71015686035156,225.09830843091123,223.36317001342775,219.55181724344806,-0.77833879361404,236.36664876425016,3.852571035633815,3.8347493765079688,3.9725616358829745,223.9869537353516
2024-11-15,225.3806442603365,225.89830725108277,223.26024476090137,223.9869537353516,47923700,45.223813172191086,46.44346323682004,-14.186482430908958,-8.105074169269013,225.79821197509764,225.05472589383047,223.48492568969726,219.63964172843623,-0.8226817126986532,235.49430073371053,3.932229604333031,3.848675123340121,3.9696807764865496,226.99337768554688
2024-11-18,224.2358449505769,228.70563485331772,224.15620331601912,226.99337768554688,44633700,55.94865618043422,51.82130920725805,87.04647294394834,74.85727156661699,225.94460540771485,225.13075145428994,223.62830291748048,219.7852602622404,-0.6082193346132101,234.2020362992025,4.718681117966128,3.972961694000979,4.023180800877948,227.252197265625
2024-11-19,225.95804731142948,229.123737666772,225.63949596937007,227.252197265625,36211800,56.79821707447204,52.265692871670375,102.41054313426814,112.95669062063332,226.11208618164062,225.21394540767562,223.80883377075196,219.93312040092127,-0.41261540425955445,232.9093908931767,3.4842416974019272,3.903144551629686,3.984685150629661,227.9689483642578
2024-11-20,227.0331781982001,228.89475383274825,224.8729502483013,227.9689483642578,35169600,59.332202061931206,53.543615102432476,74.55846187923602,100.39777333989032,226.2431869506836,225.3219847393063,223.93564559936524,220.09224570712595,-0.19748556600879397,232.7150386770792,4.021803584446957,3.920095842032153,3.987336467330896,227.4911193847656
2024-11-21,227.8494991340082,229.1237348668511,224.69377351516383,227.4911193847656,42108300,56.74357225269656,52.533892256629684,56.72864849933766,82.76330674295154,226.36254333496095,225.4070488430498,224.02271667480468,220.23875805717822,-0.06480341114496468,232.49403046503258,4.429961351687268,3.9929337719828837,4.018952530499209,228.83502197265625
2024-11-22,227.0331737980822,229.68120098473537,227.0331737980822,228.83502197265625,38168300,62.16065189989511,55.09858033599296,132.55205358907503,117.08321992655797,226.51414764404296,225.5414791618579,224.1105128479004,220.40898110500945,0.14709424894928702,232.2882355719999,2.6480271866531666,3.800804259792924,3.921029291653063,231.82151794433597
2024-11-25,230.41787789282503,232.19981188776785,228.70562083004268,231.82151794433597,90152800,71.43510218180447,60.23992746258093,178.20076760535406,175.3923350549592,226.8483901977539,225.78775519254333,224.1805972290039,220.63497193351097,0.5496736413628014,232.22268773090457,3.4941910577251747,3.757002373783245,3.8905408463724993,234.0016632080078
2024-11-26,232.27945661483372,234.509376705192,232.27945661483372,234.0016632080078,45986200,76.36812383668324,63.52344160882497,161.56904160290478,221.65709152456176,227.21688873291015,226.10986923236547,224.25778289794923,220.89965888944158,1.032735481052498,232.66911426376564,2.687858760856045,3.6042675719365027,3.804634983121324,233.87225341796875
2024-11-27,233.41433300973637,234.62884134649127,232.75730092131053,233.87225341796875,33498400,75.46560167174309,63.189857400535004,103.94087491448484,170.86775421227813,227.5052355957031,226.4142764553303,224.32513244628908,221.15654194941243,1.3891103809652066,233.67531497583477,1.87154042518074,3.356735122399965,3.666556800411282,236.26145935058597
2024-11-29,233.75280101667175,236.73929396987336,232.91658663539664,236.26145935058597,28481400,80.44372025608043,66.66986122210324,103.40460112168796,153.55041396598907,227.678681640625,226.80044049043838,224.37366439819337,221.45564922468319,1.8430830934023277,235.4079783870346,3.8227073344767177,3.4233025812680724,3.6777104099873847,238.51126098632807
2024-12-02,236.20171450499868,239.70585504150455,236.0922091638524,238.51126098632807,48137100,84.00839099975221,69.58571143315791,120.81417255104137,159.6768484142291,227.91044921875,227.25968835302228,224.4984292602539,221.7933841110524,2.3572272795772164,237.32546331702355,3.6136458776521465,3.450494480751512,3.6731343719634393,241.5574951171875
2024-12-03,238.73028547870092,241.6670004646685,237.8243789850029,241.5574951171875,38861000,87.58355706109496,73.02657827240252,130.90667311114532,154.32631194745431,228.23754760742187,227.82038665749934,224.62415664672852,222.18475264582733,2.9761882418103482,239.5979099061686,3.8426214796655813,3.5065126234535215,3.6852405939421637,241.91586303710935
2024-12-04,241.77649398259703,243.0109164583405,240.16379275322728,241.91586303710935,44383900,87.95320493655782,73.40772848782922,111.443805141122,140.97028337233706,228.55391418457032,228.37315043709188,224.71512817382813,222.57546770308042,3.4558002458122985,241.59844603129187,2.847123705113205,3.4123142065477623,3.6253751018829523,241.9457244873047
2024-12-05,242.891459337747,243.43897085315564,241.0398332364883,241.9457244873047,40033900,87.98796943792934,73.44140535391463,91.93609542351408,121.66678524939522,228.89076599121094,228.9054082429826,224.80222640991212,222.95903714435218,3.7945644074156064,243.1579036244321,2.399137616667332,3.267574693707701,3.5377867100818365,241.74664306640625
2024-12-06,241.81633519239523,243.5285923470879,240.9900703290189,241.74664306640625,36870600,86.05638278371403,72.77966018833071,70.41948193716544,105.36573616779519,229.2007650756836,229.40898607919527,224.94633346557617,223.3310689447889,4.000853886122428,244.65117701263716,2.538522018069017,3.163424311473603,3.4664106606523495,245.6390380859375
2024-12-09,240.74119161135067,246.1268373888661,240.6615499788263,245.6390380859375,44649200,90.70892150343299,77.12044478741745,106.44352645431974,111.19532226908696,229.5832424926758,230.04545870691067,225.17604721069335,223.77281090797996,4.4273873665975145,246.74963661582518,5.465287410039821,3.4922618969830626,3.609187571322883,246.65444946289065
2024-12-10,245.77840669680955,247.0924708459312,244.23538234840328,246.65444946289065,36914800,91.56546172969249,78.10151169978451,150.66097283438793,113.52492521565884,229.88241119384764,230.69679167773342,225.4146240234375,224.22591266154254,4.792112939870833,248.55142016991616,2.8570884975279114,3.401522839918041,3.555466208908957,245.3802032470703
2024-12-11,246.8435859006099,249.6707953739444,245.15122786747497,245.3802032470703,45205800,80.6764927294627,73.82350255307523,115.05904222987198,108.22112784858626,230.2911346435547,231.27261173927604,225.6439343261719,224.6448095048203,4.9216063496934055,249.7176705077072,4.5195675064694285,3.561243506568239,3.624330587306133,246.84359741210935
2024-12-12,245.77840766369863,247.62008434324932,244.57384885559844,246.84359741210935,32777500,83.33224170078108,75.48430912708903,77.34672643611606,93.3971538983129,230.71779022216796,231.88323862840676,225.87744995117188,225.08438946338046,5.083712614432756,250.92978832167418,3.0462354876508755,3.487670932437187,3.5830380801879005,247.0128173828125
2024-12-13,246.70421556592945,248.16758302178013,245.131327579476,247.0128173828125,33155300,83.63565648650338,75.6764893783695,69.80813626159387,92.25821084493917,231.1699057006836,232.47655544230503,226.17692123413087,225.51861575881475,5.166283929319576,252.13239579534854,3.036255442304139,3.423183005275323,3.543982177481918,249.90969848632807
2024-12-16,246.8734431082497,250.2481791980896,246.53496239648825,249.90969848632807,51694800,87.99887785408242,78.74785259389313,129.72583380092024,116.17793340813522,231.65748474121094,233.16020811069808,226.51579025268555,226.00160749599323,5.403191754889491,253.2640455854319,3.713216801601334,3.4646164047504677,3.556070364919019,252.33872985839844
2024-12-17,248.9540440613884,252.68716009783537,248.655391740455,252.33872985839844,51356400,90.48157159944337,80.92306044320239,163.46709618181586,133.665167181654,232.29527252197266,233.91230700276478,226.87428131103516,226.5231346714864,5.720997348707527,254.84578965426218,4.031768357380372,3.5456381122690255,3.590048792951973,246.9331817626953
2024-12-18,251.02467749046983,253.13512753347692,246.62457993830327,246.9331817626953,56774100,58.86513879937744,64.98302857002614,44.88356258037667,86.04127461476536,232.74380615234375,234.4229295423699,227.17593582153322,226.92729401982714,5.473581970432491,255.11560492618958,6.510547595173648,3.9691966098268288,3.798655850253521,248.66534423828125
2024-12-19,246.3856613682502,250.86540066585476,245.97750369773613,248.66534423828125,60882300,63.61780496865532,67.21181203030753,15.07805521811206,70.50922471478849,233.1520053100586,234.98145560887625,227.48934967041015,227.35775045979653,5.35553921376308,255.42353167253418,4.887896968118639,4.10043951815423,3.876458787243887,253.34420776367188
2024-12-20,246.9232356335886,253.8519061074548,244.58382522076937,253.34420776367188,147495300,73.32887604928209,72.33416510384535,93.11897827609106,107.88578028327633,233.66372589111327,235.70156353651532,227.81697326660156,227.87233377274455,5.575266460976195,256.1164977818799,9.268080886685425,4.838673999372972,4.2615746514897115,254.1206817626953
2024-12-23,253.6229329525933,254.49896052911285,252.30886880268173,254.1206817626953,40858800,74.63947496758762,73.08562804382962,147.54858215077277,156.31889438043132,234.22060852050782,236.42388189832633,228.18931091308593,228.39210303987227,5.7458225838034025,256.680959177479,2.1900917264311204,4.460305103238421,4.113611585414097,257.0374755859375
2024-12-24,254.3396705835317,257.0474099027653,254.1405589245421,257.0374755859375,23234700,79.13322937197077,75.75024418143191,152.41575965274427,172.70412388275506,234.7612469482422,237.2322581213699,228.57591766357422,228.95933813979434,6.04664842566396,257.89236727326255,2.926728140069997,4.241222679928646,4.028834196460947,257.853759765625
2024-12-26,257.0275101814573,258.9289141129315,256.47003399402934,257.853759765625,27237100,80.27443270814753,76.45284582655628,121.38433495398702,170.00436073229835,235.2674966430664,238.04094446036032,229.07587280273438,229.53150490466226,6.278547200137609,259.1399682764151,2.4588801189021865,3.9866023140677234,3.916694619492464,254.43923950195312
2024-12-27,256.66914450564,257.53525297635,251.92063167469624,254.43923950195312,42355300,63.36305457945865,67.62630652406227,38.70000411727636,90.4050278794359,235.74662445068358,238.68401485414827,229.5619450378418,230.02472737193534,6.116300495855228,259.25387667465435,5.933128090928761,4.264677425047871,4.0607255817379135,251.06451416015625
2024-12-30,251.09437787562297,252.35866419404095,249.621045548938,251.06451416015625,35557500,50.97932720159365,60.2256276507758,-53.527567176144146,11.104650576235729,236.15089904785157,239.16952463085448,229.988544921875,230.44135681328623,5.6502738427743395,258.9174735082891,4.818193953015111,4.343751214757477,4.114830465400571,249.29251098632807
2024-12-31,251.30342042234355,252.1396347735265,248.30696287880588,249.29251098632807,39480700,45.528398477618154,56.715914854308956,-93.8892296216431,-20.742378127773097,236.46305267333983,239.5665044879319,230.3627601623535,230.81464699493063,5.079406281989378,258.51163007161017,3.832671894720619,4.27073988332364,4.094676281780575,242.75210571289065
2025-01-02,247.8092203593721,247.9784683255357,240.73124671787497,242.75210571289065,55740700,31.174658770019292,46.04907044721976,-160.63129729894064,-150.91414926767285,236.61496368408203,239.6914300261656,230.6424688720703,231.05103231607836,4.052518669453548,258.4105549765059,8.561264268453101,4.883671938342134,4.413718280828612,242.2642974853516
2025-01-03,242.2642974853516,243.08059762167903,240.800914792456,242.2642974853516,40244100,30.342277835818578,45.363788206813396,-123.28538407802546,-166.51302340554372,236.76944854736328,239.79232678927093,230.90198577880858,231.27307717091546,3.1628810669000984,258.37981939496945,2.2796828292230202,4.5116734941822605,4.261287177142498,243.8969268798828
2025-01-06,243.210031063562,246.21643825220417,242.10502805254345,243.8969268798828,45045600,36.91892827436716,48.14517237174862,-67.46375493671019,-114.8899099330396,237.0580157470703,239.95329149870668,231.14063812255858,231.5230543928752,2.5600655628461766,258.23537770807684,4.111410199660725,4.454493023536327,4.250581678750943,241.11949157714844
2025-01-07,241.8860138278822,244.4444500699373,240.2633629937866,241.11949157714844,40856000,31.092591990733155,44.03794741967346,-74.09705810586297,-126.40152909680413,237.29481292724608,239.9990248351162,231.34704162597657,231.71308285196972,1.837037886655935,258.30264167330364,4.181087076150703,4.415435031052667,4.245617778565212,241.60726928710935
2025-01-08,240.83078235887348,242.6127316047624,238.9692066706783,241.60726928710935,37628900,33.25091561166802,44.92653618561498,-78.32848943904884,-114.78128464094358,237.5246597290039,240.06209324499827,231.52849075317383,231.90900733583385,1.288539349276931,258.5259296117463,3.6435249340840983,4.305162160057157,4.202611146816561,235.7836151123047
2025-01-10,238.9293760168756,239.0787097724967,231.95094323601768,235.7836151123047,61710900,23.150626346714432,37.309515968337614,-165.89035949769067,-147.64311471389664,237.59845642089843,239.8943097888142,231.63847747802734,231.9857322422986,0.3795548134625335,259.44197587015003,9.656326051091668,5.069614144490658,4.59216221140764,233.34461975097656
2025-01-13,232.47854174290725,233.6134083428242,228.6856985060818,233.34461975097656,49630700,20.15867592493285,34.659182235714525,-151.03663221753476,-148.60020382200403,237.61810302734375,239.63745919909508,231.72566543579103,232.0126409058368,-0.5315017014092973,260.50276425932526,7.0979166062228956,5.359371639023835,4.771144668180158,232.2296600341797
2025-01-14,233.69304260242416,235.05686934272669,231.4233094741443,232.2296600341797,39435300,18.85880337730805,33.488055838045284,-86.41638205655885,-116.44589612426041,237.68645080566407,239.34695727105918,231.79553848266602,232.01693831431885,-1.3281780742138949,261.37466427572264,3.633559868582381,5.1128271003893415,4.6898886110660305,236.79901123046875
2025-01-15,233.5835582088168,237.88411516800545,233.3744970274307,236.79901123046875,39832000,37.97991973978714,42.11974755144106,-26.73159032597263,-78.82702117570231,237.9295166015625,239.24703781848703,231.91219894409178,232.11163282750994,-1.5727121389669776,261.49155271885667,5.654455133825763,5.190202533737401,4.758786219834582,227.23228454589844
2025-01-16,236.28136958651152,236.9383864807084,227.0033243432251,227.23228454589844,71759100,24.10491666387179,32.58502860366474,-103.25763991421813,-118.75834066365725,238.04091217041017,238.77587102348355,231.95178741455078,232.01501206945824,-2.5095336957168115,262.3406915577217,9.9350621374833,5.868039619986815,5.128520213952348,228.9445343017578
2025-01-17,231.07489856287185,231.24413133243607,227.4512878984511,228.9445343017578,68488300,29.484103317050355,35.40353682564222,-97.9980353018638,-112.89121604642044,238.20445220947266,238.3903284069453,231.98552764892577,231.95421052950377,-3.0783223001591864,262.19381513400134,4.011846786537632,5.60286921520836,5.048757826279869,221.63758850097656
2025-01-21,222.99146586562136,223.4095730413088,218.39227174297116,221.63758850097656,98070400,21.793694942583798,29.697480948048366,-187.09419428182795,-161.97516907366554,238.19321472167968,237.73335821455436,231.9428175354004,231.74992098438443,-4.071764064953754,263.2770413371905,10.552262558786651,6.309925407148116,5.44186530717321,222.8222198486328
2025-01-22,218.80040121474653,223.1109074563204,218.80040121474653,222.8222198486328,64126500,25.470606545403328,31.62163612255874,-113.38031031215507,-138.31395654734533,238.22018798828125,237.14860769040058,231.90350128173827,231.57313482328044,-4.709199253911919,263.50450225153753,4.310506241573876,6.024294097780368,5.361053945344686,222.6529998779297
2025-01-23,223.72813912330528,226.00782197454976,221.29912251598503,222.6529998779297,60234800,25.272587793110873,31.48905493310926,-60.21784450776901,-105.18274437653396,238.1491094970703,236.5801524820684,231.87780654907226,231.39649848772893,-5.16844722863425,262.6834817208476,4.708699458564723,5.836352006463847,5.314457196288974,221.77696228027344
2025-01-24,223.76795755359672,224.61413662079448,220.4131353788753,221.77696228027344,54697900,24.139126976221746,30.769807748974358,-55.69374356749881,-100.65041730503467,238.06588592529297,235.99963521925292,231.81053619384767,231.20601262223477,-5.539240553045886,261.37221607132983,4.201001241919187,5.602730468671752,5.234924628119704,228.8250732421875
2025-01-27,223.01137104866308,231.10475600574816,222.9715426392062,228.8250732421875,94863400,46.61340673570018,42.20719856465455,49.672710403298495,-39.547263934549804,238.17797882080077,235.7182798476033,231.82160263061525,231.15886530777837,-5.204380425032838,258.6030461462509,9.32779372547472,6.134882362500748,5.527272420787919,237.1872711181641
2025-01-28,229.81064487405345,239.10858953414348,229.7708164605127,237.1872711181641,75707600,62.13916021356965,52.28026766685868,150.44482813499673,54.41311171469394,238.45731567382813,235.7758873484096,231.9782423400879,231.27823968026124,-4.2156465292178495,255.32539730435965,10.283516291955976,6.727544352422924,5.867004125871352,238.2823181152344
2025-01-29,233.06590496072295,238.780066940242,232.9563996116177,238.2823181152344,45486100,63.74977006607617,53.42508742599483,119.94709539888343,79.60222391012202,238.7408334350586,235.8741787510302,232.16492523193358,231.41693430273594,-3.305601733252132,252.60849472836998,5.823667328624282,6.598419063308832,5.863908640353705,236.520263671875
2025-01-30,237.59540286874545,239.70585285329432,236.14198492507637,236.520263671875,55658300,59.03517580094492,51.29270088191966,88.00286235418362,96.76954562021086,238.92738922119142,235.89951541459274,232.31877304077148,231.5179903298476,-2.6954957463304083,250.29552500435824,3.5638679282179453,6.164911758295848,5.699620018058293,234.93743896484372
2025-01-31,246.07705979363328,246.07705979363328,232.3889674810629,234.93743896484372,100959800,54.788805893304,49.38583024096842,69.07536145578898,96.67965612092966,239.14639892578126,235.8617869263673,232.47230545043945,231.58570218400595,-2.313039798775094,248.0316753431165,13.688092312570376,7.239651837477924,6.270225181952013,226.98341369628903
2025-02-03,228.9545099800506,230.78622201033428,224.68381655532255,226.98341369628903,73063300,38.537416547009414,41.11411715120042,-56.92734768615079,-31.064338672556783,239.1461996459961,235.51361542714855,232.54540252685547,231.4945677585066,-2.6215445359452474,246.86171430323336,10.25362240952117,7.670219062055531,6.55475355534981,231.75184631347656
2025-02-04,226.2268315478868,232.0803623471157,225.62952690670863,231.75184631347656,45067300,49.09761872271046,46.86037315359975,-53.660058189270565,1.2485575861008045,239.2361926269531,235.36609506974966,232.67413940429688,231.4996623833575,-2.4529875880728014,245.64483569921435,6.450835440407076,7.4960214018200375,6.547330832853901,231.42333984375
2025-02-05,227.50107667347064,231.62243633567465,227.24225275297744,231.42333984375,39620300,48.42884287411373,46.5235518102989,-60.739936763695475,11.400184965023092,239.30528045654296,235.2114772177497,232.77423370361328,231.49815104593952,-2.3191786710788165,243.9055906552678,4.509593560499127,7.069388853059907,6.401778170542846,232.1699676513672
2025-02-06,230.24864925075528,232.74735812237688,229.3925206475463,232.1699676513672,29925300,50.226573891089345,47.44809507943004,-27.40292001081251,29.123220683199197,239.398857421875,235.09220233279353,232.88070037841797,231.5114543450569,-2.12835318540661,242.66571653935185,3.354837474830589,6.538738656170005,6.184139549420542,226.6051177978516
2025-02-07,231.5527419594936,232.94643248808816,226.23677336593997,226.6051177978516,39707200,38.543336071425514,41.66605563973605,-64.53401804345022,-10.328583759569597,239.3542593383789,234.759375488286,232.93420349121095,231.4142991659043,-2.3985109477910953,241.0113422278718,6.709659122148196,6.563155865595461,6.221676661758232,226.8741912841797
2025-02-10,228.7876615470872,229.8041745661949,226.4257278690688,226.8741912841797,33115600,39.33931435966565,42.03387844289524,-75.51360584397324,-32.6371200616823,239.25531280517578,234.45015257832105,233.05185150146485,231.32439603953353,-2.5613750026269315,240.3700010723826,3.378446697126094,6.10819741295698,6.01858880714165,231.82725524902344
2025-02-11,227.4223198813819,234.42836130351915,227.35256634016287,231.82725524902344,53718400,52.540316421029154,48.47449280763312,86.63032505193141,12.340745918154232,239.2118246459961,234.34729385952505,233.21435668945313,231.33435364764225,-2.2646693731503547,240.21596574918877,7.554170019339466,6.314764928154479,6.128273179441494,236.06277465820312
2025-02-12,230.41209906543347,236.15247950770552,229.89386689621963,236.06277465820312,45243300,61.006238140413224,53.25731396073769,155.5006759908553,51.452060355652236,239.2556350708008,234.41456761633597,233.38043533325197,231.42798574686125,-1.6685233074646533,240.71270039725502,6.258612611485887,6.306743168630395,6.137583138873237,240.70689392089844
2025-02-13,236.10264318513748,241.514131106333,234.7672133917818,240.70689392089844,53614100,68.25098402541988,57.874604743100676,177.0337413402245,119.23805649718408,239.34454376220702,234.66132551063254,233.51161270141603,231.61172650278277,-0.8119717386643686,241.5209953772391,6.746917714551188,6.36962524661908,6.181107037135948,243.76644897460935
2025-02-14,240.4278591482801,244.71320848741047,240.16875066053348,243.76644897460935,40896200,72.21823402143296,60.633528162933075,142.65804528610192,153.37485448314396,239.44964752197265,235.01838917588654,233.68004837036133,231.85241407648232,0.1124359817875984,243.68523883082364,4.544457826876993,6.108887043798782,6.064203522117451,243.6368865966797
2025-02-18,243.31796980618805,244.34445851455,241.0158443494388,243.6368865966797,48822500,71.7751350469435,60.45296938108375,94.40242813421844,128.79188297875493,239.4912353515625,235.35636946689803,233.86439147949218,232.08576996797137,0.8250702627423152,245.5013669106471,3.328614165111219,5.711705203986273,5.868804282331291,244.03550720214844
2025-02-19,243.8262313730556,245.1716216090192,242.33134319523683,244.03550720214844,32204200,72.3833437066836,60.839355155321165,78.5677360178741,118.58007161866811,239.53362823486327,235.69672780945686,234.0437712097168,232.3223984280541,1.405798248966562,246.7691684876806,2.8402784137823858,5.301501376814288,5.652481006006369,244.9922332763672
2025-02-20,244.1052669318995,245.9389927126525,243.45747295470235,244.9922332763672,32316900,73.95487088719705,61.803935515996045,76.18077550571243,111.22254532736329,239.59455841064454,236.06125743561023,234.24266220092773,232.57328624683257,1.9210840988068014,248.00870985147782,2.4815197579501387,4.898646859833696,5.425983774002352,244.71319580078125
2025-02-21,245.11182656230832,247.84249441981407,244.38431857946645,244.71319580078125,53197400,72.55008403019846,61.32945618155092,81.69911019789615,103.16373487105297,239.65388946533204,236.40054913620517,234.42732727050782,232.8136804954256,2.280645987679833,248.8180351778262,3.4581758403476215,4.6928652856214,5.285426064455586,246.25791931152344
2025-02-24,244.0953010258401,248.0119159709633,243.5870445183064,246.25791931152344,51326400,75.54968276929314,63.02191642772949,93.68347288165211,90.58779178013938,239.66626708984376,236.78711267249216,234.62475479125976,233.0799030462394,2.659589559731529,249.4004880295277,4.424871452656873,4.654580452340753,5.223957877898535,246.1981201171875
2025-02-25,247.15485528022737,249.14803959700345,244.0753891604379,246.1981201171875,48013300,75.17865360128557,62.9071361237121,99.94838648494253,83.90637377909846,239.65714050292968,237.1561717879704,234.76977584838866,233.33966972091162,2.92140365270555,250.45440725555375,5.072650436565539,4.714304735801436,5.213150203517606,239.5408935546875
2025-02-26,243.49736566903923,244.14514449402503,238.3150894487839,239.5408935546875,44433600,45.9007497196854,51.63294591622396,-155.59562433340065,19.244289663277534,239.54035430908203,237.249690288626,234.91574447631837,233.46246623247154,2.562175496600247,250.60976383245523,7.883030668403592,5.166979869030316,5.403855951009462,236.49131774902344
2025-02-27,238.5941277716784,241.6337368385667,236.25213016109493,236.49131774902344,41153600,37.99316585834494,47.438743374472196,-151.56706986464468,-15.982381954643868,239.33330871582032,237.21995018903377,235.02554946899414,233.52244349022504,2.008259349950805,250.5183939058709,5.38160667747178,5.197640841664811,5.402266717185342,241.01583862304688
2025-02-28,236.1425036842072,241.2649866571528,229.41550676334808,241.01583862304688,56833400,52.236208474917724,53.47695676006998,-105.664670406731,-39.77232826859682,239.213369140625,237.36880855899508,235.1916374206543,233.6708275522611,1.9123237566295757,250.83659359676548,11.849479893804727,6.147903563399085,5.862781944086727,237.2188262939453
2025-03-03,240.96600727263493,243.1983791446907,235.30537120652147,237.2188262939453,47184000,42.64546508211931,48.44700578185895,-59.7282423660692,-38.927317505932365,238.95955169677734,237.36292690154215,235.30851821899415,233.74108495308653,1.5124721087529451,250.89998769785058,7.893007938169234,6.39720418836625,6.007798086521191,235.1259765625
2025-03-04,236.8999245639949,239.25188262538288,233.88023638606123,235.1259765625,53798100,38.14218441305171,45.885176434282805,-86.47834989802514,-96.98703514287833,238.61529663085938,237.2752033588346,235.455284576416,233.76850854931251,1.015010900543416,250.45063440455957,5.371646239321649,6.2506959099313075,5.9623586688640815,234.93663024902344
2025-03-05,234.6177134735288,235.7438674276595,228.44880585950324,234.93663024902344,47227600,37.7217353193968,45.649981829532805,-130.44653254250727,-150.67395165333286,238.37536560058595,237.18349460943026,235.55958587646484,233.79163967207907,0.5985904656797629,250.36371464247983,7.295061568156257,6.399891003963442,6.0575517330992374,234.5280303955078
2025-03-06,233.64106399817908,237.04940729600816,232.3654272740836,234.5280303955078,45170400,36.70314560149789,45.11260505591874,-75.92036475318434,-105.62428217737313,238.09261932373047,237.0793587579039,235.62231231689452,233.80622166660243,0.2329187353417126,250.24671873322634,4.683980021924555,6.1547608636721725,5.959439468015332,238.2552947998047
2025-03-07,234.3087831583753,240.54744460053885,233.95996981993864,238.2552947998047,46273600,50.83255603485419,50.80195686727672,46.230632960748,-47.74647837884062,237.79084106445313,237.12547389680196,235.7272834777832,233.89432212468563,0.24110107874903974,250.21155439371006,6.587474780600218,6.216577137519036,6.004299133199966,226.70477294921875
2025-03-10,234.73730306532093,235.35520052510583,223.45588808739055,226.70477294921875,72071200,28.13014224839482,37.744916926653104,-169.12466304612326,-162.71613298782563,237.2425228881836,236.71681895768106,235.7315657043457,233.75195481428034,-0.6766449944543353,250.1958730274111,14.79940671241414,7.442695648218337,6.632521103143836,220.08740234375
2025-03-11,223.0472821864493,225.0703629938446,216.7089556312574,220.08740234375,76137400,21.66337940293245,32.57876223109244,-173.02044518549243,-219.96217212824604,236.50352142333983,236.06468497282103,235.632384185791,233.4813696168441,-1.9158471799421761,251.5013136692127,9.995817317961354,7.807427315324483,6.872756547059374,216.24057006835935
2025-03-12,219.3898050520796,220.9943190932265,214.177632133622,216.24057006835935,62547500,18.741373989549317,30.007528065269213,-128.62494004174636,-194.0646794034631,235.67125762939452,235.28726870205784,235.46937713623046,233.13996764558695,-3.171768877948807,253.67156835314915,6.816686959604482,7.665892978793054,6.868751576526882,208.96543884277344
2025-03-13,215.2140760046737,216.1010424274323,207.7097381833997,208.96543884277344,61368300,14.44305803002284,25.852022741931876,-119.6998812358841,-185.93639895049355,234.76178161621092,234.25504008012513,235.25420303344725,232.66126410493715,-4.699959948479972,256.5683223970499,8.530831884959639,7.789455679673995,6.987471598557794,212.762451171875
2025-03-14,210.53007941159925,213.22087501834247,208.86577244295887,212.762451171875,60107600,24.92708552132622,31.206612199999157,-83.77596096284994,-137.30989602574058,233.9957403564453,233.41219345627218,235.07331970214844,232.26722820527254,-5.540804277218712,257.43911684028103,4.355102575383597,7.298833807632509,6.7994452397596366,213.27073669433597
2025-03-17,212.58308562424435,214.4865804284824,209.2544712338784,213.27073669433597,48073400,26.336815417970087,31.915416060582274,-64.04174130269614,-108.10858540942976,233.27530487060548,232.6223324067845,234.86917877197266,231.8910600565411,-6.095895384527495,257.34710167486,5.232109194603993,7.003587434342721,6.687492665105663,211.96519470214844
2025-03-18,213.43018643369248,214.4168029665515,210.769287119016,211.96519470214844,42432400,24.933773829182243,31.031027092801082,-50.806587306271005,-89.19233366133629,232.65956665039062,231.81224857523014,234.63726516723634,231.49648846536502,-6.565472731402309,256.95779579957303,3.6475158475354874,6.524148636227403,6.47035146385065,214.50650024414065
2025-03-19,213.4899719913265,218.01449366985423,213.02157246340184,214.50650024414065,54385400,33.0352866991025,34.817415023314595,20.21613050972024,-61.10998055790924,232.1044107055664,231.13359177793254,234.43692962646483,231.16005305504373,-6.655829780659246,255.86513089375384,6.049298967705795,6.456312969295745,6.440276285554589,213.3703765869141
2025-03-20,213.2607508466693,216.74882322763477,211.4967785561088,213.3703765869141,48862900,31.274804431111264,33.92083051918907,19.822960006904285,-60.908069175435685,231.49387969970704,230.43699510377496,234.27594772338867,230.80778223389262,-6.741403375603284,254.3374361349553,5.252044671525965,6.284274641042919,6.355402598838259,217.5261688232422
2025-03-21,210.83902892918795,218.09421843072647,210.55998434888176,217.5261688232422,94127800,44.008409903832856,40.00654388569993,104.00516135862142,-44.38058146321345,231.0220132446289,229.9306881908129,234.1584130859375,230.54477998813715,-6.400106915460839,252.2945330269709,7.5342340818447155,6.462840275443176,6.439604847624435,219.9777984619141
2025-03-24,220.2468826216609,220.72524263370704,217.83513125215717,219.9777984619141,44299500,50.340997713835165,43.3227492128149,170.31949324466436,-5.982358391628376,230.589423828125,229.5403787896796,234.05704177856444,230.33553282920204,-5.864202117501236,249.57128194058285,3.199073810464853,5.996587923303415,6.2081383449701795,222.9875030517578
2025-03-25,220.01766257627696,223.33631640181736,219.3300115304276,222.9875030517578,34493600,57.26363800821437,47.182581153246495,144.88201439511383,25.007178515128857,230.33350158691405,229.28340327054542,233.96597900390626,230.19002728905463,-5.137414777260432,246.52077981277105,4.0063048713897444,5.712261773030034,6.05086452542872,220.77505493164065
2025-03-26,222.7483031053444,224.25316696482244,219.71866969932236,220.77505493164065,34466100,51.14854489860318,44.76895245719018,89.59399600828984,37.378389162701275,230.08211029052734,228.9497425513727,233.85010665893554,230.0035921928682,-4.6859400470268895,244.5476932299571,4.534497265500079,5.544009700525755,5.942552578290959,223.087158203125
2025-03-27,220.6355348303588,224.22327264250703,219.80836152348044,223.087158203125,37094800,56.776206103545796,47.775590308865944,79.9265882026181,77.15316674755215,229.89926025390625,228.71983728281398,233.79285552978516,229.86663310396239,-4.094378216246554,243.0468573651949,4.414911119026584,5.38270990316873,5.833435331200647,217.15740966796875
2025-03-28,220.91456609374504,223.0472725515885,216.93815819229235,217.15740966796875,39818600,42.22258419012492,41.53124986249281,-1.2346708822808228,43.33931832896271,229.50642822265624,228.2664087488985,233.71797241210936,229.61496531315063,-4.057272639764506,240.2227270909228,6.149000010832651,5.49217991854929,5.855975665460076,221.37301635742188
2025-03-31,216.2704542730732,224.8511131847691,215.49311362240712,221.37301635742188,65299300,52.35268467035141,46.84980722022386,19.56475189385208,71.68456583880659,229.38924285888672,227.99607963550727,233.71507751464844,229.4517584031362,-3.6456768808006075,238.03670824460272,9.357999562361982,6.044439867665389,6.106120229524499,222.4293975830078
2025-04-01,219.0609113529448,222.91771798921508,218.15400887457568,222.4293975830078,36412700,54.67591395745351,48.12327471197512,19.33826596476438,71.63852989776873,229.25894012451172,227.77777837854651,233.73169616699218,229.3127017532327,-3.1973856683941335,236.1641076881877,4.763709114639397,5.861478331518819,6.0102337213184205,223.12701416015625
2025-04-02,220.56578026164416,224.4225869866718,220.2667995775576,223.12701416015625,35905900,56.316918607200435,48.99243212051342,94.70927859601488,85.31456104499294,229.2887286376953,227.59539546802142,233.7409716796875,229.19021289000344,-2.7540725907716137,234.18378766469849,4.155787409114197,5.61780819974673,5.87777327044669,202.49755859375
2025-04-03,204.83954098981803,206.78290782089877,200.56416741637668,202.49755859375,103419000,25.039715488645797,31.9469076829469,-233.33333333333505,-210.49216316945694,228.88223541259765,226.61116657099117,233.55121170043947,228.66164547819642,-4.021016662424302,232.86812014598328,22.562846743779573,8.038527991751423,7.06956423282761,187.738037109375
2025-04-04,193.2292544699453,199.19884701911505,186.70157274086588,187.738037109375,125910900,17.10859344331425,25.193302553939503,-157.89548950152817,-266.01646078513613,228.18393615722655,225.08673012151604,233.16652282714844,227.8512769956455,-6.145210835123152,232.9564212125434,15.795985852884115,9.146736257627522,7.692880062831646,180.84161376953125
2025-04-07,176.59612158290105,193.48835506739644,174.02491207450518,180.84161376953125,160466300,14.58950099481801,22.771015764546036,-123.95070281560133,-226.37162332106686,227.36522918701172,223.35162751947743,232.71555755615233,226.9203925753264,-8.289576668933137,235.74930220997075,19.46344299289126,10.620551505522341,8.533634557835905,171.83242797851562
2025-04-08,186.0637635998773,189.69135865616963,168.63337548243626,171.83242797851562,120859500,11.915555685459594,20.057878489911914,-105.7609303450927,-178.1383971962495,226.22537628173828,221.3312667531652,232.20167755126954,225.82954179123112,-10.593848748051244,239.57224778063633,21.057983173733362,12.11161317240963,9.428230887542867,198.1723480224609
2025-04-09,171.3640110222038,199.926344669284,171.30421792842867,198.1723480224609,184395900,45.799361481533985,41.86654426394665,-37.52361877146419,-88.56511489685288,225.4450778198242,220.42307386176506,231.95119674682618,225.28187458788915,-10.177272296583482,239.1053897836807,28.62212674085532,14.47025796790187,10.799223448493757,189.77105712890625
2025-04-10,188.42566697985896,194.1161990933285,182.3763459118313,189.77105712890625,121880000,40.06440620856608,38.27950603084362,-29.180717936403976,-77.79649460846092,224.47485260009765,219.22103398988824,231.60784301757812,224.57869008375087,-10.405102871169106,239.49237458751662,15.796002110629615,14.659649988291548,11.15613621007489,197.4747314453125
2025-04-11,185.4658080204705,198.85999394662437,185.4259358180616,197.4747314453125,87435900,47.14479426633365,43.094131631908034,51.02471634344204,-48.13091489667454,223.6939419555664,218.3682378116696,231.3106655883789,224.04197803150458,-9.850487816089355,239.10564011246527,13.434058128562782,14.484565436901724,11.318844918538312,201.829833984375
2025-04-14,210.71943358737076,212.2143217198501,200.4744681359889,201.829833984375,101352900,50.96531775592737,45.67416142160096,168.8269334022728,2.9465520308532773,223.03178985595704,217.71967295569726,231.08909439086915,223.60213359492775,-8.956288492713128,238.5827214041653,14.73959027453759,14.520997556563989,11.56318387253826,201.45114135742188
2025-04-15,201.1720967653651,202.81646776904176,199.11911932089467,201.45114135742188,51343900,50.59431928626321,45.48106623355197,88.05147301978036,-7.878837516675919,222.5211444091797,217.08169132439235,230.83367202758788,223.16350008527417,-8.183848109964941,238.12217152724295,3.697348448147096,12.97476196964729,11.00133848508175,193.6079559326172
2025-04-16,197.68401406478424,200.01603598224625,191.71442177543543,193.6079559326172,59732400,43.026276654730495,41.56195860416956,22.084824415431036,-30.35062484920798,221.7582666015625,216.16115268157765,230.4972296142578,222.57824178522154,-8.111063762953279,237.45803531412224,9.73671958198645,12.512184485695741,10.911008563432086,196.3087158203125
2025-04-17,196.5279673080365,198.15241736523092,193.75744237056688,196.3087158203125,52164700,46.255907109193444,43.37150510355,6.376111629065089,-18.181379380636628,221.05597412109375,215.38262574584175,230.18062728881836,222.05805315225305,-7.746159981370738,236.7237795265615,4.54446143261373,11.373938335255454,10.456255196945062,192.5017242431641
2025-04-21,192.61134997705832,193.13954254760668,189.1631347892109,192.5017242431641,46742500,42.31151953015184,41.42430771017555,-70.5147838319718,-37.72611583559639,220.26260925292968,214.48533549083479,229.83073333740234,221.4727793124691,-7.675683013562917,235.44990753508716,7.145581031101614,10.769887291804906,10.219778470813386,199.059326171875
2025-04-22,195.45165216386687,200.9030125684292,195.3021694205859,199.059326171875,52976400,50.751066490623884,45.927588640102,20.95681277436241,25.865241808903267,219.71169342041014,213.88039394891481,229.53297637939454,221.02894855720982,-7.009880300727303,233.6171397483727,8.401288325265114,10.43151601087065,10.08988631755994,203.9027557373047
2025-04-23,205.29797863560773,207.29116289420588,202.1088868632085,203.9027557373047,52929200,56.264462989510484,49.04362662868824,93.8918380124801,108.473466858848,219.25226470947266,213.48911401904775,229.25378875732423,220.68981602612257,-6.0219848731924515,231.28634547142155,8.231836722330883,10.117276112507826,9.957168489329293,207.65989685058597
2025-04-24,204.1917605029567,208.11833592046503,202.248408894664,207.65989685058597,47311000,60.28789453891814,51.38405287127911,112.00807188574592,119.34740229768866,218.7689175415039,213.26051726734337,228.99037109375,220.43179782462678,-4.8796511602672865,229.4976102166629,5.869927025801019,9.510511957263997,9.665222670505845,208.56678771972656
2025-04-25,205.66670113907412,209.03518721035243,205.49728231156087,208.56678771972656,38222300,61.290711463402076,51.9576446851918,98.70488292338902,113.76499111302724,218.21899780273438,213.07644944194664,228.73731643676757,220.19684712948023,-3.85670722855383,227.2086004373917,3.5379048987915667,8.657282377482222,9.227557115383396,209.42388916015625
2025-04-28,209.28436685718967,210.77925519188395,206.75302930142868,209.42388916015625,38743100,62.33931411664319,52.52771212345406,84.60130207534824,108.70088685180576,217.59333770751954,212.9332117838372,228.46894073486328,219.9835212290976,-2.942931586196437,226.07031145907078,4.026225890455265,7.995702879335513,8.856033456459958,210.490234375
2025-04-29,207.978817902887,211.51672307140856,207.6599011161091,210.490234375,36827600,63.76409242761145,53.270632263715555,79.42705936529204,105.84035890698614,216.92781341552734,212.83740874819654,228.18873046875,219.79553535079862,-2.108408241442305,224.15185880537018,3.8568219552994663,7.404434175901792,8.49894692066278,211.7758331298828
2025-04-30,208.5867412723437,212.8521544830753,205.96569903614,211.7758331298828,52286500,65.59487439529093,54.201200796933534,80.25946661391487,96.27766040711255,216.2905923461914,212.79577833179206,227.89091384887695,219.636729366226,-1.3279970793059022,222.0333184176325,6.886455446935315,7.330437214620867,8.383768958253675,212.59304809570312
2025-05-01,208.3674918385056,213.82881264887996,208.18809734114117,212.59304809570312,57365700,66.83745064993522,54.817153824633905,104.24200811207336,99.34899736320708,215.6617431640625,212.78782812645525,227.5976856994629,219.49725052918595,-0.6362390253238175,219.69097397235197,5.6407153077387875,7.08904837078057,8.18783655464547,204.65020751953125
2025-05-02,205.38767599056175,206.28461806468732,201.4710760745947,204.65020751953125,101010600,47.41823733255525,48.05266205506558,-136.46263218611998,7.343344813724749,214.8549026489258,212.46870574971314,227.22473052978515,219.2032496775096,-0.7206296668806829,219.89445895492815,11.121972021108434,7.665180320827408,8.397417659392824,198.21221923828125
2025-05-05,202.4078790317576,203.4044712176219,197.5345438511527,198.21221923828125,69018500,37.19815708661706,43.379971979427786,-163.3113117625811,-43.81235207729763,213.9248831176758,211.90962784730405,226.78938629150392,218.78758570841597,-1.2921071017399868,219.780419127311,7.115663668378545,7.586677941906141,8.305863802891803,197.83351135253903
2025-05-06,197.53454585917265,199.96621804369693,196.34859871285207,197.83351135253903,51216500,36.65596335331489,43.11438269616965,-114.7360058728145,-59.171575330662,212.9563949584961,211.3576232788819,226.31133102416993,218.37265354295306,-1.7553312811705553,218.76888853082494,3.6176193308448603,7.0196695688973865,7.970989197745594,195.58120727539065
2025-05-07,198.49125449640596,198.7603386318323,192.591430858442,195.58120727539065,68536700,33.28924716311664,41.48753726053246,-103.99656948352595,-89.12540131363416,211.94405670166014,210.73894029835284,225.8005986022949,217.92133777527857,-2.277923413304137,214.78117490652008,6.168907773390288,6.89813216953923,7.8422690960059285,196.8169860839844
2025-05-08,197.04619801698016,199.3682595147921,194.0165494128041,196.8169860839844,50478900,36.99355730220363,42.76366555347852,-68.18234717845284,-77.29864515442709,211.08957855224608,210.19298130955409,225.31496643066407,217.5034298209955,-2.5628218065887154,214.7953638152527,5.3517101019880045,6.677214731317626,7.664372025004648,197.8534393310547
2025-05-09,198.32183886048443,199.85658408831688,196.86680762308345,197.8534393310547,36453900,40.240497107040426,43.86937119043729,-38.235967944896366,-72.38102599615306,210.3168209838867,209.7090777025541,224.8250648498535,217.1143210984224,-2.6741468208591925,214.20805429174652,3.0395980043324755,6.157555198891176,7.334031023528064,210.3471221923828
2025-05-12,210.5267519291572,210.82612467262763,206.3156169574021,210.3471221923828,63775800,65.35140638796723,55.12350522257764,162.3808399919054,67.74285829490582,209.70344665527344,209.7340990550964,224.45840789794923,216.98031715968895,-1.7342456001291566,215.20362539407162,12.97268534157294,7.131145219274286,7.736792046245555,212.48263549804688
2025-05-13,209.98788789546765,212.95164926547025,208.5608995756232,212.48263549804688,51909300,68.03028378431623,56.72080998765521,130.7459578951989,83.74575270119749,209.20872283935546,209.84188479795722,224.0841372680664,216.89125415648812,-0.8077379344314863,216.44986956956382,4.390749689847041,6.739660143641822,7.4977890207885185,211.8839111328125
2025-05-14,211.9836919036665,213.4905292428568,210.1375877621875,211.8839111328125,49325800,66.35227404045838,56.117725368006965,88.369043327459,79.43514048765108,208.7438815307617,209.9219642620692,223.67958908081056,216.7920988490886,-0.12039811227191421,217.48370977100788,3.352941480669301,6.255843191788605,7.2017284822085745,211.00575256347656
2025-05-15,210.506803034962,212.51258988469863,209.0997617101353,211.00575256347656,45029500,63.66515564531494,55.19082425473145,59.03143918979131,62.92786404329095,208.26526397705078,209.9644657640852,223.32031478881837,216.67751773452204,0.34943551622254176,217.92005518948895,3.412828174563316,5.849698189327849,6.931092745948199,210.81614685058597
2025-05-16,211.9138418912236,212.12340739052024,209.3292870180407,210.81614685058597,54737900,63.02224572136031,54.97967058375649,46.22649422243301,58.99627837029262,207.79102630615233,209.99786502237936,222.94182281494142,216.56145098434507,0.6984313732315286,218.37398178764107,2.79412037247954,5.413187072635233,6.635594719271866,208.3413543701172
2025-05-19,207.47318710280223,209.0398806327114,203.83084657536088,208.3413543701172,46140500,54.622702543904076,52.17386963818698,-27.81775830501416,19.905674626877634,207.1927474975586,209.93290382032984,222.49179428100587,216.3986767939643,0.7664825006714864,217.86682727639317,6.985300275225086,5.637774673005212,6.66057368755424,206.42539978027344
2025-05-20,207.23369558110693,208.03201787298204,204.5992426766309,206.42539978027344,42496600,48.75372064280805,50.044541722954555,-121.3970287602259,15.33405857479375,206.7871600341797,209.79535464228843,222.01484146118165,216.20118616002983,0.6582243853657417,217.80572017381888,3.7421116934862937,5.366965675931081,6.452112116549387,201.66542053222656
2025-05-21,204.7389515122616,206.6050179110669,200.2883301620853,201.66542053222656,59211800,37.17608503192272,45.117982565243246,-138.4137393665364,-21.064583598537453,206.41872039794922,209.4765336967958,221.46112091064452,215.913349216905,0.18619219677356114,217.82929545346406,6.3166877489816216,5.502640257795444,6.442438947437403,200.93695068359372
2025-05-22,200.28832240028711,202.32402973584547,199.28043462788852,200.93695068359372,46742400,35.66393566766732,44.39764163568108,-126.31477373224641,-42.0819442155371,206.1126480102539,209.14164808843495,220.8919528198242,215.61678686971072,-0.2438669952824739,217.69465656005758,3.0435951079569463,5.1513480935328015,6.199664387474513,194.8597412109375
2025-05-23,193.2630967266574,197.28462846236872,193.053546464468,194.8597412109375,78432900,25.549313098032513,38.82818509327361,-144.87725729323643,-103.20796406279592,205.8305340576172,208.58157330892527,220.29615783691406,215.2057562626063,-1.0628204855065633,217.86703755279348,7.883404219125708,5.541641825760359,6.319931518306741,199.78936767578125
2025-05-27,197.8833769105113,200.31825293342968,197.01519441683536,199.78936767578125,56288500,41.30330615368395,44.869598603895525,-64.82905119166932,-58.382001858308826,205.57107238769532,208.23678093115493,219.78340637207032,214.900481241085,-1.2990922429252691,217.43878306223343,5.458511722492176,5.529766096722048,6.258401532891415,199.9989318847656
2025-05-28,200.16857290124128,202.3040763244224,199.4800200994256,199.9989318847656,45339700,41.912915211581215,45.11774440567476,-22.79210300529108,-47.16283517632195,205.3056362915039,207.91372802737496,219.29047058105468,214.60540105581137,-1.4526836003807944,216.78342798367666,2.8240562249968093,5.143236115047013,6.013091153756085,199.5299072265625
2025-05-29,203.15228556391767,203.38179807643976,198.09293019267844,199.5299072265625,51396800,40.80631561232458,44.63352718278738,-11.621046482383589,-56.41777037706099,205.0569305419922,207.58495074106858,218.8582485961914,214.30687642552923,-1.593878983082874,215.82285200337913,5.288867883761327,5.164040653434772,5.961360920185031,200.4280242919922
2025-05-30,198.95112277889336,201.53569281345096,196.3665679710664,200.4280242919922,70819900,44.103271187545175,45.832349469897316,-12.20344600885396,-70.6656912384764,204.77536102294923,207.30428695875187,218.4398858642578,214.03204767040967,-1.614693616925365,214.5541342776303,5.169124842384576,5.164766966141888,5.9047726289135705,201.27622985839844
2025-06-02,199.85921507319503,201.70533435611304,199.69954757512767,201.27622985839844,35423300,47.33527947551675,46.999536549005306,69.26066825219328,-44.33956852631199,204.5334780883789,207.0678925626596,218.01367889404298,213.77945721868667,-1.544937189516844,214.38108462765965,2.0057867809853747,4.7134840825481,5.6262736397758415,202.8429412841797
2025-06-03,200.92697696252267,203.34189080211323,200.53779694760377,202.8429412841797,46381600,53.17029692526643,49.17787745625456,110.99744982141145,-18.906930425736387,204.23981353759766,206.90220819879767,217.63091339111327,213.56289254671623,-1.3476987672453618,214.41962100772813,2.8040938545094605,4.4407140499711515,5.424689369399672,202.3938751220703
2025-06-04,202.4836823743862,205.80668775064265,201.67538665008357,202.3938751220703,43604000,51.2707072768936,48.561783690345734,146.1544603850839,8.856137773986797,203.8881350708008,206.72541082323974,217.2387794494629,213.34172388484205,-1.2136317910214984,214.4017345835256,4.131301100559085,4.396512200055142,5.332304493053916,200.2084808349609
2025-06-05,203.07244608657663,204.3198198340372,199.72947835269025,200.2084808349609,55126100,42.62465516473503,45.56980588341844,16.680142939541977,-17.55850150950991,203.43255462646485,206.46984494134648,216.88302810668947,213.08165966603252,-1.269096447469991,214.16765683334302,4.59034148134694,4.424202097382541,5.279307135074846,203.49156188964844
2025-06-06,202.5734966384944,205.26782088834017,201.62549563553227,203.49156188964844,46607700,55.713899453699064,50.50352574911941,103.26216598702867,55.12378574708063,203.086884765625,206.3530495275544,216.58449752807618,212.8917567397675,-1.0361908212654498,214.05323199444297,5.059340053379259,4.5149360910963585,5.263595200668019,201.02674865722656
2025-06-09,203.96057412654167,205.56719211084612,199.59976040917107,201.02674865722656,72862600,46.435223529541204,47.05504436343086,14.601627174299354,28.800110583885463,202.64567657470704,206.14417498361996,216.27246841430664,212.65680608466766,-1.0385297386913805,213.93067986776398,5.9674317016750535,4.722435464036172,5.313869236454236,202.24420166015625
2025-06-10,200.17855851367187,203.9206800071224,200.1486227598628,202.24420166015625,54672600,51.125710021463156,48.91066547738215,-10.515164066875212,49.671246606792245,202.34741241455077,205.99123485328806,215.92692031860352,212.45061589804368,-0.9314083690484551,213.1075401742357,3.772057247259596,4.586667147353803,5.2037398086546185,198.36236572265625
2025-06-11,203.0724503091444,204.07034932786252,197.99314795828437,198.36236572265625,60989900,38.56392006413874,43.656720940065014,-170.47718767083384,-29.653944179706063,201.88719940185547,205.69206351483191,215.6382211303711,212.1716406470459,-1.1465291557208275,211.72744852030155,6.077201369578148,4.799600607671566,5.266129920149156,198.78147888183597
2025-06-12,198.66173587371063,199.26046614106752,196.94534836583952,198.78147888183597,43904600,40.40825250846946,44.351764643080884,-158.16559709825293,-94.1723462534701,201.41424102783202,205.4210601958909,215.3365905761719,211.90648892892293,-1.2685716949088146,210.20568986121535,2.3151177752280034,4.444674488751057,5.055343338369075,196.03726196289065
2025-06-13,199.3103695725812,199.9490243445518,195.2888376882346,196.03726196289065,51447300,32.87030126284591,40.80257360979594,-129.76977986025946,-166.40172472093133,200.8724459838867,205.05306810832226,215.080587310791,211.59224681078368,-1.5686443023946595,208.80259623726346,4.660186656317194,4.475461941260505,5.027117861079654,198.0031280517578
2025-06-16,196.8854859861783,198.27256505925683,196.1470352061455,198.0031280517578,43020700,41.92465281509548,44.24468501494996,-82.748077460726,-133.67484380195506,200.78255737304687,204.77659987080995,214.83239639282226,211.3231553502089,-1.629046408835535,206.91756839195983,2.235303096366181,4.155439249132745,4.827702520742977,195.2289581298828
2025-06-17,196.78567812068,197.97318035709665,194.79986887227625,195.2289581298828,38856200,34.306567396604265,40.652390039677194,-97.85296978444379,-150.42343514300146,200.93237579345703,204.40218254763636,214.5581559753418,211.00445837554898,-1.8791066693722769,205.68239663545458,3.203259179481563,4.019413524896862,4.711670853510019,196.1669921875
2025-06-18,195.5283374204853,197.15491770400297,194.66017014117492,196.1669921875,45394700,38.7006155720556,42.356628983839016,-83.09511119820193,-119.38067275931718,201.23888336181642,204.0792339060624,214.30205627441407,210.71064716390444,-1.9787795792208271,204.63028646730487,2.494747562828053,3.801604101744175,4.553319189889878,200.5777130126953
2025-06-20,197.82351706190548,201.27623931614943,196.44641147314488,200.5777130126953,96813500,55.15536035048296,49.674591888954836,84.52632466049336,-16.767624622208757,201.8137890625,203.94191936122448,214.01958267211913,210.50999500249435,-1.6824683222008616,204.51042013416057,5.109247128649429,3.9884102484449255,4.593028328372703,201.0766448974609
2025-06-23,201.20637663769037,201.87496712850407,198.54198818263384,201.0766448974609,55814300,56.68964267687193,50.44103414492929,130.54460515192184,15.984636856249063,201.871875,203.82955565676318,213.6584764099121,210.32319599051348,-1.3913413656688647,204.52534517540585,3.3329789458702237,3.894777205219968,4.5030248010510965,199.87918090820312
2025-06-24,202.16436301176623,203.0125832870988,199.77938491343545,199.87918090820312,54064000,51.733595835660196,48.53067782848658,100.86968773618425,31.91675568298678,202.07403747558592,203.67463899995693,213.2744450378418,210.11638381066575,-1.242918896125417,204.26452645293554,3.233198373663356,3.8002659435690234,4.412322913380543,201.1365203857422
2025-06-25,201.02675088646447,203.2420878888105,200.19849288768373,201.1365203857422,39525700,56.402647495789246,50.644370609968334,89.52235301885457,58.74463345962824,202.14727325439452,203.57510493665438,212.92060760498046,209.93856473294449,-1.0121685825070301,204.36618884098093,3.362906980607363,3.7377860917173575,4.337364632468174,200.5777130126953
2025-06-26,201.00680230384165,202.2142668779585,199.04095514509615,200.5777130126953,50799100,53.70872591276624,49.668111008976844,47.3528637426864,31.238958530194285,202.12223083496093,203.45756015532265,212.57701034545897,209.7532013325435,-0.864423841396615,204.40398160766182,3.173311732862345,3.657146897595213,4.254217996782043,200.6575469970703
2025-06-27,201.46584280819525,202.79305039965564,199.57981417332655,200.6575469970703,73188600,54.07433199202334,49.816944818512674,51.94137936215086,54.833196638773586,202.1063589477539,203.34775571774412,212.3137516784668,209.57308936550444,-0.7324499076830477,204.4655430741951,3.2132362263290872,3.5937310874143376,4.179862156035403,204.7389373779297
2025-06-30,201.58557286233471,206.95427439094752,198.84135059390303,204.7389373779297,91912800,68.78067991663941,56.8430427766577,196.55415901089188,135.9939869386457,202.32897857666015,203.40231186128082,212.04362258911132,209.47736358357227,-0.29512352003055753,205.13426897967588,8.112923797044488,4.23933004593293,4.460795130393195,207.3833770751953
2025-07-01,206.23578409144605,209.74839282792448,205.70689884063933,207.3833770751953,78788900,74.86487041990254,60.683977224555925,188.61753676663852,225.5867325216286,202.55047180175782,203.55843206574806,211.80322296142577,209.43589850419846,0.2618267996503505,206.33972099691576,5.009455449994789,4.34934796079891,4.49998515322188,211.99366760253903
2025-07-02,208.47108532398715,212.8917706186518,207.7026988246806,211.99366760253903,67941800,81.99989904955586,66.31294134476609,151.00934712718518,226.7122689045283,202.9403106689453,203.88922561621047,211.6014599609375,209.4865473972349,1.0629725702465578,208.61173186295196,5.508393543456492,4.5149259011785645,4.572014323952923,213.1013336181641
2025-07-03,211.70426588787652,214.1990133776075,211.3649838836884,213.1013336181641,34955800,83.3265803257507,67.51628537916304,115.4635955642663,187.12276037228034,203.2211508178711,204.250484753542,211.46642211914062,209.55812732240182,1.7668980547777835,210.79245195033982,2.834029493919104,4.274797842998642,4.4478725503790795,209.50889587402344
2025-07-07,212.23315593085263,215.77570049162512,208.36131809352125,209.50889587402344,50229000,65.15585327465178,60.02702945931001,67.02454509168568,122.48219269365153,203.33327362060547,204.4566969543452,211.29276916503906,209.5571524422359,2.0116948046098173,211.859199579361,7.414382398103868,4.723309922299388,4.659766110930851,209.5687713623047
2025-07-08,209.658593847986,210.985786168202,208.01205130024096,209.5687713623047,42848900,65.3029786372736,60.10645811789102,27.562809957166625,80.88977938339436,203.37145111083984,204.6571704605397,211.07018432617187,209.55738251986102,2.185338225285733,212.68887744596185,2.973734867961042,4.473370628822481,4.539335307861578,210.69639587402344
2025-07-09,209.0897778625777,210.8859991217609,206.7846335910969,210.69639587402344,48749400,68.24863662058858,61.65190718759805,5.004392389675694,66.64175313821447,203.41404327392578,204.89400282969592,210.81652053833008,209.57993723974542,2.386432453527476,213.77268401686973,4.101365530663998,4.420227043371269,4.508051752347465,211.9637451171875
2025-07-10,210.06772774811225,213.03148920420767,209.58874045798785,211.9637451171875,44443600,71.42911476091176,63.36946682940527,53.61773977913454,82.13438845441615,203.4648403930664,205.17124762528383,210.52908905029298,209.6271413561304,2.617888185040215,214.9574334065022,3.44274874621982,4.280587286635347,4.431958680481205,210.7163543701172
2025-07-11,210.12759762046792,211.68431760849728,209.41908263784933,210.7163543701172,39765800,64.0606900979429,60.49739294225417,-20.186444814898252,60.498919472227165,203.46936279296875,205.38870279174787,210.19858810424805,209.64870993066478,2.6698877078546843,215.77606900570572,2.5446624793381716,4.032598028450036,4.297151808970988,208.1816864013672
2025-07-14,209.4889316669829,210.46688365912564,207.10395364435493,208.1816864013672,38840100,51.47304270327094,55.03871945075696,-112.38616174209837,24.141875013923507,203.39747985839844,205.49823156075254,209.84403610229492,209.61965995978758,2.4780062685884445,216.14391385939618,3.6124007257622566,3.972569842351782,4.248241017313222,208.6706695556641
2025-07-15,208.7804390594974,211.44482767792792,208.48106630115817,208.6706695556641,42296300,53.52827701414118,55.86605317972099,-39.233606568652725,34.03811592494931,203.31903228759765,205.62264089388634,209.4903877258301,209.60086807059702,2.3384396231404025,216.26681772988968,3.263141276560731,3.871222904381632,4.177876750116615,209.7184600830078
2025-07-16,209.85816533566305,211.9537441254909,208.20164932080104,209.7184600830078,47490500,57.97753106771664,57.66376289892316,7.085584078548462,36.33264140180106,203.4203973388672,205.78326125424405,209.13764999389647,209.6031966252982,2.2860280811884763,216.5527906892442,3.752094804689875,3.854204604425667,4.147463754014706,209.5787506103516
2025-07-17,210.12759810142077,211.3550095983717,209.1496461257956,209.5787506103516,48068100,57.126714665091725,57.328447844998436,7.2912359433162175,30.51903770151121,203.6477279663086,205.93210397409143,208.7863055419922,209.60271254579433,2.2077683900320153,216.3041777400574,2.2053634725760958,3.6186558713042993,4.00874230534052,210.7363128662109
2025-07-18,210.42696659875529,211.34503189230253,209.25942654413325,210.7363128662109,48974600,62.452916703901124,59.4333061911699,35.61032644848444,35.15255002307322,203.90578399658204,206.12050432280202,208.43108947753908,209.6251600768917,2.2136352120716367,216.05083108075465,2.085605348169281,3.399648653713583,3.871375379828289,212.03358459472656
2025-07-21,211.6543933122032,215.32665448510332,211.18537954340883,212.03358459472656,51377400,67.69946810316216,61.71265586275939,196.460739569665,147.694935394855,204.23483154296875,206.3523898236618,208.08944412231446,209.6728516515023,2.2964911767754757,216.36514522384874,4.59034161889241,3.569747648739129,3.922730111190012,213.9495391845703
2025-07-22,212.6921919281017,214.49838667908327,211.78410018506472,213.9495391845703,46404100,73.967307524173,64.85360608853236,130.09077442534482,151.92665285489753,204.57748260498047,206.6503172495798,207.83353057861328,209.7575385333452,2.4880756613967776,216.8891694855469,2.714286494018552,3.447538912350475,3.8364127099634793,213.7000732421875
2025-07-23,214.54829351655,214.69797228179937,211.9637386583707,213.7000732421875,46989300,71.8494133522411,64.11606972131031,86.84265077321099,121.49886094189178,204.89441528320313,206.92677826889775,207.6056181335449,209.8356085275797,2.5899229099396734,216.98602175674708,2.734233623428679,3.3456381567902187,3.757685632353851,213.31089782714844
2025-07-24,213.45060308663847,215.23685093304425,213.08138530657155,213.31089782714844,46022600,68.29059154347904,62.91403865336511,78.37447147445187,130.93557887833435,204.95369079589844,207.17713589863308,207.32856872558594,209.90442613747214,2.609157639536363,216.96194836522574,2.1554656264727043,3.175613509602002,3.6432413462194835,213.4306488037109
2025-07-25,214.24891808809048,214.7877920897316,212.95164630742312,213.4306488037109,40268800,68.84457544771327,63.14301307914923,59.873543893007856,101.30919812281431,204.97265106201172,207.42237169883222,207.0906869506836,209.9742523288828,2.60404637863806,216.538831314399,1.8361457823084777,2.9842609771314987,3.5141630916544115,213.6002960205078
2025-07-28,213.5803337758995,214.39861831079745,212.6123704732672,213.6002960205078,37858000,69.71894391864103,63.48694930092871,41.38052214866046,80.02820591817841,205.00697875976562,207.6646432408587,206.87543014526366,210.04605517426154,2.583899198605934,215.6174786585819,1.7862478375302544,2.81311624290275,3.390740573502686,210.8261260986328
2025-07-29,213.73000061776605,214.3586818606333,210.3770745937549,210.8261260986328,51411700,45.4071076071323,54.526377280212515,-181.69587725177365,7.77432372795452,205.00338623046875,207.78862296077142,206.63432510375978,210.06150212325898,2.3173669219228543,215.02446612755958,3.981607266878399,2.9800435320421284,3.4329453373152368,208.6107940673828
2025-07-30,211.454797150492,211.9437731540036,207.28358653790625,208.6107940673828,45512500,34.27268597856015,48.62441878636898,-185.97574484330536,-85.78200900720591,204.9592791748047,207.82086496495225,206.3751527404785,210.0327752310634,1.905414954257509,214.88061299827507,4.660186616097349,3.2200639726214457,3.520605428656816,207.1339111328125
2025-07-31,208.0519764228089,209.39913099136336,206.72476887181696,207.1339111328125,80698400,28.78314422271525,45.11824353824887,-141.3130093515558,-122.27919232741877,204.93513031005858,207.793925598986,206.0639389038086,209.97537198159307,1.4431324098331118,215.0162563457395,2.6743621195464016,3.1421065650392963,3.460159478006072,201.95480346679688
2025-08-01,210.4269561886582,213.131269164684,201.07664747870345,201.95480346679688,104434500,17.38842141441802,35.46151483212516,-126.93781491339294,-175.1618711759397,204.84571838378906,207.5649404173315,205.81643920898438,209.8165488426862,0.6513510878830004,215.92103703778614,12.05462168598055,4.415323010888047,4.074049635718535,202.9227752685547
2025-08-04,204.0803265791815,207.44325668811337,201.2562704772093,202.9227752685547,75109300,23.952934903286348,38.12697175692966,-115.16588308423243,-176.3928447334172,204.8708654785156,207.38289472522263,205.64479293823243,209.6800384748816,0.10080391569329095,216.47748488621068,6.1869862109040525,4.668417753747477,4.224973676803215,202.49366760253903
2025-08-05,202.97265486934364,204.908581407206,201.73526982787087,202.49366760253903,44155100,23.00739590286865,37.38975737565752,-99.30512350168131,-153.33582826784524,204.90199981689454,207.19116032825465,205.50732391357423,209.53773410117185,-0.3659160349146191,216.92485530158896,3.1733115793351203,4.454831157402855,4.149854955555494,212.8019561767578
2025-08-06,205.1979708684584,214.9274858636443,205.15804638253505,212.8019561767578,108483100,63.447173648050004,58.26613265257316,81.57098347361786,15.258730384558032,205.26084411621093,207.41119153799988,205.54568908691405,209.60237216207452,0.09490378787910458,217.14510362955207,12.433818261105273,5.594686457931772,4.741566620237621,219.56771850585935
2025-08-07,218.42014073215765,220.38600300495352,216.12496995802368,219.56771850585935,90224800,73.93171042127004,66.22601825030375,175.45494091596547,147.62169952364127,205.6564111328125,207.88791808575908,205.6137417602539,209.79970575304054,0.9945823671714038,218.63619747540247,7.58404682819571,5.878880796540906,4.944600920806056,228.86813354492188
2025-08-08,220.36603010589775,230.5146607452676,218.78934791515115,228.86813354492188,113854000,82.14504384848982,73.66243994325951,152.9472762719957,219.3806973252477,206.23379516601562,208.71067163317724,205.76971572875976,210.17729838258273,2.4300379253778317,222.83461521654908,11.72531283011645,6.714085372765984,5.428937485756798,226.95997619628903
2025-08-11,227.6992650180531,229.3376761213044,224.54232171734583,226.95997619628903,61806100,76.3844097821765,70.2450539659242,100.71965613433704,178.78941196996402,206.78239654541017,209.42633063565222,205.91966354370118,210.5096286363195,3.3747721733651304,225.55784602901002,4.795354403958584,6.439980948650641,5.383681551342639,229.42758178710935
2025-08-12,227.78917070894937,230.57647717809445,226.8500938879156,229.42758178710935,55626200,78.64394118626774,72.05082690731996,85.19439344173455,155.67697599439188,207.3623876953125,210.21069342590545,206.06887435913086,210.8842415699985,4.273335666373725,228.4597500948194,3.726383290178859,6.052324140297529,5.265303104116655,233.10403442382807
2025-08-13,230.8462285986664,234.77241529044048,230.2068337695816,233.10403442382807,69878500,81.68921627605691,74.53085319377789,89.23039744505908,142.3606572851925,207.99894378662108,211.10847150425536,206.2662109375,211.32423746809414,5.221917694122965,231.82749866882483,5.344833503331131,5.951254049302329,5.270983846917689,232.5545654296875
2025-08-14,233.83332460758467,234.89229562265464,230.6264418350812,232.5545654296875,51916300,79.70739252436141,73.48139864682605,82.62233464181146,112.88002447052769,208.59317626953126,211.94949479544877,206.41649490356446,211.74464000198708,5.861767423520746,234.53862813021567,4.265853787573434,5.710482583341059,5.199188842678814,231.3657073974609
2025-08-15,233.77337703316005,234.0531046408583,229.11788646444975,231.3657073974609,56038700,75.10780422679849,71.1471009677774,59.23218001357439,87.79561049314965,209.17261291503905,212.71091489748846,206.53037399291992,212.13317599001627,6.201435745423765,236.64695827947568,4.93521817640854,5.599730525207842,5.180333795088081,230.66639709472656
2025-08-18,231.4756102221476,232.8942332130852,229.88715369469057,230.66639709472656,37476200,72.24675441029311,69.74361557904399,33.31990201301545,73.76775383281958,209.78177124023438,213.4150514542429,206.6071629333496,212.50017046733728,6.3411005803669696,238.38348607452653,3.007079518394619,5.22935180994881,5.025101346752834,230.3367156982422
2025-08-19,231.05601964615852,232.64447617946885,229.1278960385577,230.3367156982422,39402600,70.7641511199137,69.05204512496704,1.6765582943117634,62.17179772952073,210.31867431640626,214.07864613047818,206.70277954101562,212.85336938280074,6.351961971211324,239.8736304847513,3.5165801409111452,4.984670142943429,4.917349832049856,225.7911071777344
2025-08-20,229.75726351111015,230.2467944412184,225.55134937034356,225.7911071777344,42263900,53.20196212535805,60.189917616947746,-155.65416590559707,34.39196878102154,210.8139614868164,214.5379583284098,206.72981903076172,213.10956221042318,5.925471931391144,240.61835887257683,4.785366327898629,4.9561981693656,4.907922438896198,224.68218994140625
2025-08-21,226.05087353353892,226.30063142153253,223.56327948127884,224.68218994140625,30621200,49.691975204562326,58.22666951906675,-150.1423212199388,10.753703776192767,211.2627212524414,214.93577133284103,206.80506683349608,213.33872315559117,5.435339933404521,241.17920000759264,2.7373519402536886,4.639220136635328,4.7528816889931615,227.53941345214844
2025-08-22,225.95095699429652,228.8681272027074,225.1916985271248,227.53941345214844,42477800,58.01792230592279,61.69365422253436,-56.82859091040659,21.71287717478494,211.84626220703126,215.430031808108,206.86673080444336,213.6199249436418,5.2173188482787225,241.98491574521384,4.185937261301149,4.574465440159017,4.712385658443732,226.94000244140625
2025-08-25,226.26065308481304,229.0779292721956,226.01089520624416,226.94000244140625,30983100,55.759313135074905,60.55814524131042,-37.16205382351599,7.188549907474429,212.40943267822266,215.88140320549226,206.91183685302735,213.88368885448858,4.939231719778746,242.6368386460988,3.0670340659514466,4.359118100986507,4.594860544694283,229.08792114257807
2025-08-26,226.65028173376103,229.26775474756235,224.4724002828088,229.08792114257807,54575100,61.951650999832864,63.17382458298178,-15.895099447951784,-12.38239323145527,213.0704458618164,216.39930586969172,206.97144592285156,214.18476276118344,4.836413589910364,243.34443757765024,4.795354464753558,4.421437581524657,4.609181538984231,230.26678466796875
2025-08-27,228.38860049855515,230.676376013076,228.03893336267103,230.26678466796875,31259500,65.08121864230117,64.56286890271622,91.19905664532551,23.62092016983722,213.71571899414062,216.94312856766336,207.24913818359374,214.50321864052572,4.7947826458576515,243.87275115479554,2.637442650404978,4.166581162793274,4.468343046942856,232.33477783203125
2025-08-28,230.59647266873003,233.1839607581121,229.11789497993007,232.33477783203125,38074700,70.11241937335244,66.92005826653511,157.5651465936131,70.51790775108041,214.45783538818358,217.54672265646212,207.6951055908203,214.8563188225357,4.8724925273272675,244.2520166247828,4.066065778182036,4.152221822134526,4.439608956317083,231.9151763916016
2025-08-29,232.284813175836,233.15398096397084,231.145917853049,231.9151763916016,39418400,67.79994685234175,65.96132489882467,108.46527716165834,76.26842600335026,215.17279907226563,218.11019143038916,208.205841217041,215.1941179823192,4.844376877648614,243.29638084811828,2.0080631109218245,3.8459134348184256,4.265927110217421,229.49752807617188
2025-09-02,229.02798202980685,230.6264386017744,226.75019132336067,229.49752807617188,44075600,55.4959580823635,60.576329618135155,-9.863612123300406,-22.034674681939688,215.75119537353515,218.55675365179243,208.78249221801758,215.4773538257618,4.574281538605135,241.36211736103547,5.164985068240924,4.034352239593068,4.330145535790529,238.2390594482422
2025-09-03,236.9802851593088,238.6186963224971,234.133039090421,238.2390594482422,66427800,74.79270247153934,70.08573515649299,169.27721355722954,193.91444232118724,216.49444366455077,219.328608781065,209.18315933227538,215.9280806697713,5.007869954635339,238.93424812566775,9.121168246325226,4.761040240554805,4.6723614436858645,239.5477752685547
2025-09-04,238.2190615253141,239.66765417218173,236.51072617258424,239.5477752685547,47549400,76.56734432782453,71.2055534660612,133.15708120485186,192.4017913459264,217.2878155517578,220.12151727077048,209.68092651367186,216.39579739449968,5.394905218334827,238.5242697964439,3.1569279995974853,4.531881348989473,4.564116197679551,239.45787048339844
2025-09-05,239.7675678194568,241.0862967595893,238.25903569310344,239.45787048339844,54870400,76.13773998872841,71.00889884940213,98.80477532338924,166.80050437767753,218.05424255371094,220.87980563205002,210.10075790405273,216.85247210913136,5.629485681752612,239.08202644257432,2.827261066485846,4.288364165774669,4.440055116880001,237.64962768554688
2025-09-08,239.06825064349684,239.9174183063481,236.11111057683257,237.64962768554688,48999500,67.27984038746771,67.00088303715354,51.46526879186342,107.39824932647858,218.79568084716797,221.53744571257934,210.45895584106447,217.26429697203065,5.604872822416496,239.9636706671967,3.806307729515538,4.219498960594793,4.394787446353968,234.123046875
2025-09-09,236.7704743513664,238.5487492683241,233.13400016518185,234.123046875,66313900,53.19772963322612,59.899811565679016,-7.832714242397516,54.8169395238511,219.46499084472657,222.03099869934093,210.78567489624024,217.5981336037726,5.240393362865518,240.152523188588,5.414749103142242,4.390248980958714,4.467641850410273,226.5703582763672
2025-09-10,231.96513778704136,232.19491077497392,225.73117543382176,226.5703582763672,83440800,34.93023912368395,48.133872764577,-123.77544354698678,-58.346583000615155,219.9016192626953,222.20901280040079,211.11529891967774,217.77580141907148,4.292619272866347,240.25405763387252,8.391871441178239,4.961909332418647,4.747943964036557,229.8072204589844
2025-09-11,226.6602772530751,230.22681187017156,226.43048902665416,229.8072204589844,50208600,44.46522826860141,52.44512549134985,-110.82639407259796,-55.55773827802014,220.3500961303711,222.50698172818838,211.45028396606446,218.01404734065392,3.7593537152368697,240.0926729400935,3.7963228435174017,4.795396976861326,4.6799710268566175,233.84332275390625
2025-09-12,228.9980136278554,234.28288383192944,228.7982103662064,233.84332275390625,55824200,54.223415077265884,57.22020888104223,-34.881939181684466,-3.2229147442823094,220.78708923339843,222.95154412135378,211.86369995117187,218.32749833893615,3.62067970113074,240.20890053781335,5.484673465723034,4.893865046698713,4.737449772489932,236.47076416015625
2025-09-15,236.7704766731017,237.95932665324483,234.8023833057073,236.47076416015625,42699500,59.61308842663288,60.03363871533208,42.378114881148754,58.944261801859334,221.2544778442383,223.48170961307153,212.2378143310547,218.68677092945538,3.6803671276016985,240.730103576279,4.11600389933858,4.7827420256472655,4.6930607815505505,237.9193572998047
2025-09-16,236.9502954777413,240.98639147239973,236.09114297984144,237.9193572998047,63421100,62.456343341422965,61.53558575660305,83.93178616502998,80.24207364870094,221.8226870727539,224.0478918752964,212.57798034667968,219.06761422391776,3.8007465625853456,241.46778643105827,4.895248492558295,4.798814378063127,4.707502760908247,238.7585601806641
2025-09-17,238.73857528095925,239.86748583209587,237.4997706474641,238.7585601806641,46508000,64.16160504125607,62.4167553571528,86.39105449874691,76.42809235513066,222.4064828491211,224.62478082844808,212.88896697998047,219.45753394583352,3.918692542739791,242.28270145571855,2.367715184631777,4.4515144932872195,4.540375076888499,237.64962768554688
2025-09-18,239.737599946219,240.9664044724694,236.4208079152849,237.64962768554688,44249600,59.962839790888346,60.44618429476556,64.92374500608506,62.24479908572487,222.94554748535157,225.1355591365696,213.17979537963868,219.81777342582782,3.877981045612273,242.60503059763636,4.545596557184496,4.464954788129687,4.540748039766784,245.26223754882807
2025-09-19,240.9963687007352,246.0614658116388,239.9773675285625,245.26223754882807,163741300,73.73077655166824,67.93111688990015,132.77247721670886,142.77475647497423,223.61151733398438,225.92484064293268,213.5381788635254,220.3216242005407,4.409164778601877,244.199537151876,8.411838126091936,5.028795264981437,4.817254474504296,255.8319854736328
2025-09-22,248.05953649140056,256.3914711896616,247.8797028858207,255.8319854736328,105517400,83.1287012211115,75.00386396358805,183.4160665081066,265.4666862540298,224.51382995605468,227.09766985197973,213.99159637451172,221.024799671295,5.61825825253996,248.91747059462753,11.129233640833547,5.900286461531739,5.268110129242099,254.18359375
2025-09-23,255.63220171436936,257.0907792625319,253.33442606621003,254.18359375,60275200,78.04837967115276,72.32486584610947,122.74033471678095,206.86382315046268,225.43386810302735,228.15986294601976,214.41567398071288,221.6814094550317,6.370032338184103,251.93939947814968,3.756353196321868,5.594010280787472,5.160127491176368,252.06564331054688
2025-09-24,254.9728287261993,255.4923293909784,250.79686899703333,252.06564331054688,42303700,71.49841748413496,68.91869918360564,69.062190590204,133.06653338824668,226.301767578125,229.09734452894241,214.81039993286132,222.28307745217063,6.717482856402654,254.00332384455083,4.695460393945069,5.465646011238557,5.126936984231276,256.6212158203125
2025-09-25,252.9647721258288,256.9209435623003,251.466224879955,256.6212158203125,55202100,76.45655787538384,71.97588615109251,68.21052565472147,119.27019104761443,227.2398226928711,230.17671203056477,215.33011001586914,222.9630405881734,7.276556905855443,256.81123682957855,5.454718682345288,5.4640849642538045,5.150349962667991,255.2126007080078
2025-09-26,253.8539172209246,257.3505275669758,253.5342198150173,255.2126007080078,46076300,71.94186993493086,69.69319451374187,60.102274467820266,99.27156464435267,228.15249969482423,231.15851158654294,215.9001138305664,223.6016457390612,7.519286002241671,258.9295348649267,3.8163077519585045,5.2286882196401905,5.055061233331599,254.18359375
2025-09-29,254.3134727315257,254.75304905914027,252.76497075706976,254.18359375,40127700,68.49485093352774,67.99667615958649,30.68975082769039,75.25786882967786,229.0214453125,232.0614559851099,216.463614654541,224.20722886799066,7.541682477093616,260.51176891342857,2.447629950938051,4.83139418125417,4.86881614173206,254.38340759277344
2025-09-30,254.61318058017173,255.67215158054225,252.8648753735947,254.38340759277344,37704300,68.83315625522549,68.15876385765738,6.959755642947275,67.26278091728695,229.86844177246093,232.93682663639083,217.05163665771485,224.80477696155074,7.4892240391265545,261.6697526315031,2.8072762069475345,4.542234470638936,4.721563289247451,255.20260620117188
2025-10-01,254.7929996074261,258.53938316103813,254.6831055272507,255.20260620117188,48713900,70.35573045902993,68.85521181212135,122.8497619423863,72.15360621261941,230.69350311279297,233.8099944624607,217.63549285888672,225.40671417421652,7.428126017581576,263.1237551243659,4.155975568264694,4.487054627442616,4.6811641663201105,256.8809814453125
2025-10-02,256.33149581258533,257.9299523535748,253.9038565188199,256.8809814453125,42630200,73.45535578965155,70.2890490101579,95.41360998326415,66.54669931707295,231.55712127685547,234.71473905002352,218.22576828002929,226.02996699146595,7.429493672398507,264.70051542784284,4.026095834754869,4.421203371344366,4.634373571208307,257.7701110839844
2025-10-03,254.42336451804397,258.9889308017334,253.70406057825727,257.7701110839844,49155600,75.06663970818488,71.04943176651915,110.38075228725765,67.67505567087433,232.4463055419922,235.61887128664944,218.6999981689453,226.65848469626832,7.416826322734323,266.2534017643718,5.284870223476105,4.544584350220329,4.680837617798864,256.44140625
2025-10-06,257.7401350456914,258.819106172963,254.8029951481629,256.44140625,44664100,67.88267292267692,68.23885439874499,73.40104820038496,64.45404737525256,233.30652069091798,236.43544128521222,219.13958587646485,227.24824551911448,7.216385975725359,267.3835734224636,4.016111024800125,4.469088160874585,4.633357146870383,256.23162841796875
2025-10-07,256.56129542181253,257.15072039039774,255.18262697514496,256.23162841796875,31955800,66.70678689502978,67.78295273141399,30.620859295899752,58.33175839254425,234.1591473388672,237.2117623492419,219.5830630493164,227.8221738933492,6.960373387043745,268.0976897737541,1.9680934152527811,4.111803197214328,4.442981166040554,257.8100891113281
2025-10-08,256.2715719294531,258.2696351050741,255.8619653198879,257.8100891113281,36496900,71.10125438406683,69.43752895951921,119.31609419424946,92.48802958598493,235.09882659912108,238.0195398693237,220.05110641479493,228.41599399667552,6.8063903214552965,267.6924800204088,2.4076697851861866,3.868355566924593,4.297601781693814,253.79396057128903
2025-10-09,257.5603136690899,257.75013209688524,252.8948383011137,253.79396057128903,38322000,51.0856042123007,60.87160326513451,-186.58453536425742,-27.243600197588684,236.0024899291992,238.63814460273412,220.48088455200195,228.918527988252,6.287807690561408,266.716448193607,4.915250810214417,4.01791203025171,4.341719569445286,245.032470703125
2025-10-10,254.69310389004832,256.1317117503244,243.76369637579657,245.032470703125,61999100,29.761682859534233,47.193710084604454,-221.0411496346798,-294.0079177039003,236.76046112060547,238.88890248902396,220.84779571533204,229.23761596280394,5.110932560741901,265.6727713007737,12.368015374527857,5.210783936576874,4.915026412665469,247.42015075683597
2025-10-13,249.1384861966953,249.44818352992385,245.32217845998096,247.42015075683597,38142900,37.99107400673396,50.46062512905471,-125.421294211067,-214.51255562409705,237.66976806640625,239.22346124462445,221.25774322509767,229.59766615674516,4.321105354361777,264.7862766428339,4.415712826798853,5.097202349465728,4.8793611565321395,247.5300445556641
2025-10-14,246.36117950382103,248.60900042906025,244.46301046499008,247.5300445556641,35478000,38.37874915515234,50.61207006187242,-88.02779573629911,-170.98261153329244,238.56191345214845,239.54920960976324,221.71638946533204,229.95276275870393,3.6618179560575186,263.9098176768643,4.145989964070168,4.961314865837791,4.826977499927714,249.09852600097656
2025-10-15,249.24838988167792,251.5761352503302,247.2303418581919,249.09852600097656,33893600,44.188898977615445,52.828601324064856,-36.03569461836002,-88.7878408068295,239.4940106201172,239.92369260549708,222.19800521850587,230.3318867833034,3.2286731529545136,262.9099200652597,4.34579339213829,4.873383226737862,4.792607206514183,247.2103576660156
2025-10-16,248.0095859666744,248.79881419551728,244.8926123625184,247.2103576660156,39777000,39.02153256359487,49.92386164922989,-62.443254484888215,-107.77471622699136,240.18217864990234,240.2094441764978,222.72151138305665,230.6661139294957,2.7018975779002403,261.3145433396876,4.205913638458156,4.7780304284121895,4.750700523081609,252.045654296875
2025-10-17,247.77980070207627,253.13461023404025,247.03052706557392,252.045654296875,49147000,54.80966712486411,56.51742856838273,49.46653794481098,-34.61473559116043,240.83173736572266,240.6736092792577,223.24407424926758,231.08947116449332,2.6441124844886588,260.90651963546355,6.104083168466332,4.96746653413421,4.847370712037661,261.98602294921875
2025-10-20,255.64218177653177,264.1239650925819,255.3824390623343,261.98602294921875,90483000,72.12166783569756,66.33199332477432,218.22604257962618,116.42882446413113,241.4940951538086,241.50939020749146,223.8639451599121,231.70128407112156,3.3616708082478794,262.0533371140666,12.078310795706898,5.983301428644594,5.363866432299749,262.5155029296875
2025-10-21,261.6263807259345,265.0330818858,261.5764108568555,262.5155029296875,46695900,72.76992073687275,66.7623395608741,132.03972317570586,135.374550861405,242.20520568847655,242.33315933385208,224.49380111694336,232.31146662277632,3.9277884585439438,263.32607533609035,3.456671028944527,5.622354228687441,5.227638189202947,258.19970703125
2025-10-22,262.3956210979312,262.5954395959732,255.18261234613632,258.19970703125,45015300,59.59257412677992,60.02722610171065,54.76561878983849,67.50718283349322,242.78064819335938,242.9553768906128,225.07151794433594,232.82410504670648,3.982286791424258,263.7639950251231,7.412827249836852,5.878136088851642,5.383723122105368,259.3285827636719
2025-10-23,259.6882499566228,260.36758405794774,257.76012648314656,259.3285827636719,32754900,61.70854629350582,61.13175781911616,44.09834325388295,69.97435167723916,243.30513916015624,243.59746339543864,225.65204147338866,233.3489461896167,4.06965549479807,264.1042924834723,2.607457574801174,5.410896301130147,5.185418440155068,262.56549072265625
2025-10-24,260.93706434715574,263.87421967110856,258.9290010880386,262.56549072265625,38253700,67.41646711401421,64.18750474144201,62.777612260993365,94.79140735219363,243.90535766601562,244.34130760434914,226.24926696777345,233.9274916259145,4.349943797647541,265.1026494927304,4.945218583069959,5.344370912835834,5.168261307506133,268.5496520996094
2025-10-27,264.6234656652487,268.8593494221352,264.3936774471076,268.5496520996094,44888200,75.34372914599007,69.03436118206038,138.80243692842322,135.71233064667268,244.6490365600586,245.2906544473005,226.91082473754884,234.6130789620273,4.997339884962969,267.42889162101835,6.29385869947896,5.480012025213424,5.248661121218477,268.7394714355469
2025-10-28,268.7294713644567,269.6286240979669,267.8902885694659,268.7394714355469,41534800,75.56373980710833,69.17686425511737,129.36265907622308,125.91184509637617,245.410498046875,246.21021589781998,227.59613464355468,235.2888491100178,5.462751582621479,269.4482766188207,1.7383355285010111,4.945486811397365,4.997923578881516,269.4388122558594
2025-10-29,269.01920560410514,271.1471476128123,266.85129379808274,269.4388122558594,51086700,76.46635121896438,69.72957238702917,91.11138198696489,108.29981477375182,246.19253997802736,247.12114124519408,228.2556071472168,235.96508600399486,5.820924669499959,271.3439199031764,4.295853814729583,4.852682097587682,4.94777573858495,271.1371459960937
2025-10-30,271.7265709290392,273.87451306817263,268.2199910571769,271.1371459960937,69886500,78.69586858916958,71.08555087722928,88.18506614639021,112.19994994729967,247.09946075439453,248.0629453530725,228.95671112060546,236.66156243948197,6.170688900098696,273.3303388955135,5.65452201099572,4.967230656645973,4.998257615185719,270.108154296875
2025-10-31,276.721738255342,277.05143573891627,268.89933466249033,270.108154296875,86167100,73.75664837702263,69.06682543677996,88.77384734082,107.42680660659201,248.0079800415039,248.9274633508687,229.63535064697265,237.3238711891333,6.2923146557571386,274.86247644704827,8.152101076425936,5.422212145185967,5.223532148131449,268.7894287109375
2025-11-03,270.15812755648943,270.5877038096653,265.9921525413924,268.7894287109375,50194600,67.42899749395733,66.46189640226848,2.985470772108081,65.85210663033786,248.83298034667968,249.70636395322435,230.33962127685547,237.94695153609973,6.210700717799341,276.071383479706,4.595551268272914,5.304117734198388,5.178676370998696,269.7784729003906
2025-11-04,268.0701070960229,271.2270502723956,267.36080327265466,269.7784729003906,49274800,69.70328288260052,67.45336384434316,0.10545299637264506,66.68738715409502,249.68974975585937,250.4935054805642,231.049591217041,238.57727869182827,6.154879069637218,277.3358612413564,3.8662469997409517,5.098707629275897,5.084931415908857,269.8783874511719
2025-11-05,268.3498399683747,271.43687417180433,266.67147434431234,269.8783874511719,43683100,69.95057475269678,67.55770346960779,-27.158767908185734,56.914026742372855,250.50555908203125,251.25369693039195,231.78800247192382,239.19710262765685,6.048973479605138,278.47267997242307,4.76539982749199,5.051092229021053,5.062107731021938,269.5087280273437
2025-11-06,267.6305743388968,273.1352174017799,267.6305743388968,269.5087280273437,51204000,67.56996720146196,66.7056564693699,10.538805968291198,61.34700827153068,251.29039794921874,251.96958050282143,232.50305847167968,239.79733283359124,5.867576342726409,279.44641722693785,5.504643062883133,5.115885205287065,5.093717397583452,268.2099914550781
2025-11-07,269.5386899523433,272.02629915101613,266.51162568814635,268.2099914550781,48227400,59.29810297615708,63.66749796045445,-66.62110978111325,36.72318912867045,252.0079022216797,252.60645936369423,233.23286880493163,240.359959736987,5.554986194475703,279.3337322295032,5.51467346286978,5.17285495637031,5.123785687961047,269.42999267578125
2025-11-10,268.9599914550781,273.7300109863281,267.4599914550781,269.42999267578125,41312400,64.112861438478,65.26780696946025,33.3391398136221,56.05888288638432,252.7581985473633,253.2662057680898,233.96549880981445,240.9356039535968,5.344096731891227,279.31825353683627,6.27001953125,5.329592752781695,5.205659533910258,275.25
2025-11-11,269.8099975585937,275.9100036621094,269.79998779296875,275.25,46208300,78.35999046352299,71.67690845998033,217.36545428025838,137.42502236642008,253.67324798583985,254.12831534581176,234.7122216796875,241.6150969446147,5.582242646249654,279.81800981182005,6.480010986328125,5.493938214716899,5.2966846376543915,273.4700012207031
2025-11-12,275.0,275.7300109863281,271.70001220703125,273.4700012207031,48398000,68.63719762836504,67.57013643198155,116.26296169597175,142.59578449490556,254.37786682128908,254.88681283110162,235.4361552429199,242.24588712829961,5.563214697654985,279.7278431745769,4.029998779296875,5.284804009656896,5.206207076343141,272.95001220703125
2025-11-13,274.1099853515625,276.70001220703125,272.0899963378906,272.95001220703125,49602800,65.85242535860982,66.373735514679,83.75702082125669,133.70412790106087,255.04591156005858,255.595173590942,236.1668635559082,242.85388960510616,5.44342769754968,278.4166336195364,4.610015869140625,5.188405703868858,5.163621990114389,272.4100036621094
2025-11-14,271.04998779296875,275.9599914550781,269.6000061035156,272.4100036621094,47431300,62.76700187604379,65.0849121172208,28.836151362828133,71.26699015192487,255.70495422363283,256.2545786917721,236.87959838867187,243.43915919039335,5.244466514994201,277.3000840136991,6.3599853515625,5.355774224967949,5.249076515932111,267.4599914550781
2025-11-17,268.82000732421875,270.489990234375,265.7300109863281,267.4599914550781,45018300,41.81493539440184,54.61588250713512,-111.72252457983294,-106.71384025587713,256.30116149902346,256.6940066432743,237.5484211730957,243.9148192352386,4.633946477787333,277.1435637798712,6.67999267578125,5.54494828936985,5.351284813064192,267.44000244140625
2025-11-18,269.989990234375,270.7099914550781,265.32000732421875,267.44000244140625,45677300,41.74927910354894,54.57770468494667,-100.85615997947879,-101.20156324373544,256.9675006103516,257.115418243201,238.21624572753908,244.3806644472419,4.101215741246449,276.9832246342625,5.389984130859375,5.522810552439782,5.354049050049562,268.5599975585937
2025-11-19,265.5299987792969,272.2099914550781,265.5,268.5599975585937,40424500,47.17158539060356,56.41605462214361,-62.41608526020186,-60.02053768987622,257.8072933959961,257.5642252751772,238.8544563293457,244.85946312271423,3.726440948561276,275.99861737752036,6.709991455078125,5.692407824245259,5.450902078980173,266.25
2025-11-20,270.8299865722656,275.42999267578125,265.9200134277344,266.25,45823600,38.53925201929712,51.7627987598053,-36.981028415157425,-39.79859464402935,258.5361489868164,257.90484389183695,239.44312255859376,245.28303811038327,3.206074101201523,274.86391847608274,9.509979248046875,6.2377751705026325,5.740836162484937,271.489990234375
2025-11-21,265.95001220703125,273.3299865722656,265.6700134277344,271.489990234375,59030800,58.59274152133667,59.852250180796624,3.7436483601932564,-9.280712041636955,259.2890823364258,258.43759472879924,240.0380857849121,245.801987657393,3.179847739759225,274.3246734149931,7.65997314453125,6.440946309649577,5.877917375488245,275.9200134277344
2025-11-24,270.8999938964844,277.0,270.8999938964844,275.9200134277344,65585800,68.67408112086997,65.17024165307902,149.27206139173506,122.56629654306839,260.0780673217773,259.1231797758163,240.6662725830078,246.39838420730075,3.4764546031734653,275.352693736492,6.100006103515625,6.392240565916156,5.893780856061629,276.9700012207031
2025-11-25,275.2699890136719,280.3800048828125,275.25,276.9700012207031,46914200,70.65002473154242,66.30933405847571,149.39593807726214,161.52994708978895,260.8590802001953,259.8230551265962,241.34088363647462,247.00376276202158,3.7529808915761578,276.4771689157108,5.1300048828125,6.211921182615634,5.839225429400977,277.54998779296875
2025-11-26,276.9599914550781,279.5299987792969,276.6300048828125,277.54998779296875,33431400,71.79647342110434,66.95227115693166,99.39590931835616,136.43681413089453,261.6349087524414,260.51822895665003,242.02069580078125,247.60863850520866,3.9731302641342268,277.56636069837907,2.899993896484375,5.7387887131683115,5.6292803199069334,278.8500061035156
2025-11-28,277.260009765625,279.0,275.989990234375,278.8500061035156,20135600,74.41037441622251,68.40758906656109,75.27838791794615,117.72883813691494,262.45891632080077,261.2371221780958,242.70223190307618,248.2272794477494,4.204039292887046,278.77886451801095,3.010009765625,5.348963149233553,5.442189566029652,283.1000061035156
2025-12-01,278.010009765625,283.4200134277344,276.1400146484375,283.1000061035156,46587700,81.09353962666985,72.6481821027191,101.90846273665241,150.35490899695307,263.21567169189456,262.0944901751711,243.41359451293945,248.91782849043784,4.676072984441134,280.9694386225325,7.279998779296875,5.624825382099742,5.573461652691597,286.19000244140625
2025-12-02,283.0,287.3999938964844,282.6300048828125,286.19000244140625,53669500,84.52232184594156,75.24943545795027,161.36407020740685,179.10863846070157,263.82283203125,263.03941222482734,244.16833099365235,249.65589134095205,5.2391068041008,283.5971122077111,4.769989013671875,5.50270590089576,5.516070749904474,284.1499938964844
2025-12-03,286.20001220703125,288.6199951171875,283.29998779296875,284.1499938964844,43538700,74.16286505444731,70.48355687027924,106.90072541353797,137.9917686489111,264.4221600341797,263.8672781727355,244.92801406860352,250.33894287670515,5.457789521856341,285.246492135125,5.32000732421875,5.476606104227615,5.502066219498351,280.70001220703125
2025-12-04,284.1000061035156,284.7300109863281,278.5899963378906,280.70001220703125,43989100,59.720974657915164,63.194241794354,10.694037861084034,71.99250705425469,264.9948474121094,264.5273853897667,245.6483074951172,250.94015217037497,5.291712889351061,286.0236750457827,6.1400146484375,5.571378753400457,5.547633964422576,278.7799987792969
2025-12-05,280.5400085449219,281.1400146484375,278.04998779296875,278.7799987792969,47265800,53.01762216904751,59.50590049462505,-49.97236753403329,41.104705363286584,265.4380230712891,265.0863114050424,246.33892288208008,251.49143626164076,4.948127984869814,286.4269617620872,3.09002685546875,5.216899910838785,5.3720905994973025,277.8900146484375
2025-12-08,278.1300048828125,279.6700134277344,276.1499938964844,277.8900146484375,38211800,49.983608304085784,57.8212728539683,-88.47809183722465,16.625599811117866,265.89157135009765,265.5884174145873,247.02203552246092,252.01418038811195,4.551552724653675,286.5831232608117,3.52001953125,4.974488428040387,5.239799808908209,277.17999267578125
2025-12-09,278.1600036621094,280.0299987792969,276.9200134277344,277.17999267578125,32193300,47.45591718644209,56.44827834509748,-85.4678832530108,10.133700671280208,266.3514993286133,266.04298899345764,247.68647232055665,252.51251330469944,4.132336135786318,286.6758232947552,3.1099853515625,4.708130845686403,5.0876702048120865,278.7799987792969
2025-12-10,277.75,279.75,276.44000244140625,278.7799987792969,33038300,53.62194612597971,58.82123085960504,-60.144620400653075,3.959012238395839,266.83943115234376,266.5424795732945,248.35393646240234,253.0326615319192,3.88443375520734,286.9350089726626,3.30999755859375,4.508397518958882,4.960693587225063,278.0299987792969
2025-12-11,279.1000061035156,279.5899963378906,273.8099975585937,278.0299987792969,33248000,50.38826241329323,57.246674217762475,-78.19663592610634,-38.81404184151527,267.29597900390627,266.9929705225495,248.9947410583496,253.527658309095,3.5861121321872247,287.14919380103845,5.779998779296932,4.690054841864318,5.019215386658769,278.2799987792969
2025-12-12,277.8999938964844,279.2200012207031,276.82000732421875,278.2799987792969,39532900,51.52509744219148,57.653589696124556,-33.03123059828749,-34.1320315856231,267.7239593505859,267.43559908163763,249.6405403137207,254.01780366494054,3.3314600100810026,287.36275523334535,2.399993896484375,4.362903278238612,4.832128137360598,274.1099853515625
2025-12-15,280.1499938964844,280.1499938964844,272.8399963378906,274.1099853515625,50409100,35.634811578737796,49.23581057085326,-178.1117817350629,-109.32731193688093,268.0507568359375,267.69733971967395,250.24853118896485,254.41566864883404,2.7613302391519596,287.35264888884257,7.30999755859375,4.783916746860775,5.009118810305823,274.6099853515625
2025-12-16,272.82000732421875,275.5,271.7900085449219,274.6099853515625,37648600,38.29676330163714,50.17517516678357,-162.76569066072324,-142.22932077317552,268.41412841796875,267.96842386210096,250.86032455444337,254.815556108294,2.323065259202963,286.96411559320796,3.709991455078125,4.630498848034682,4.916323999218131,271.8399963378906
2025-12-17,275.010009765625,276.1600036621094,271.6400146484375,271.8399963378906,50138700,30.219103802076845,45.18657308662324,-118.48832554879961,-139.90499293579964,268.7262957763672,268.1202502337006,251.44272155761718,255.15267373660285,1.732253797933538,286.5432348408838,4.519989013671875,4.614711728839994,4.888014357393398,272.19000244140625
2025-12-18,273.6099853515625,273.6300048828125,266.95001220703125,272.19000244140625,51630700,32.323397622672815,45.91825599251338,-130.18485290732795,-162.42757987922187,269.01389404296873,268.279848359493,252.05636032104493,255.4900465822425,1.2775472562172467,286.204692402669,6.67999267578125,4.909751864117317,5.016012808706816,273.6700134277344
